<?xml version="1.0" encoding="utf-8"?>
<COLLADA xmlns="http://www.collada.org/2005/11/COLLADASchema" version="1.4.1" xmlns:xsi="http://www.w3.org/2001/XMLSchema-instance">
  <asset>
    <contributor>
      <author>Blender User</author>
      <authoring_tool>Blender 3.0.1 commit date:2022-01-25, commit time:17:19, hash:dc2d18018171</authoring_tool>
    </contributor>
    <created>2024-12-03T21:44:54</created>
    <modified>2024-12-03T21:44:54</modified>
    <unit name="meter" meter="1"/>
    <up_axis>Z_UP</up_axis>
  </asset>
  <library_effects>
    <effect id="miiFighterB24B-effect">
      <profile_COMMON>
        <newparam sid="miiFighterB24B_ALB_png-surface">
          <surface type="2D">
            <init_from>miiFighterB24B_ALB_png</init_from>
          </surface>
        </newparam>
        <newparam sid="miiFighterB24B_ALB_png-sampler">
          <sampler2D>
            <source>miiFighterB24B_ALB_png-surface</source>
          </sampler2D>
        </newparam>
        <technique sid="common">
          <lambert>
            <emission>
              <color sid="emission">0 0 0 1</color>
            </emission>
            <diffuse>
              <texture texture="miiFighterB24B_ALB_png-sampler" texcoord="Skl_Root__miiFighterB24B-texcoord"/>
            </diffuse>
            <index_of_refraction>
              <float sid="ior">1.45</float>
            </index_of_refraction>
          </lambert>
        </technique>
      </profile_COMMON>
    </effect>
    <effect id="miiFighterB24A-effect">
      <profile_COMMON>
        <newparam sid="miiFighterB24A_ALB_png-surface">
          <surface type="2D">
            <init_from>miiFighterB24A_ALB_png</init_from>
          </surface>
        </newparam>
        <newparam sid="miiFighterB24A_ALB_png-sampler">
          <sampler2D>
            <source>miiFighterB24A_ALB_png-surface</source>
          </sampler2D>
        </newparam>
        <technique sid="common">
          <lambert>
            <emission>
              <color sid="emission">0 0 0 1</color>
            </emission>
            <diffuse>
              <texture texture="miiFighterB24A_ALB_png-sampler" texcoord="Skl_Root__miiFighterB24A-texcoord"/>
            </diffuse>
            <index_of_refraction>
              <float sid="ior">1.45</float>
            </index_of_refraction>
          </lambert>
        </technique>
      </profile_COMMON>
    </effect>
    <effect id="miiShadow-effect">
      <profile_COMMON>
        <newparam sid="miiShadow_png-surface">
          <surface type="2D">
            <init_from>miiShadow_png</init_from>
          </surface>
        </newparam>
        <newparam sid="miiShadow_png-sampler">
          <sampler2D>
            <source>miiShadow_png-surface</source>
          </sampler2D>
        </newparam>
        <technique sid="common">
          <lambert>
            <emission>
              <color sid="emission">0 0 0 1</color>
            </emission>
            <diffuse>
              <texture texture="miiShadow_png-sampler" texcoord="shadow00__miiShadow-texcoord"/>
            </diffuse>
            <index_of_refraction>
              <float sid="ior">1.45</float>
            </index_of_refraction>
          </lambert>
        </technique>
      </profile_COMMON>
    </effect>
  </library_effects>
  <library_images>
    <image id="miiFighterB24A_ALB_png" name="miiFighterB24A_ALB_png">
      <init_from>miiFighterB24A_ALB.png</init_from>
    </image>
    <image id="miiFighterB24B_ALB_png" name="miiFighterB24B_ALB_png">
      <init_from>miiFighterB24B_ALB.png</init_from>
    </image>
    <image id="miiShadow_png" name="miiShadow_png">
      <init_from>miiShadow.png</init_from>
    </image>
  </library_images>
  <library_materials>
    <material id="miiFighterB24B-material" name="miiFighterB24B">
      <instance_effect url="#miiFighterB24B-effect"/>
    </material>
    <material id="miiFighterB24A-material" name="miiFighterB24A">
      <instance_effect url="#miiFighterB24A-effect"/>
    </material>
    <material id="miiShadow-material" name="miiShadow">
      <instance_effect url="#miiShadow-effect"/>
    </material>
  </library_materials>
  <library_geometries>
    <geometry id="Skl_Root__miiFighterB24B-mesh" name="Skl_Root__miiFighterB24B">
      <mesh>
        <source id="Skl_Root__miiFighterB24B-mesh-positions">
          <float_array id="Skl_Root__miiFighterB24B-mesh-positions-array" count="351">0 6.02801 -0.72354 0.739868 4.72236 -1.40883 1.3649 4.59172 -1.19607 0 4.72236 -1.53347 1.36007 5.92515 -0.445542 -0.739868 4.72236 -1.40883 1.39817 6.14089 0.0153743 -1.3649 4.59172 -1.19607 1.34586 5.84472 0.339405 -1.36007 5.92515 -0.445542 1.12577 5.38956 0.733834 -1.39817 6.14089 0.0153743 0.858937 5.03653 0.938493 -1.34586 5.84472 0.339405 0.484797 4.83784 1.18085 -1.12577 5.38956 0.733834 0 4.7536 1.18582 -0.858937 5.03653 0.938493 -0.484797 4.83784 1.18085 1.0374 3.25265 -1.80474 0 3.25265 -1.89775 1.98994 4.46109 -0.944972 -1.98994 4.46109 -0.944972 -1.0374 3.25265 -1.80474 -1.86756 3.10366 -1.43601 1.86756 3.10366 -1.43601 0 2.33371 -2.16691 1.10636 2.28597 -2.03706 -2.69262 2.97156 -1.12328 0 1.4622 -2.29931 2.11574 2.14106 -1.64231 1.04497 1.26358 -2.14252 -1.10636 2.28597 -2.03706 2.69262 2.97156 -1.12328 -2.11574 2.14106 -1.64231 -2.98944 1.99614 -1.24755 2.09482 0.931263 -1.7315 -1.04497 1.26358 -2.14252 2.98944 1.99614 -1.24755 -2.79189 1.10747 -1.331 2.79189 1.10747 -1.331 -2.09482 0.931263 -1.7315 0 5.88345 -1.18871 1.14322 5.9439 -0.679711 1.4632 4.75915 -1.40359 0.745392 6.32843 -0.501621 0.789896 4.91106 -1.64038 0 6.4796 -0.795814 0 4.98217 -1.6674 -0.745392 6.32843 -0.501621 -0.789896 4.91106 -1.64038 -1.14322 5.9439 -0.679711 -1.4632 4.75915 -1.40359 1.9064 4.58027 -1.1502 1.25649 6.23157 0.131763 1.36007 5.92515 -0.445542 1.39817 6.14089 0.0153743 0 3.41572 -2.18685 1.10199 3.35852 -2.076 0 6.75653 -0.02501934 -1.9064 4.58027 -1.1502 -1.10199 3.35852 -2.076 -1.9662 3.21557 -1.76639 1.98994 4.46109 -0.944972 1.9662 3.21557 -1.76639 2.65046 3.06639 -1.41842 1.31723 5.92001 0.486928 0.735138 6.31634 0.185605 0 5.5303 1.16657 0 5.51857 0.873907 -1.25649 6.23157 0.131763 -0.735138 6.31634 0.185605 -2.65046 3.06639 -1.41842 -1.36007 5.92515 -0.445542 -1.98994 4.46109 -0.944972 0 2.53752 -2.4827 2.69262 2.97156 -1.12328 1.16041 2.45725 -2.36042 2.21711 2.27023 -2.02807 1.34586 5.84472 0.339405 0 6.13755 0.624297 -2.21711 2.27023 -2.02807 -1.16041 2.45725 -2.36042 -1.39817 6.14089 0.0153743 -2.69262 2.97156 -1.12328 2.9671 2.11688 -1.6318 2.98944 1.99614 -1.24755 0 1.72147 -2.64534 1.09767 1.49142 -2.56741 1.12577 5.38956 0.733834 0.806968 5.60559 1.0624 -2.9671 2.11688 -1.6318 -1.09767 1.49142 -2.56741 -2.82437 1.39052 -1.72545 -2.18368 1.24134 -2.20706 -1.31723 5.92001 0.486928 -1.34586 5.84472 0.339405 2.82437 1.39052 -1.72545 2.79189 1.10747 -1.331 0 1.4622 -2.29931 2.18368 1.24134 -2.20706 1.04497 1.26358 -2.14252 0.858937 5.03653 0.938493 0 5.23805 1.41943 0.437043 5.17701 1.32969 -2.09482 0.931263 -1.7315 -1.04497 1.26358 -2.14252 -2.98944 1.99614 -1.24755 -1.12577 5.38956 0.733834 2.09482 0.931263 -1.7315 -0.806968 5.60559 1.0624 0.484797 4.83784 1.18085 -2.79189 1.10747 -1.331 -0.437043 5.17701 1.32969 0 4.7536 1.18582 -0.858937 5.03653 0.938493 -0.484797 4.83784 1.18085</float_array>
          <technique_common>
            <accessor source="#Skl_Root__miiFighterB24B-mesh-positions-array" count="117" stride="3">
              <param name="X" type="float"/>
              <param name="Y" type="float"/>
              <param name="Z" type="float"/>
            </accessor>
          </technique_common>
        </source>
        <source id="Skl_Root__miiFighterB24B-mesh-normals">
          <float_array id="Skl_Root__miiFighterB24B-mesh-normals-array" count="351">0 -0.9370496 0.3491963 -0.2648486 -0.434171 0.8610174 -0.3759942 -0.395862 0.8378077 0 -0.3828073 0.9238282 -0.2168687 -0.7052049 0.6750215 0.2648486 -0.434171 0.8610174 0.2141546 -0.9411572 -0.2614597 0.3759942 -0.395862 0.8378077 0.3757778 -0.7080357 -0.5978935 0.2168687 -0.7052049 0.6750215 0.402122 -0.6829605 -0.6098058 -0.2141546 -0.9411572 -0.2614597 0.2159262 -0.7853918 -0.5801169 -0.3757778 -0.7080357 -0.5978935 0.1173767 -0.8284429 -0.547636 -0.402122 -0.6829605 -0.6098058 0 -0.8317497 -0.5551509 -0.2159262 -0.7853918 -0.5801169 -0.1173767 -0.8284429 -0.547636 -0.2688123 -0.2710402 0.9242712 0 -0.2736689 0.9618241 -0.4059642 -0.3405619 0.8480629 0.4059642 -0.3405619 0.8480629 0.2688123 -0.2710402 0.9242712 0.3992269 -0.2783998 0.8735625 -0.3992269 -0.2783998 0.8735625 0 -0.2071962 0.9782995 -0.2694879 -0.1775019 0.9465038 0.3958644 -0.2722312 0.87703 0 -0.1232346 0.9923776 -0.4068832 -0.1607756 0.8992204 -0.282424 -0.0784952 0.9560728 0.2694879 -0.1775019 0.9465038 -0.3958644 -0.2722312 0.87703 0.4068832 -0.1607756 0.8992204 0.4240067 -0.1064823 0.8993775 -0.4339828 -0.05874943 0.8990036 0.282424 -0.0784952 0.9560728 -0.4240067 -0.1064823 0.8993775 0.4551647 -0.02969527 0.8899121 -0.4551647 -0.02969527 0.8899121 0.4339828 -0.05874943 0.8990036 0 0.5740706 -0.8188059 0.4708228 0.6486899 -0.5979361 0.4667953 0.4549843 -0.7583479 0.4135416 0.814204 -0.4074987 0.2541649 0.4580339 -0.8518247 0 0.7666054 -0.6421186 0 0.3966617 -0.9179649 -0.4135416 0.814204 -0.4074987 -0.2541649 0.4580339 -0.8518247 -0.4708228 0.6486899 -0.5979361 -0.4667953 0.4549843 -0.7583479 0.7596896 0.4590122 -0.4606297 0.4098761 0.8774339 0.2492217 0.5756274 0.680889 -0.4528171 0.5545269 0.8260528 -0.1006816 0 0.3084256 -0.9512485 0.2481805 0.3101952 -0.9177066 0 0.982955 0.1838462 -0.7596896 0.4590122 -0.4606297 -0.2481805 0.3101952 -0.9177066 -0.4274268 0.3447187 -0.8357484 0.8918057 0.4413707 -0.09937095 0.4274268 0.3447187 -0.8357484 0.7964898 0.4139928 -0.4406971 0.7214469 0.385612 0.5751677 0.3008006 0.8074554 0.5074789 0 0.8396979 0.5430539 0 0.9450395 0.3269565 -0.4098761 0.8774339 0.2492217 -0.3008006 0.8074554 0.5074789 -0.7964898 0.4139928 -0.4406971 -0.5756274 0.680889 -0.4528171 -0.8918057 0.4413707 -0.09937095 0 0.256821 -0.966459 0.9317212 0.3631176 -0.006408989 0.2328888 0.2533974 -0.9389104 0.431632 0.2320674 -0.8716872 0.9722591 -0.06851619 0.2236467 0 0.5118364 0.8590831 -0.431632 0.2320674 -0.8716872 -0.2328888 0.2533974 -0.9389104 -0.5545269 0.8260528 -0.1006816 -0.9317212 0.3631176 -0.006408989 0.860627 0.1390431 -0.489886 0.9988984 0.02148562 -0.04171991 0 -0.285872 -0.9582678 0.1014462 -0.4062734 -0.9081028 0.7395477 -0.02859669 0.6724964 0.4026669 0.4886693 0.7739909 -0.860627 0.1390431 -0.489886 -0.1014462 -0.4062734 -0.9081028 -0.7793229 -0.3300411 -0.532662 -0.372884 -0.4522645 -0.8101941 -0.7214469 0.385612 0.5751677 -0.9722591 -0.06851619 0.2236467 0.7793229 -0.3300411 -0.532662 0.7570363 -0.5587816 -0.3386139 0 -0.8204117 -0.5717734 0.372884 -0.4522645 -0.8101941 -0.06616467 -0.8696323 -0.4892464 0.6573557 -0.1347427 0.7414364 0 0.1103277 0.9938953 0.3540825 -0.06161803 0.9331822 -0.2681712 -0.8206276 -0.504633 0.06616467 -0.8696323 -0.4892464 -0.9988984 0.02148562 -0.04171991 -0.7395477 -0.02859669 0.6724964 0.2681712 -0.8206276 -0.504633 -0.4026669 0.4886693 0.7739909 0.3527989 -0.3339077 0.8740931 -0.7570363 -0.5587816 -0.3386139 -0.3540825 -0.06161803 0.9331822 0 -0.4156393 0.9095296 -0.6573557 -0.1347427 0.7414364 -0.3527989 -0.3339077 0.8740931</float_array>
          <technique_common>
            <accessor source="#Skl_Root__miiFighterB24B-mesh-normals-array" count="117" stride="3">
              <param name="X" type="float"/>
              <param name="Y" type="float"/>
              <param name="Z" type="float"/>
            </accessor>
          </technique_common>
        </source>
        <source id="Skl_Root__miiFighterB24B-mesh-map-0">
          <float_array id="Skl_Root__miiFighterB24B-mesh-map-0-array" count="1068">0.31791 0.523704 0.389069 0.378556 0.454575 0.375717 0.31791 0.523704 0.31791 0.374385 0.389069 0.378556 0.31791 0.523704 0.454575 0.375717 0.454692 0.520648 0.31791 0.523704 0.2467499 0.378556 0.31791 0.374385 0.31791 0.523704 0.454692 0.520648 0.465205 0.576733 0.31791 0.523704 0.181245 0.375717 0.2467499 0.378556 0.31791 0.523704 0.465205 0.576733 0.458469 0.6194 0.31791 0.523704 0.181127 0.520648 0.181245 0.375717 0.31791 0.523704 0.458469 0.6194 0.433443 0.676874 0.31791 0.523704 0.170615 0.576734 0.181127 0.520648 0.31791 0.523704 0.433443 0.676874 0.402998 0.713757 0.31791 0.523704 0.177349 0.619398 0.170615 0.576734 0.31791 0.523704 0.402998 0.713757 0.366077 0.74438 0.31791 0.523704 0.202383 0.676879 0.177349 0.619398 0.31791 0.523704 0.366077 0.74438 0.317897 0.749298 0.31791 0.523704 0.2328079 0.713748 0.202383 0.676879 0.31791 0.523704 0.317897 0.749298 0.269765 0.744386 0.31791 0.523704 0.269765 0.744386 0.2328079 0.713748 0.389069 0.378556 0.419211 0.232152 0.454575 0.375717 0.389069 0.378556 0.31791 0.374385 0.31791 0.229036 0.389069 0.378556 0.31791 0.229036 0.419211 0.232152 0.31791 0.374385 0.2467499 0.378556 0.31791 0.229036 0.454692 0.520648 0.454575 0.375717 0.52201 0.372856 0.181245 0.375717 0.181127 0.520648 0.11381 0.372856 0.181245 0.375717 0.216609 0.232152 0.2467499 0.378556 0.181245 0.375717 0.11381 0.372856 0.126564 0.229095 0.181245 0.375717 0.126564 0.229095 0.216609 0.232152 0.2467499 0.378556 0.216609 0.232152 0.31791 0.229036 0.419211 0.232152 0.509254 0.229095 0.454575 0.375717 0.419211 0.232152 0.31791 0.229036 0.31791 0.135812 0.419211 0.232152 0.426676 0.135482 0.509254 0.229095 0.419211 0.232152 0.31791 0.135812 0.426676 0.135482 0.31791 0.229036 0.216609 0.232152 0.31791 0.135812 0.454575 0.375717 0.509254 0.229095 0.52201 0.372856 0.11381 0.372856 0.03853517 0.225195 0.126564 0.229095 0.426676 0.135482 0.31791 0.135812 0.31791 0.04878258 0.426676 0.135482 0.533651 0.131964 0.509254 0.229095 0.426676 0.135482 0.31791 0.04878258 0.424946 0.03417789 0.426676 0.135482 0.424946 0.03417789 0.533651 0.131964 0.216609 0.232152 0.126564 0.229095 0.209143 0.135482 0.216609 0.232152 0.209143 0.135482 0.31791 0.135812 0.31791 0.135812 0.209143 0.135482 0.31791 0.04878258 0.52201 0.372856 0.509254 0.229095 0.597284 0.225194 0.509254 0.229095 0.533651 0.131964 0.597284 0.225194 0.03853517 0.225195 0.102168 0.131964 0.126564 0.229095 0.03853517 0.225195 0.006698071 0.127943 0.102168 0.131964 0.126564 0.229095 0.102168 0.131964 0.209143 0.135482 0.424946 0.03417789 0.53953 0.0121693 0.533651 0.131964 0.31791 0.04878258 0.209143 0.135482 0.210873 0.03417801 0.209143 0.135482 0.102168 0.131964 0.210873 0.03417801 0.597284 0.225194 0.533651 0.131964 0.629121 0.127943 0.006698071 0.127943 0.01900637 0.03801631 0.102168 0.131964 0.53953 0.0121693 0.616813 0.0380162 0.533651 0.131964 0.533651 0.131964 0.616813 0.0380162 0.629121 0.127943 0.210873 0.03417801 0.102168 0.131964 0.09629029 0.01216942 0.09629029 0.01216942 0.102168 0.131964 0.01900637 0.03801631 0.688652 0.529113 0.785962 0.511982 0.816757 0.639835 0.688652 0.529113 0.749622 0.490417 0.785962 0.511982 0.688652 0.529113 0.816757 0.639835 0.754595 0.640567 0.688652 0.529113 0.688652 0.505267 0.749622 0.490417 0.688652 0.529113 0.754595 0.640567 0.688652 0.638873 0.688652 0.529113 0.627681 0.490417 0.688652 0.505267 0.688652 0.529113 0.688652 0.638873 0.622707 0.640567 0.688652 0.529113 0.591341 0.511982 0.627681 0.490417 0.688652 0.529113 0.622707 0.640567 0.560546 0.639835 0.688652 0.529113 0.560546 0.639835 0.591341 0.511982 0.785962 0.511982 0.86386 0.642129 0.816757 0.639835 0.785962 0.511982 0.749622 0.490417 0.795556 0.436305 0.785962 0.511982 0.813079 0.509879 0.86386 0.642129 0.785962 0.511982 0.795556 0.436305 0.81043 0.446769 0.785962 0.511982 0.81043 0.446769 0.813079 0.509879 0.754595 0.640567 0.688651 0.775101 0.688652 0.638873 0.754595 0.640567 0.816757 0.639835 0.784327 0.775039 0.754595 0.640567 0.784327 0.775039 0.688651 0.775101 0.688652 0.638873 0.688651 0.775101 0.622707 0.640567 0.688652 0.505267 0.627681 0.490417 0.688652 0.456856 0.688652 0.505267 0.688652 0.456856 0.749622 0.490417 0.560546 0.639835 0.513444 0.642129 0.591341 0.511982 0.560546 0.639835 0.622707 0.640567 0.592976 0.775039 0.560546 0.639835 0.512068 0.776146 0.513444 0.642129 0.560546 0.639835 0.592976 0.775039 0.512068 0.776146 0.622707 0.640567 0.688651 0.775101 0.592976 0.775039 0.86386 0.642129 0.813079 0.509879 0.885965 0.640397 0.86386 0.642129 0.865235 0.776146 0.816757 0.639835 0.86386 0.642129 0.885965 0.640397 0.934606 0.778854 0.86386 0.642129 0.934606 0.778854 0.865235 0.776146 0.816757 0.639835 0.865235 0.776146 0.784327 0.775039 0.795556 0.436305 0.801068 0.396233 0.81043 0.446769 0.795556 0.436305 0.749622 0.490417 0.748757 0.436298 0.795556 0.436305 0.688652 0.327969 0.801068 0.396233 0.795556 0.436305 0.748757 0.436298 0.688652 0.351341 0.795556 0.436305 0.688652 0.351341 0.688652 0.327969 0.749622 0.490417 0.688652 0.456856 0.748757 0.436298 0.627681 0.490417 0.591341 0.511982 0.581747 0.436305 0.627681 0.490417 0.628546 0.436297 0.688652 0.456856 0.627681 0.490417 0.581747 0.436305 0.628546 0.436297 0.513444 0.642129 0.512068 0.776146 0.442698 0.778854 0.513444 0.642129 0.564224 0.509879 0.591341 0.511982 0.513444 0.642129 0.442698 0.778854 0.491337 0.640397 0.513444 0.642129 0.491337 0.640397 0.564224 0.509879 0.688651 0.775101 0.688652 0.855393 0.592976 0.775039 0.688651 0.775101 0.784327 0.775039 0.688652 0.855393 0.885965 0.640397 0.962041 0.772639 0.934606 0.778854 0.865235 0.776146 0.79035 0.856042 0.784327 0.775039 0.865235 0.776146 0.934606 0.778854 0.886185 0.859631 0.865235 0.776146 0.886185 0.859631 0.79035 0.856042 0.784327 0.775039 0.79035 0.856042 0.688652 0.855393 0.81043 0.446769 0.801068 0.396233 0.814187 0.401243 0.688652 0.351341 0.581747 0.436305 0.688652 0.327969 0.688652 0.351341 0.748757 0.436298 0.688652 0.402038 0.688652 0.351341 0.688652 0.402038 0.628546 0.436297 0.688652 0.351341 0.628546 0.436297 0.581747 0.436305 0.688652 0.402038 0.748757 0.436298 0.688652 0.456856 0.688652 0.402038 0.688652 0.456856 0.628546 0.436297 0.512068 0.776146 0.491118 0.859631 0.442698 0.778854 0.512068 0.776146 0.592976 0.775039 0.586953 0.856042 0.512068 0.776146 0.586953 0.856042 0.491118 0.859631 0.592976 0.775039 0.688652 0.855393 0.586953 0.856042 0.591341 0.511982 0.564224 0.509879 0.566874 0.446769 0.591341 0.511982 0.566874 0.446769 0.581747 0.436305 0.491337 0.640397 0.442698 0.778854 0.415262 0.772639 0.962041 0.772639 0.958586 0.863001 0.934606 0.778854 0.962041 0.772639 0.993518 0.864578 0.958586 0.863001 0.934606 0.778854 0.958586 0.863001 0.886185 0.859631 0.79035 0.856042 0.688651 0.930688 0.688652 0.855393 0.79035 0.856042 0.886185 0.859631 0.790145 0.942014 0.79035 0.856042 0.790145 0.942014 0.688651 0.930688 0.688652 0.855393 0.688651 0.930688 0.586953 0.856042 0.801068 0.396233 0.799716 0.338292 0.814187 0.401243 0.801068 0.396233 0.688652 0.327969 0.756386 0.339637 0.801068 0.396233 0.756386 0.339637 0.799716 0.338292 0.491118 0.859631 0.418717 0.863001 0.442698 0.778854 0.491118 0.859631 0.586953 0.856042 0.587158 0.942014 0.491118 0.859631 0.4237 0.924164 0.418717 0.863001 0.491118 0.859631 0.587158 0.942014 0.487119 0.945642 0.491118 0.859631 0.487119 0.945642 0.4237 0.924164 0.586953 0.856042 0.688651 0.930688 0.587158 0.942014 0.442698 0.778854 0.418717 0.863001 0.415262 0.772639 0.566874 0.446769 0.576235 0.396233 0.581747 0.436305 0.566874 0.446769 0.563116 0.401242 0.576235 0.396233 0.581747 0.436305 0.576235 0.396233 0.688652 0.327969 0.993518 0.864578 0.953603 0.924164 0.958586 0.863001 0.993518 0.864578 0.984554 0.953408 0.953603 0.924164 0.958586 0.863001 0.953603 0.924164 0.886185 0.859631 0.790145 0.942014 0.688652 0.970979 0.688651 0.930688 0.790145 0.942014 0.886185 0.859631 0.890185 0.945642 0.790145 0.942014 0.795215 0.985446 0.688652 0.970979 0.790145 0.942014 0.890185 0.945642 0.795215 0.985446 0.886185 0.859631 0.953603 0.924164 0.890185 0.945642 0.688651 0.930688 0.688652 0.970979 0.587158 0.942014 0.756386 0.339637 0.778035 0.293479 0.799716 0.338292 0.756386 0.339637 0.688652 0.327969 0.688652 0.296884 0.756386 0.339637 0.725855 0.295031 0.778035 0.293479 0.756386 0.339637 0.688652 0.296884 0.725855 0.295031 0.487119 0.945642 0.466279 0.990914 0.4237 0.924164 0.487119 0.945642 0.587158 0.942014 0.582089 0.985446 0.487119 0.945642 0.582089 0.985446 0.466279 0.990914 0.582089 0.985446 0.587158 0.942014 0.688652 0.970979 0.418717 0.863001 0.383786 0.864578 0.415262 0.772639 0.418717 0.863001 0.4237 0.924164 0.383786 0.864578 0.563116 0.401242 0.577588 0.338292 0.576235 0.396233 0.984554 0.953408 0.911024 0.990914 0.953603 0.924164 0.911024 0.990914 0.795215 0.985446 0.890185 0.945642 0.911024 0.990914 0.890185 0.945642 0.953603 0.924164 0.688652 0.327969 0.620918 0.339637 0.688652 0.296884 0.688652 0.327969 0.576235 0.396233 0.620918 0.339637 0.576235 0.396233 0.577588 0.338292 0.620918 0.339637 0.778035 0.293479 0.725855 0.295031 0.737091 0.265611 0.466279 0.990914 0.392749 0.953407 0.4237 0.924164 0.4237 0.924164 0.392749 0.953407 0.383786 0.864578 0.688652 0.296884 0.620918 0.339637 0.651449 0.29503 0.688652 0.296884 0.688652 0.251611 0.725855 0.295031 0.688652 0.296884 0.651449 0.29503 0.688652 0.251611 0.725855 0.295031 0.688652 0.251611 0.737091 0.265611 0.577588 0.338292 0.599269 0.293479 0.620918 0.339637 0.620918 0.339637 0.599269 0.293479 0.651449 0.29503 0.688652 0.251611 0.651449 0.29503 0.640213 0.265611 0.640213 0.265611 0.651449 0.29503 0.599269 0.293479</float_array>
          <technique_common>
            <accessor source="#Skl_Root__miiFighterB24B-mesh-map-0-array" count="534" stride="2">
              <param name="S" type="float"/>
              <param name="T" type="float"/>
            </accessor>
          </technique_common>
        </source>
        <vertices id="Skl_Root__miiFighterB24B-mesh-vertices">
          <input semantic="POSITION" source="#Skl_Root__miiFighterB24B-mesh-positions"/>
        </vertices>
        <triangles material="miiFighterB24B-material" count="178">
          <input semantic="VERTEX" source="#Skl_Root__miiFighterB24B-mesh-vertices" offset="0"/>
          <input semantic="NORMAL" source="#Skl_Root__miiFighterB24B-mesh-normals" offset="1"/>
          <input semantic="TEXCOORD" source="#Skl_Root__miiFighterB24B-mesh-map-0" offset="2" set="0"/>
          <p>0 0 0 1 1 1 2 2 2 0 0 3 3 3 4 1 1 5 0 0 6 2 2 7 4 4 8 0 0 9 5 5 10 3 3 11 0 0 12 4 4 13 6 6 14 0 0 15 7 7 16 5 5 17 0 0 18 6 6 19 8 8 20 0 0 21 9 9 22 7 7 23 0 0 24 8 8 25 10 10 26 0 0 27 11 11 28 9 9 29 0 0 30 10 10 31 12 12 32 0 0 33 13 13 34 11 11 35 0 0 36 12 12 37 14 14 38 0 0 39 15 15 40 13 13 41 0 0 42 14 14 43 16 16 44 0 0 45 17 17 46 15 15 47 0 0 48 16 16 49 18 18 50 0 0 51 18 18 52 17 17 53 1 1 54 19 19 55 2 2 56 1 1 57 3 3 58 20 20 59 1 1 60 20 20 61 19 19 62 3 3 63 5 5 64 20 20 65 4 4 66 2 2 67 21 21 68 7 7 69 9 9 70 22 22 71 7 7 72 23 23 73 5 5 74 7 7 75 22 22 76 24 24 77 7 7 78 24 24 79 23 23 80 5 5 81 23 23 82 20 20 83 19 19 84 25 25 85 2 2 86 19 19 87 20 20 88 26 26 89 19 19 90 27 27 91 25 25 92 19 19 93 26 26 94 27 27 95 20 20 96 23 23 97 26 26 98 2 2 99 25 25 100 21 21 101 22 22 102 28 28 103 24 24 104 27 27 105 26 26 106 29 29 107 27 27 108 30 30 109 25 25 110 27 27 111 29 29 112 31 31 113 27 27 114 31 31 115 30 30 116 23 23 117 24 24 118 32 32 119 23 23 120 32 32 121 26 26 122 26 26 123 32 32 124 29 29 125 21 21 126 25 25 127 33 33 128 25 25 129 30 30 130 33 33 131 28 28 132 34 34 133 24 24 134 28 28 135 35 35 136 34 34 137 24 24 138 34 34 139 32 32 140 31 31 141 36 36 142 30 30 143 29 29 144 32 32 145 37 37 146 32 32 147 34 34 148 37 37 149 33 33 150 30 30 151 38 38 152 35 35 153 39 39 154 34 34 155 36 36 156 40 40 157 30 30 158 30 30 159 40 40 160 38 38 161 37 37 162 34 34 163 41 41 164 41 41 165 34 34 166 39 39 167 42 42 168 43 43 169 44 44 170 42 42 171 45 45 172 43 43 173 42 42 174 44 44 175 46 46 176 42 42 177 47 47 178 45 45 179 42 42 180 46 46 181 48 48 182 42 42 183 49 49 184 47 47 185 42 42 186 48 48 187 50 50 188 42 42 189 51 51 190 49 49 191 42 42 192 50 50 193 52 52 194 42 42 195 52 52 196 51 51 197 43 43 198 53 53 199 44 44 200 43 43 201 45 45 202 54 54 203 43 43 204 55 55 205 53 53 206 43 43 207 54 54 208 56 56 209 43 43 210 56 56 211 55 55 212 46 46 213 57 57 214 48 48 215 46 46 216 44 44 217 58 58 218 46 46 219 58 58 220 57 57 221 48 48 222 57 57 223 50 50 224 47 47 225 49 49 226 59 59 227 47 47 228 59 59 229 45 45 230 52 52 231 60 60 232 51 51 233 52 52 234 50 50 235 61 61 236 52 52 237 62 62 238 60 60 239 52 52 240 61 61 241 62 62 242 50 50 243 57 57 244 61 61 245 53 53 246 55 55 247 63 63 248 53 53 249 64 64 250 44 44 251 53 53 252 63 63 253 65 65 254 53 53 255 65 65 256 64 64 257 44 44 258 64 64 259 58 58 260 54 54 261 66 66 262 56 56 263 54 54 264 45 45 265 67 67 266 54 54 267 68 68 268 66 66 269 54 54 270 67 67 271 69 69 272 54 54 273 69 69 274 68 68 275 45 45 276 59 59 277 67 67 278 49 49 279 51 51 280 70 70 281 49 49 282 71 71 283 59 59 284 49 49 285 70 70 286 71 71 287 60 60 288 62 62 289 72 72 290 60 60 291 73 73 292 51 51 293 60 60 294 72 72 295 74 74 296 60 60 297 74 74 298 73 73 299 57 57 300 75 75 301 61 61 302 57 57 303 58 58 304 75 75 305 63 63 306 76 76 307 65 65 308 64 64 309 77 77 310 58 58 311 64 64 312 65 65 313 78 78 314 64 64 315 78 78 316 77 77 317 58 58 318 77 77 319 75 75 320 56 56 321 66 66 322 79 79 323 69 69 324 70 70 325 68 68 326 69 69 327 67 67 328 80 80 329 69 69 330 80 80 331 71 71 332 69 69 333 71 71 334 70 70 335 80 80 336 67 67 337 59 59 338 80 80 339 59 59 340 71 71 341 62 62 342 81 81 343 72 72 344 62 62 345 61 61 346 82 82 347 62 62 348 82 82 349 81 81 350 61 61 351 75 75 352 82 82 353 51 51 354 73 73 355 83 83 356 51 51 357 83 83 358 70 70 359 74 74 360 72 72 361 84 84 362 76 76 363 85 85 364 65 65 365 76 76 366 86 86 367 85 85 368 65 65 369 85 85 370 78 78 371 77 77 372 87 87 373 75 75 374 77 77 375 78 78 376 88 88 377 77 77 378 88 88 379 87 87 380 75 75 381 87 87 382 82 82 383 66 66 384 89 89 385 79 79 386 66 66 387 68 68 388 90 90 389 66 66 390 90 90 391 89 89 392 81 81 393 91 91 394 72 72 395 81 81 396 82 82 397 92 92 398 81 81 399 93 93 400 91 91 401 81 81 402 92 92 403 94 94 404 81 81 405 94 94 406 93 93 407 82 82 408 87 87 409 92 92 410 72 72 411 91 91 412 84 84 413 83 83 414 95 95 415 70 70 416 83 83 417 96 96 418 95 95 419 70 70 420 95 95 421 68 68 422 86 86 423 97 97 424 85 85 425 86 86 426 98 98 427 97 97 428 85 85 429 97 97 430 78 78 431 88 88 432 99 99 433 87 87 434 88 88 435 78 78 436 100 100 437 88 88 438 101 101 439 99 99 440 88 88 441 100 100 442 101 101 443 78 78 444 97 97 445 100 100 446 87 87 447 99 99 448 92 92 449 90 90 450 102 102 451 89 89 452 90 90 453 68 68 454 103 103 455 90 90 456 104 104 457 102 102 458 90 90 459 103 103 460 104 104 461 94 94 462 105 105 463 93 93 464 94 94 465 92 92 466 106 106 467 94 94 468 106 106 469 105 105 470 106 106 471 92 92 472 99 99 473 91 91 474 107 107 475 84 84 476 91 91 477 93 93 478 107 107 479 96 96 480 108 108 481 95 95 482 98 98 483 109 109 484 97 97 485 109 109 486 101 101 487 100 100 488 109 109 489 100 100 490 97 97 491 68 68 492 110 110 493 103 103 494 68 68 495 95 95 496 110 110 497 95 95 498 108 108 499 110 110 500 102 102 501 104 104 502 111 111 503 105 105 504 112 112 505 93 93 506 93 93 507 112 112 508 107 107 509 103 103 510 110 110 511 113 113 512 103 103 513 114 114 514 104 104 515 103 103 516 113 113 517 114 114 518 104 104 519 114 114 520 111 111 521 108 108 522 115 115 523 110 110 524 110 110 525 115 115 526 113 113 527 114 114 528 113 113 529 116 116 530 116 116 531 113 113 532 115 115 533</p>
        </triangles>
      </mesh>
    </geometry>
    <geometry id="Skl_Root__miiFighterB24A-mesh" name="Skl_Root__miiFighterB24A">
      <mesh>
        <source id="Skl_Root__miiFighterB24A-mesh-positions">
          <float_array id="Skl_Root__miiFighterB24A-mesh-positions-array" count="1599">0 1.90136 0 0.641998 1.90136 1.12096 0 1.90136 0.77816 1.16201 1.90136 0.840146 -0.641998 1.90136 1.12096 1.19561 1.90136 -0.0150882 -1.16201 1.90136 0.840146 1.23837 1.90136 -0.773524 -1.19561 1.90136 -0.0150882 0.655082 1.90136 -1.21359 -1.23837 1.90136 -0.773524 0 1.90136 -0.89673 -0.655082 1.90136 -1.21359 0 1.62962 1.23162 0.348336 1.71548 1.35497 1.5766 1.64566 -0.003667771 1.45643 1.75576 0.513829 -1.5766 1.64566 -0.003667771 -1.45643 1.75576 0.513829 0 1.63808 -1.36093 0.357611 1.70197 -1.39523 8.20544e-5 1.64315 1.4103 -0.348336 1.71548 1.35497 1.67611 1.69065 0.001596689 1.49788 1.75414 -0.473654 -1.67611 1.69065 0.001596689 -1.49788 1.75414 -0.473654 0 1.67456 -1.47661 -0.357611 1.70197 -1.39523 0 4.25957 1.45069 0.59495 3.3661 1.27775 1.14759 4.25957 1.09831 0 3.3661 1.43701 0.616515 5.0784 1.01913 -0.59495 3.3661 1.27775 0 5.02716 1.00635 -1.14759 4.25957 1.09831 -0.616515 5.0784 1.01913 1.2366 3.3661 0.718937 0 2.85714 1.13367 0.837889 2.85714 0.838724 0.489325 5.83352 0.3309 1.18721 5.11669 0.598377 0.893619 5.54726 0.544816 -1.18721 5.11669 0.598377 -0.489325 5.83352 0.3309 -0.893619 5.54726 0.544816 1.36789 2.85714 0.001125335 1.51947 4.25957 -0.01230978 1.54435 3.3661 9.93055e-4 -0.837889 2.85714 0.838724 -1.2366 3.3661 0.718937 0.853367 5.85992 0.329845 -1.05135 5.44576 0.452954 -1.51947 4.25957 -0.01230978 -1.31406 5.12513 0.287828 -1.32272 4.93397 0 -0.853367 5.85992 0.329845 1.32272 4.93397 0 -1.36789 2.85714 0.001125335 1.05135 5.44576 0.452954 -1.15532 5.12522 -0.556004 -1.31267 5.12771 -0.291158 -1.0597 5.72627 0.272105 1.31406 5.12513 0.287828 -1.54435 3.3661 9.93055e-4 1.0597 5.72627 0.272105 -1.12322 5.44576 -0.453941 -1.32412 3.3661 -0.624869 -0.85872 2.85714 -0.871962 -0.942095 5.50519 -0.597191 -0.823854 5.85992 -0.386883 -1.05924 5.7246 -0.275294 -0.507888 3.3661 -1.21034 0 2.85714 -1.08639 -1.01523 4.25957 -1.03929 -0.489325 6.0986 -0.452463 -0.63375 5.02716 -0.898363 0 5.52518 -0.884174 -1.05432 5.85992 0 0 3.3661 -1.38974 0.507888 3.3661 -1.21034 0.85872 2.85714 -0.871962 0.489325 6.0986 -0.452463 -0.489325 5.83352 0.3309 0 4.25957 -1.27978 0 5.02716 -1.05899 -0.853367 5.85992 0.329845 -1.0597 5.72627 0.272105 1.32412 3.3661 -0.624869 1.36789 2.85714 0.001125335 0.942095 5.50519 -0.597191 0.823854 5.85992 -0.386883 0.489325 5.83352 0.3309 0.63375 5.02716 -0.898363 1.01523 4.25957 -1.03929 1.54435 3.3661 9.93055e-4 0.853367 5.85992 0.329845 1.15532 5.12522 -0.556004 1.12322 5.44576 -0.453941 1.51947 4.25957 -0.01230978 1.05432 5.85992 0 1.0597 5.72627 0.272105 1.31267 5.12771 -0.291158 1.05924 5.7246 -0.275294 1.32272 4.93397 0 2.92459 5.85992 0 2.74 5.72627 0.272105 2.92459 5.72627 0.272105 2.74 5.85992 0 4.4861 5.72627 0.272105 2.74 5.7246 -0.275294 4.4861 5.85992 0 2.9106 5.7246 -0.275294 3.12439 5.7246 -0.275294 2.74 5.44576 0.452954 2.92459 5.44576 0.452954 4.4861 5.44576 0.452954 2.9106 5.44576 -0.453941 2.74 5.44576 -0.453941 4.4861 5.7246 -0.275294 2.92459 5.12513 0.287828 4.4861 5.12513 0.287828 3.12439 5.44576 -0.453941 2.9106 5.12771 -0.291158 2.74 5.12771 -0.291158 4.4861 5.44576 -0.453941 4.4861 5.02716 0 2.74 5.12513 0.287828 3.12439 5.12771 -0.291158 2.92459 5.02716 0 2.74 5.02716 0 4.4861 5.12771 -0.291158 2.92459 5.02716 0 4.4861 5.02716 0 2.74 5.02716 0 4.82872 4.83375 2.29264e-4 4.4861 5.02716 0 4.4861 5.12771 -0.291158 4.4861 5.12513 0.287828 4.82872 4.98101 -0.426172 4.82872 4.97723 0.421753 5.19149 5.01342 -0.396343 5.19149 5.0099 0.392165 5.19149 4.87648 1.78612e-4 5.45728 5.15687 0 5.4448 5.44629 -0.24869 5.19149 5.44656 -0.618033 4.82872 4.98101 -0.426172 5.19149 5.82631 -0.374738 5.54304 5.43621 -9.95146e-4 5.4448 5.72341 -4.08267e-4 4.82872 5.44678 -0.664567 4.4861 5.44576 -0.453941 4.4861 5.12771 -0.291158 5.4448 5.44686 0.246452 5.19149 5.44656 0.617046 4.82872 4.97723 0.421753 4.82872 5.85515 -0.402939 5.19149 6.0106 1.78612e-4 4.82872 5.85515 -0.402939 4.82872 5.44678 0.66358 5.19149 5.82858 0.370752 4.82872 5.8576 0.398727 4.82872 6.05333 2.29264e-4 4.4861 5.85992 0 4.4861 5.7246 -0.275294 4.4861 5.7246 -0.275294 4.4861 5.44576 0.452954 4.4861 5.12513 0.287828 4.82872 5.8576 0.398727 4.4861 5.72627 0.272105 4.4861 5.72627 0.272105 -2.92459 5.85992 0 -2.92459 5.72627 0.272105 -2.74 5.72627 0.272105 -4.4861 5.72627 0.272105 -2.74 5.85992 0 -4.4861 5.85992 0 -2.74 5.7246 -0.275294 -3.12439 5.7246 -0.275294 -2.9106 5.7246 -0.275294 -2.74 5.44576 0.452954 -2.92459 5.44576 0.452954 -4.4861 5.7246 -0.275294 -2.9106 5.44576 -0.453941 -2.74 5.44576 -0.453941 -4.4861 5.44576 0.452954 -2.92459 5.12513 0.287828 -2.74 5.12513 0.287828 -4.4861 5.44576 -0.453941 -3.12439 5.44576 -0.453941 -2.9106 5.12771 -0.291158 -2.74 5.12771 -0.291158 -2.92459 5.02716 0 -2.74 5.02716 0 -4.4861 5.12513 0.287828 -4.4861 5.12771 -0.291158 -3.12439 5.12771 -0.291158 -2.92459 5.02716 0 -2.74 5.02716 0 -4.4861 5.02716 0 -4.4861 5.02716 0 -4.82872 4.83375 2.29264e-4 -4.4861 5.12771 -0.291158 -4.4861 5.02716 0 -4.82872 4.98101 -0.426172 -4.4861 5.12513 0.287828 -5.19149 5.01342 -0.396343 -4.82872 4.97723 0.421753 -5.19149 4.87648 1.78612e-4 -5.19149 5.0099 0.392165 -5.45728 5.15687 0 -5.4448 5.44629 -0.24869 -5.19149 5.44656 -0.618033 -4.82872 4.98101 -0.426172 -5.19149 5.82631 -0.374738 -5.54304 5.43621 -9.95146e-4 -5.4448 5.72341 -4.08267e-4 -4.82872 5.44678 -0.664567 -4.4861 5.44576 -0.453941 -4.4861 5.12771 -0.291158 -5.4448 5.44686 0.246452 -5.19149 5.44656 0.617046 -4.82872 4.97723 0.421753 -4.82872 5.85515 -0.402939 -5.19149 6.0106 1.78612e-4 -4.82872 5.85515 -0.402939 -4.82872 5.44678 0.66358 -4.4861 5.44576 0.452954 -4.4861 5.12513 0.287828 -5.19149 5.82858 0.370752 -4.82872 6.05333 2.29264e-4 -4.4861 5.85992 0 -4.4861 5.7246 -0.275294 -4.4861 5.7246 -0.275294 -4.82872 5.8576 0.398727 -4.82872 5.8576 0.398727 -4.4861 5.72627 0.272105 -4.4861 5.72627 0.272105 1.18654 1.35178 -0.07552176 0.866674 2.41089 -0.604024 1.24898 2.41089 -0.07740628 0.845862 1.35178 -0.547617 0.850043 1.47121 0.559641 0.841446 1.22882 -0.534709 0.845862 1.35178 0.547617 1.04167 -8.13603e-4 -0.06599408 0.841446 1.22882 0.534709 0.50518 1.35178 -0.547617 0.46 2.41089 -0.604024 0.866674 2.41089 0.604024 0.509596 1.22882 0.534709 0.500999 1.47121 0.559641 0.50518 1.35178 0.547617 0.797569 -8.13603e-4 -0.403491 0.797569 -8.13603e-4 0.403491 0.164499 1.35178 0 0.02999997 2.41089 0 0.164499 1.35178 0 0.553473 -8.13603e-4 0.403491 0.309377 -8.13603e-4 0 0.46 2.41089 0.604024 0.553473 -8.13603e-4 -0.403491 0.509596 1.22882 -0.534709 0.02999997 2.41089 0 0.309377 -8.13603e-4 0 -1.18654 1.35178 -0.07552176 -0.866674 2.41089 -0.604024 -0.845862 1.35178 -0.547617 -1.24898 2.41089 -0.07740628 -0.841446 1.22882 -0.534709 -0.850043 1.47121 0.559641 -1.04167 -8.13603e-4 -0.06599408 -0.845862 1.35178 0.547617 -0.841446 1.22882 0.534709 -0.50518 1.35178 -0.547617 -0.46 2.41089 -0.604024 -0.866674 2.41089 0.604024 -0.797569 -8.13603e-4 0.403491 -0.797569 -8.13603e-4 -0.403491 -0.500999 1.47121 0.559641 -0.509596 1.22882 0.534709 -0.50518 1.35178 0.547617 -0.164499 1.35178 0 -0.02999997 2.41089 0 -0.553473 -8.13603e-4 0.403491 -0.553473 -8.13603e-4 -0.403491 -0.509596 1.22882 -0.534709 -0.164499 1.35178 0 -0.46 2.41089 0.604024 -0.309377 -8.13603e-4 0 -0.309377 -8.13603e-4 0 -0.02999997 2.41089 0 1.14374 5.92105 0.40477 0.740391 5.06478 0.941052 0.831685 5.83261 0.424227 1.10203 4.89809 0.953239 0.858627 6.03745 0.01321399 1.97678 6.0208 0.38079 1.25926 6.09835 0.0114873 1.48162 5.07311 0.573987 1.23594 5.92105 -0.422517 0.855057 5.79659 -0.487337 2.00098 6.20486 0.0114873 0.998359 4.94797 -0.609531 1.97678 6.0208 -0.422517 1.38226 4.93168 -0.551013 1.14306 5.90168 0.488556 0.831685 5.83261 0.424227 0.740391 5.06478 0.941052 0.858627 6.03745 0.01321399 1.10203 4.89809 0.953239 1.26633 6.15213 0.0153743 1.98251 6.08576 0.467154 1.23569 5.92732 -0.51774 0.855057 5.79659 -0.487337 1.47999 5.1006 0.689001 1.98306 6.08306 -0.506322 2.01468 6.30899 0.01494067 0.998359 4.94797 -0.609531 1.3809 4.95028 -0.667815 -1.14306 5.90168 0.488556 -0.740391 5.06478 0.941052 -0.831685 5.83261 0.424227 -1.10203 4.89809 0.953239 -0.858627 6.03745 0.01321399 -1.98251 6.08576 0.467154 -1.26633 6.15213 0.0153743 -1.47999 5.1006 0.689001 -1.23569 5.92732 -0.51774 -0.855057 5.79659 -0.487337 -2.01468 6.30899 0.01494067 -0.998359 4.94797 -0.609531 -1.98306 6.08306 -0.506322 -1.3809 4.95028 -0.667815 -1.3809 4.95028 -0.667815 -1.25926 6.09835 0.0114873 -1.97678 6.0208 0.38079 -2.00098 6.20486 0.0114873 -1.14374 5.92105 0.40477 -1.97678 6.0208 -0.422517 -0.858627 6.03745 0.01321399 -1.23594 5.92105 -0.422517 -1.10203 4.89809 0.953239 -1.48162 5.07311 0.573987 -1.38226 4.93168 -0.551013 -0.831685 5.83261 0.424227 -0.855057 5.79659 -0.487337 -0.740391 5.06478 0.941052 -0.998359 4.94797 -0.609531 1.36789 2.85714 0.001125335 1.23837 1.90136 -0.773524 0.85872 2.85714 -0.871962 1.49788 1.75414 -0.473654 1.67611 1.69065 0.001596689 1.45643 1.75576 0.513829 1.16201 1.90136 0.840146 0.837889 2.85714 0.838724 0.655082 1.90136 -1.21359 0.641998 1.90136 1.12096 0.348336 1.71548 1.35497 0 2.85714 1.13367 8.20544e-5 1.64315 1.4103 -0.348336 1.71548 1.35497 -0.837889 2.85714 0.838724 -0.641998 1.90136 1.12096 -1.16201 1.90136 0.840146 -1.36789 2.85714 0.001125335 -1.45643 1.75576 0.513829 -1.67611 1.69065 0.001596689 -1.49788 1.75414 -0.473654 -1.23837 1.90136 -0.773524 -0.85872 2.85714 -0.871962 -0.655082 1.90136 -1.21359 0 2.85714 -1.08639 -0.357611 1.70197 -1.39523 0 1.67456 -1.47661 0.357611 1.70197 -1.39523 0.655082 1.90136 -1.21359 0.85872 2.85714 -0.871962 1.05924 5.7246 -0.275294 2.1 5.85992 0 2.1 5.7246 -0.275294 1.05432 5.85992 0 2.1 5.44576 -0.453941 1.04757 5.44576 -0.453941 1.0597 5.72627 0.272105 1.31267 5.12771 -0.291158 2.1 5.12771 -0.291158 2.1 5.72627 0.272105 2.1 5.44576 0.452954 1.05135 5.44576 0.452954 1.49121 5.02716 0 2.1 5.02716 0 1.31406 5.12513 0.287828 2.1 5.12513 0.287828 1.49121 5.02716 0 2.1 5.02716 0 1.97678 6.0208 0.38079 1.47999 5.1006 0.689001 1.48162 5.07311 0.573987 1.98251 6.08576 0.467154 2.01468 6.30899 0.01494067 2.00098 6.20486 0.0114873 1.10203 4.89809 0.953239 1.97678 6.0208 -0.422517 1.98306 6.08306 -0.506322 1.3809 4.95028 -0.667815 1.38226 4.93168 -0.551013 0.998359 4.94797 -0.609531 -2.1 5.85992 0 -1.05924 5.7246 -0.275294 -2.1 5.7246 -0.275294 -1.05432 5.85992 0 -1.0597 5.72627 0.272105 -2.1 5.72627 0.272105 -2.1 5.44576 -0.453941 -2.1 5.44576 0.452954 -1.04757 5.44576 -0.453941 -1.05135 5.44576 0.452954 -1.31406 5.12513 0.287828 -2.1 5.12513 0.287828 -1.31267 5.12771 -0.291158 -1.49121 5.02716 0 -2.1 5.02716 0 -2.1 5.12771 -0.291158 -1.49121 5.02716 0 -2.1 5.02716 0 -1.97678 6.0208 0.38079 -1.48162 5.07311 0.573987 -1.47999 5.1006 0.689001 -1.98251 6.08576 0.467154 -2.01468 6.30899 0.01494067 -2.00098 6.20486 0.0114873 -1.10203 4.89809 0.953239 -1.97678 6.0208 -0.422517 -1.98306 6.08306 -0.506322 -1.3809 4.95028 -0.667815 -1.38226 4.93168 -0.551013 -0.998359 4.94797 -0.609531 2.74 5.44576 -0.453941 2.1 5.45296 -0.696246 2.1 5.84803 -0.479027 2.1 5.00738 -0.489175 2.74 5.7246 -0.275294 2.74 5.12771 -0.291158 2.1 6.01411 -2.66142e-4 2.1 4.86465 -0.002494573 2.74 5.02716 0 2.74 5.85992 0 2.1 5.78489 0.32791 2.74 5.72627 0.272105 2.74 5.44576 0.452954 2.1 5.44584 0.508003 2.74 5.12513 0.287828 2.1 5.05699 0.346496 2.74 5.02716 0 2.1 4.86465 -0.002494573 2.1 5.44576 -0.453941 2.1 5.7246 -0.275294 2.1 5.84803 -0.479027 2.1 5.45296 -0.696246 2.1 5.00738 -0.489175 2.1 5.12771 -0.291158 2.1 6.01411 -2.66142e-4 2.1 5.85992 0 2.1 4.86465 -0.002494573 2.1 5.78489 0.32791 2.1 5.72627 0.272105 2.1 5.02716 0 2.1 5.05699 0.346496 2.1 5.44576 0.452954 2.1 5.12513 0.287828 2.1 5.44584 0.508003 -2.74 5.44576 -0.453941 -2.1 5.84803 -0.479027 -2.1 5.45296 -0.696246 -2.74 5.7246 -0.275294 -2.1 5.00738 -0.489175 -2.74 5.12771 -0.291158 -2.1 6.01411 -2.66097e-4 -2.74 5.85992 0 -2.1 4.86465 -0.002494573 -2.1 5.78489 0.32791 -2.74 5.72627 0.272105 -2.74 5.02716 0 -2.74 5.44576 0.452954 -2.1 5.44584 0.508003 -2.74 5.12513 0.287828 -2.1 5.05699 0.346496 -2.74 5.02716 0 -2.1 4.86465 -0.002494573 -2.1 5.44576 -0.453941 -2.1 5.45296 -0.696246 -2.1 5.84803 -0.479027 -2.1 5.00738 -0.489175 -2.1 5.7246 -0.275294 -2.1 5.12771 -0.291158 -2.1 6.01411 -2.66097e-4 -2.1 4.86465 -0.002494573 -2.1 5.02716 0 -2.1 5.85992 0 -2.1 5.78489 0.32791 -2.1 5.05699 0.346496 -2.1 5.12513 0.287828 -2.1 5.72627 0.272105 -2.1 5.44576 0.452954 -2.1 5.44584 0.508003 0.553473 -8.13603e-4 0.403491 0.309377 -8.13603e-4 0 0.553473 -8.13603e-4 -0.403491 0.797569 -8.13603e-4 -0.403491 0.797569 -8.13603e-4 0.403491 1.04167 -8.13603e-4 -0.06599408 -0.553473 -8.13603e-4 0.403491 -0.553473 -8.13603e-4 -0.403491 -0.309377 -8.13603e-4 0 -0.797569 -8.13603e-4 -0.403491 -0.797569 -8.13603e-4 0.403491 -1.04167 -8.13603e-4 -0.06599408 1.49121 5.02716 0 1.32272 4.93397 0 1.31267 5.12771 -0.291158 1.31406 5.12513 0.287828 1.32272 4.93397 0 1.49121 5.02716 0 -1.49121 5.02716 0 -1.31267 5.12771 -0.291158 -1.32272 4.93397 0 -1.31406 5.12513 0.287828 -1.49121 5.02716 0 -1.32272 4.93397 0</float_array>
          <technique_common>
            <accessor source="#Skl_Root__miiFighterB24A-mesh-positions-array" count="533" stride="3">
              <param name="X" type="float"/>
              <param name="Y" type="float"/>
              <param name="Z" type="float"/>
            </accessor>
          </technique_common>
        </source>
        <source id="Skl_Root__miiFighterB24A-mesh-normals">
          <float_array id="Skl_Root__miiFighterB24A-mesh-normals-array" count="1245">0 -1 0 0.1077316 -0.9816091 -0.1575995 0 -0.9824664 -0.1864403 -0.129554 -0.991539 0.00814861 -0.1077316 -0.9816091 -0.1575995 -0.2894114 -0.9571055 -0.01379454 0.129554 -0.991539 0.00814861 -0.1391668 -0.9900378 -0.02139383 0.2894114 -0.9571055 -0.01379454 0.07977634 -0.9801449 0.1815264 0.1391668 -0.9900378 -0.02139383 0 -0.9828293 0.184517 -0.07977634 -0.9801449 0.1815264 0 -0.9695055 -0.2450697 0.3102317 -0.9211729 -0.2349398 -0.004943966 -0.9999111 -0.01239049 -0.2823299 -0.9495638 0.1364498 0.004943966 -0.9999111 -0.01239049 0.2823299 -0.9495638 0.1364498 0 -0.9911569 0.1326954 0.1987092 -0.8562412 0.4768289 9.15568e-5 -0.9971455 0.07550382 -0.3102252 -0.9211843 -0.2349044 0.4115548 -0.9113415 0.008911669 -0.2937499 -0.941007 -0.1679791 -0.4115548 -0.9113415 0.008911669 0.2937499 -0.941007 -0.1679791 0 -0.9537062 -0.3007399 -0.1987092 -0.8562412 0.4768289 0 0.1860111 0.9825477 0.397238 -0.2788845 0.8743143 0.6865039 0.09308421 0.7211434 0 -0.2623401 0.9649755 0.2150372 0.5089969 0.8334754 -0.397238 -0.2788845 0.8743143 0 0.5702094 0.8214995 -0.6865039 0.09308421 0.7211434 -0.2150372 0.5089969 0.8334754 0.8095673 -0.2471185 0.5324784 0 -0.5412542 0.8408591 0.5765486 -0.4495559 0.6822691 3.05191e-5 0.6346445 0.7728044 0.782767 0.3485645 0.5155373 0.3966519 0.5754917 0.7151759 -0.782767 0.3485645 0.5155373 -3.05191e-5 0.6346445 0.7728044 -0.3966519 0.5754917 0.7151759 0.8287483 -0.3737074 0.4165563 0.9488449 0.09045916 0.3025072 0.9112473 -0.1305618 0.3906174 -0.5765486 -0.4495559 0.6822691 -0.8095673 -0.2471185 0.5324784 0.2243496 0.5508484 0.8038864 -0.6701785 0.5009477 0.5476425 -0.9929812 0.1109992 -0.04083502 -0.9085294 -0.202282 0.3655908 -0.9854665 0.1664519 -0.03390687 -0.2243496 0.5508484 0.8038864 0.9708224 0.1717022 0.1673989 -0.9089712 -0.4162151 0.02316373 0.6701785 0.5009477 0.5476425 -0.7560949 0.197615 -0.6239141 -0.7987452 -0.3743469 -0.4710314 -0.5019858 0.4580376 0.7336293 0.9085294 -0.202282 0.3655908 -0.9887027 -0.1460958 0.03351014 0.5019858 0.4580376 0.7336293 -0.6838681 0.3784042 -0.6238068 -0.8160742 -0.1843644 -0.5477524 -0.5556657 -0.3260992 -0.7647843 -0.502102 0.4067295 -0.7631939 -0.5196278 0.7809678 -0.3465203 -0.5973815 0.631685 -0.4940743 -0.3721463 -0.1903153 -0.9084532 0 -0.4755752 -0.8796752 -0.5940617 0.1239091 -0.7948189 -0.3793525 0.7292541 -0.5694561 -0.3271376 0.3220103 -0.8884202 0 0.4298068 -0.9029209 -0.2566346 0.9665075 0.00137335 0 -0.1933686 -0.9811262 0.3721463 -0.1903153 -0.9084532 0.5556657 -0.3260992 -0.7647843 0.3793525 0.7292541 -0.5694561 -0.1207962 0.9883436 0.0926572 0 0.1794548 -0.9837663 0 0.3026267 -0.9531092 -0.144387 0.9829974 0.1134403 -0.576273 0.7379969 0.3510986 0.8160742 -0.1843644 -0.5477524 0.8401974 -0.3905255 -0.3762424 0.502102 0.4067295 -0.7631939 0.5196278 0.7809678 -0.3465203 0.1207962 0.9883436 0.0926572 0.3271376 0.3220103 -0.8884202 0.5940617 0.1239091 -0.7948189 0.93373 -0.1420966 -0.3285679 0.144387 0.9829974 0.1134403 0.7560949 0.197615 -0.6239141 0.6838681 0.3784042 -0.6238068 0.919779 0.1181692 -0.3742229 0.2566346 0.9665075 0.00137335 0.576273 0.7379969 0.3510986 0.7987452 -0.3743469 -0.4710314 0.5973815 0.631685 -0.4940743 0.959481 0.1542726 -0.2357884 0 1 -1.22074e-4 0 0.7469343 0.6648979 0 0.7458835 -0.6660764 0 0.04849457 0.9988235 0 0.04834228 -0.9988309 0 -0.757295 0.653073 0 -0.7550161 -0.6557064 0 -0.9466654 0.3222184 0 -0.9452224 -0.3264271 -0.1856755 -0.9826092 -0.001983702 -0.4915722 -0.8708338 -0.002288937 -0.4706006 -0.834019 -0.2880063 -0.4714598 -0.8348513 0.2841638 -0.1721588 -0.9311106 -0.3215504 -0.1726176 -0.9324586 0.317371 0.4615404 -0.661532 -0.5910634 0.4617302 -0.6634033 0.5888135 0.422111 -0.9065423 -0.001922667 0.8839309 -0.4676169 8.8506e-4 0.8802309 0.02954244 -0.4736253 0.4705136 0.0413534 -0.8814232 -0.1777455 -0.4483619 -0.8760012 0.4530969 0.6581899 -0.6012399 0.9999688 0.007904529 -3.96752e-4 0.8711783 0.4909667 3.66234e-4 -0.1912342 0.04403936 -0.9805561 -0.5231558 0.04934912 -0.8508072 -0.479125 -0.3998965 -0.7813592 0.8800689 0.03051871 0.4738644 0.4708496 0.04141449 0.8812409 -0.1773152 -0.4505822 0.8749486 -0.1764327 0.5309767 -0.8288156 0.4270562 0.9042252 -3.05193e-5 -0.1696238 0.8844366 -0.4347411 -0.1911392 0.04416066 0.9805691 0.453122 0.6590977 0.6002257 -0.1760063 0.5333905 0.8273551 -0.182016 0.9832956 -6.10382e-5 -0.4915735 0.8708361 -3.35712e-4 -0.4517151 0.8006719 -0.3935454 -0.4608098 0.4787551 -0.7472938 -0.5231639 0.04956352 0.8507898 -0.4786297 -0.4019964 0.7805848 -0.1700521 0.884503 0.4344386 -0.46017 0.4810757 0.7461969 -0.4521722 0.8005792 0.3932092 0.1856755 -0.9826092 -0.001983702 0.4706006 -0.834019 -0.2880063 0.4915722 -0.8708338 -0.002288937 0.1721588 -0.9311106 -0.3215504 0.4714598 -0.8348513 0.2841638 -0.4615404 -0.661532 -0.5910634 0.1726176 -0.9324586 0.317371 -0.422111 -0.9065423 -0.001922667 -0.4617302 -0.6634033 0.5888135 -0.8839309 -0.4676169 8.8506e-4 -0.8802309 0.02954244 -0.4736253 -0.4705136 0.0413534 -0.8814232 0.1777455 -0.4483619 -0.8760012 -0.4530969 0.6581899 -0.6012399 -0.9999688 0.007904529 -3.96752e-4 -0.8711783 0.4909667 3.66234e-4 0.1912342 0.04403936 -0.9805561 0.5231558 0.04934912 -0.8508072 0.479125 -0.3998965 -0.7813592 -0.8800689 0.03051871 0.4738644 -0.4708496 0.04141449 0.8812409 0.1773152 -0.4505822 0.8749486 0.1764327 0.5309767 -0.8288156 -0.4270562 0.9042252 -3.05193e-5 0.1696238 0.8844366 -0.4347411 0.1911392 0.04416066 0.9805691 0.5231639 0.04956352 0.8507898 0.4786297 -0.4019964 0.7805848 -0.453122 0.6590977 0.6002257 0.182016 0.9832956 -6.10382e-5 0.4915735 0.8708361 -3.35712e-4 0.4517151 0.8006719 -0.3935454 0.4608098 0.4787551 -0.7472938 0.1760063 0.5333905 0.8273551 0.1700521 0.884503 0.4344386 0.46017 0.4810757 0.7461969 0.4521722 0.8005792 0.3932092 0.9945355 -0.08234131 -0.06418228 0.4521456 -0.0568577 -0.8901302 0.9966494 -0.05472004 -0.06079322 0.452903 -0.08212679 -0.8877692 0.5066754 -0.07745707 0.8586504 0.4528412 -0.1097769 -0.8848073 0.5075068 -0.1058412 0.8551225 0.9922705 -0.1026666 -0.06970584 0.5086294 -0.1105397 0.8538602 -0.4797664 -0.08731627 -0.8730407 -0.4693836 -0.08084505 -0.8792855 0.5023707 -0.04965412 0.8632255 -0.4837669 -0.1102675 0.8682228 -0.4724103 -0.09097844 0.8766707 -0.4831545 -0.1064215 0.8690432 0.4566296 -0.1104798 -0.8827704 0.5232149 -0.1088607 0.8452192 -0.8396981 -0.08435434 -0.536462 -0.8103345 -0.1028788 -0.5768658 -0.8441886 -0.09738641 0.5271258 -0.4941721 -0.1096566 0.8624206 -0.850608 -0.08698046 0.5185562 -0.461695 -0.0619235 0.8848748 -0.4941721 -0.1096566 -0.8624206 -0.4837669 -0.1102675 -0.8682228 -0.824841 -0.08011275 0.5596601 -0.850608 -0.08698046 -0.5185562 -0.9945355 -0.08234131 -0.06418228 -0.4521456 -0.0568577 -0.8901302 -0.452903 -0.08212679 -0.8877692 -0.9966494 -0.05472004 -0.06079322 -0.4528412 -0.1097769 -0.8848073 -0.5066754 -0.07745707 0.8586504 -0.9922705 -0.1026666 -0.06970584 -0.5075068 -0.1058412 0.8551225 -0.5086294 -0.1105397 0.8538602 0.4797664 -0.08731627 -0.8730407 0.4693836 -0.08084505 -0.8792855 -0.5023707 -0.04965412 0.8632255 -0.5232149 -0.1088607 0.8452192 -0.4566296 -0.1104798 -0.8827704 0.4724103 -0.09097844 0.8766707 0.4837669 -0.1102675 0.8682228 0.4831545 -0.1064215 0.8690432 0.8396981 -0.08435434 -0.536462 0.8103345 -0.1028788 -0.5768658 0.4941721 -0.1096566 0.8624206 0.4941721 -0.1096566 -0.8624206 0.4837669 -0.1102675 -0.8682228 0.8441886 -0.09738641 0.5271258 0.461695 -0.0619235 0.8848748 0.850608 -0.08698046 0.5185562 0.850608 -0.08698046 -0.5185562 0.824841 -0.08011275 0.5596601 0.09885191 -0.7497974 -0.6542416 -0.1387725 -0.4778755 -0.8673968 0.1606214 -0.7162198 -0.6791392 -0.2849631 -0.3281791 -0.900608 0.1884554 -0.9820433 -0.008697926 0.0126959 -0.7540643 -0.656678 0.1366326 -0.9905792 -0.009186148 -0.7398452 0.2600536 -0.6204848 0.07074308 -0.6343382 0.7698121 0.02948099 -0.5312381 0.8467095 0.1420677 -0.9894691 -0.02771157 -0.1458199 -0.1522594 0.9775243 0.1012008 -0.7228413 0.6835634 -0.1014772 -0.1428615 0.9845269 -0.1807039 0.7014524 0.6894279 -0.2898422 0.7274895 0.6218926 0.08554452 0.4417003 0.8930751 -0.2932 0.9558681 0.01870834 0.2070402 0.3163894 0.9257603 -0.2315193 0.9725278 0.02426278 -0.1034593 0.7545204 0.6480703 -0.1806438 0.5952488 -0.7829731 -0.2451897 0.5242556 -0.8154987 0.6166464 -0.1400845 0.7746764 -0.1463682 0.7357472 -0.6612508 -0.2050853 0.9785195 0.02096629 -0.1432545 0.1267134 -0.9815407 -0.1088935 0.1350792 -0.984833 0.1807039 0.7014524 0.6894279 -0.08554452 0.4417003 0.8930751 0.2898422 0.7274895 0.6218926 -0.2070402 0.3163894 0.9257603 0.2932 0.9558681 0.01870834 0.1034593 0.7545204 0.6480703 0.2315193 0.9725278 0.02426278 -0.6166464 -0.1400845 0.7746764 0.1806438 0.5952488 -0.7829731 0.2451897 0.5242556 -0.8154987 0.2050853 0.9785195 0.02096629 0.1432545 0.1267134 -0.9815407 0.1463682 0.7357472 -0.6612508 0.150125 0.1282426 -0.9803144 0.01602256 0.1494525 -0.9886391 -0.1366326 -0.9905792 -0.009186148 -0.0126959 -0.7540643 -0.656678 -0.1420677 -0.9894691 -0.02771157 -0.09885191 -0.7497974 -0.6542416 -0.1012008 -0.7228413 0.6835634 -0.1884554 -0.9820433 -0.008697926 -0.07074308 -0.6343382 0.7698121 0.2849631 -0.3281791 -0.900608 0.7398452 0.2600536 -0.6204848 0.1014772 -0.1428615 0.9845269 -0.1606214 -0.7162198 -0.6791392 -0.02948099 -0.5312381 0.8467095 0.1387725 -0.4778755 -0.8673968 0.1458199 -0.1522594 0.9775243 0.9491235 0.3143805 0.01815903 0.7438556 0.2554495 -0.6175957 0.7600806 0.2396978 -0.6040054 0.8583569 0.2848371 -0.4267216 0.9665539 0.2553876 0.0234695 0.8379895 0.2841925 0.4658414 0.6856328 0.2550141 0.6818179 0.598272 0.2551118 0.7595977 0.5949831 0.1551015 -0.788631 0.535365 0.1363896 0.833536 0.2602677 0.21867 0.9404489 0 0.276317 0.9610666 0 0.222146 0.9750135 -0.2602392 0.2186717 0.9404565 -0.598272 0.2551118 0.7595977 -0.535365 0.1363896 0.833536 -0.6856328 0.2550141 0.6818179 -0.9491235 0.3143805 0.01815903 -0.8379895 0.2841925 0.4658414 -0.9665539 0.2553876 0.0234695 -0.8583569 0.2848371 -0.4267216 -0.7438556 0.2554495 -0.6175957 -0.578924 0.269609 -0.7695181 -0.3964134 0.2679582 -0.8780973 0 0.3073327 -0.9516022 -0.2481799 0.3211812 -0.9139198 0 0.3133422 -0.9496403 0.2481799 0.3211812 -0.9139198 0.2887991 0.3181277 -0.9029894 0.2323411 0.2830942 -0.9305242 0 0.7447599 -0.6673327 0 1 -1.52593e-4 0 1 -3.96753e-4 0 0.1867166 -0.9824139 0 0.7465163 0.6653673 0 -0.653925 -0.7565594 0 0.1870223 0.9823557 0 -0.6564908 0.7543342 0.9576606 -0.2591382 0.1254337 0.7309339 -0.6604956 0.1717008 0.7905088 -0.5930495 0.1529318 0.9556829 -0.2622222 0.1338273 0.9918648 -0.1272944 7.01935e-4 0.9914568 -0.1304363 0 0.5673018 -0.7990996 0.1990195 0.9524185 -0.2764446 -0.1283645 0.9501983 -0.2800087 -0.1368151 0.5292013 -0.8361319 -0.1443248 0.5277687 -0.8378438 -0.1395643 -0.01794499 -0.9874327 -0.1570187 -0.9576606 -0.2591382 0.1254337 -0.7905088 -0.5930495 0.1529318 -0.7309339 -0.6604956 0.1717008 -0.9556829 -0.2622222 0.1338273 -0.9918648 -0.1272944 7.01935e-4 -0.9914568 -0.1304363 0 -0.5673018 -0.7990996 0.1990195 -0.9524185 -0.2764446 -0.1283645 -0.9501983 -0.2800087 -0.1368151 -0.5292013 -0.8361319 -0.1443248 -0.5277687 -0.8378438 -0.1395643 0.01794499 -0.9874327 -0.1570187 0.3762679 0.04156672 -0.9255781 0.3542037 0.03128194 -0.934645 0.3221912 0.7147902 -0.6206995 0.3201454 -0.7060596 -0.631654 0.3024718 0.7408133 -0.5997554 0.3109555 -0.7416057 -0.5944138 0.2548626 0.9607016 0.1099898 0.2517809 -0.9249668 -0.2846803 0.2345378 -0.9188632 -0.317305 0.2008792 0.9791869 0.02899348 0.1362074 0.6820442 0.7185147 0.1253741 0.7415322 0.659099 0.1045287 0.03448683 0.9939238 0.1026964 0.0332657 0.9941564 0.1209759 -0.7413287 0.660149 0.1694699 -0.6769946 0.716211 0.1596123 -0.9137881 0.3735172 0.2153123 -0.8552674 0.471337 -1 -7.55834e-7 0 -1 0 0 -1 2.12095e-6 0 -1 -1.90966e-6 0 -1 2.50614e-6 0 -1 2.2702e-6 0 -0.3762679 0.04156672 -0.9255781 -0.3221912 0.7147902 -0.6206995 -0.3542037 0.03128194 -0.934645 -0.3024718 0.7408133 -0.5997554 -0.3201454 -0.7060596 -0.631654 -0.3109555 -0.7416057 -0.5944138 -0.2548626 0.9607016 0.1099898 -0.2008792 0.9791869 0.02899348 -0.2517809 -0.9249668 -0.2846803 -0.1362074 0.6820442 0.7185147 -0.1253741 0.7415322 0.659099 -0.2345378 -0.9188632 -0.317305 -0.1045287 0.03448683 0.9939238 -0.1026964 0.0332657 0.9941564 -0.1209759 -0.7413287 0.660149 -0.1694699 -0.6769946 0.716211 -0.1596123 -0.9137881 0.3735172 -0.2153123 -0.8552674 0.471337 1 0 0 1 -7.55834e-7 0 1 3.05436e-6 0 1 2.3587e-6 0 1 -1.17516e-6 0 1 2.2702e-6 0 1 8.81252e-7 0 0.4152045 -0.7507038 -0.5138572 0.4157992 -0.751779 0.5118001 -0.4152045 -0.7507038 -0.5138572 -0.4157992 -0.751779 0.5118001</float_array>
          <technique_common>
            <accessor source="#Skl_Root__miiFighterB24A-mesh-normals-array" count="415" stride="3">
              <param name="X" type="float"/>
              <param name="Y" type="float"/>
              <param name="Z" type="float"/>
            </accessor>
          </technique_common>
        </source>
        <source id="Skl_Root__miiFighterB24A-mesh-map-0">
          <float_array id="Skl_Root__miiFighterB24A-mesh-map-0-array" count="3630">0.996695 0.781897 1.09064 0.728426 1.06116 0.781897 0.996695 0.781897 1.06535 0.686388 1.09064 0.728426 0.996695 0.781897 1.06116 0.781897 1.09064 0.835369 0.996695 0.781897 0.996695 0.684323 1.06535 0.686388 0.996695 0.781897 1.09064 0.835369 1.06535 0.877407 0.996695 0.781897 0.934495 0.680357 0.996695 0.684323 0.996695 0.781897 1.06535 0.877407 0.996695 0.879471 0.996695 0.781897 0.898791 0.727559 0.934495 0.680357 0.996695 0.781897 0.996695 0.879471 0.934495 0.883438 0.996695 0.781897 0.923705 0.781897 0.898791 0.727559 0.996695 0.781897 0.934495 0.883438 0.898791 0.836235 0.996695 0.781897 0.898791 0.836235 0.923705 0.781897 1.09064 0.728426 1.1067 0.781898 1.06116 0.781897 1.09064 0.728426 1.11429 0.752791 1.1067 0.781898 1.06116 0.781897 1.1067 0.781898 1.09064 0.835369 1.06535 0.686388 0.996695 0.684323 0.996695 0.647194 1.06535 0.686388 0.996695 0.647194 1.03906 0.659559 0.996695 0.684323 0.934495 0.680357 0.996695 0.647194 1.06535 0.877407 0.996695 0.9166 0.996695 0.879471 1.06535 0.877407 1.03906 0.904235 0.996695 0.9166 0.996695 0.879471 0.996695 0.9166 0.934495 0.883438 0.898791 0.727559 0.923705 0.781897 0.880028 0.781897 0.898791 0.727559 0.880028 0.781897 0.878618 0.752801 0.923705 0.781897 0.898791 0.836235 0.880028 0.781897 1.11429 0.752791 1.12122 0.78189 1.1067 0.781898 1.09064 0.835369 1.1067 0.781898 1.11429 0.811009 1.11429 0.811009 1.1067 0.781898 1.12122 0.78189 1.03906 0.659559 0.996695 0.647194 0.996695 0.638199 0.934495 0.680357 0.958919 0.656215 0.996695 0.647194 0.996695 0.647194 0.958919 0.656215 0.996695 0.638199 1.03906 0.904235 0.996695 0.925596 0.996695 0.9166 0.934495 0.883438 0.996695 0.9166 0.958919 0.90758 0.958919 0.90758 0.996695 0.9166 0.996695 0.925596 0.878618 0.752801 0.880028 0.781897 0.870156 0.781897 0.898791 0.836235 0.878618 0.810993 0.880028 0.781897 0.880028 0.781897 0.878618 0.810993 0.870156 0.781897 0.648801 0.850189 0.701866 0.771582 0.746379 0.850189 0.648801 0.850189 0.648757 0.771582 0.701866 0.771582 0.648801 0.850189 0.746379 0.850189 0.71319 0.927945 0.648801 0.850189 0.595647 0.771582 0.648757 0.771582 0.648801 0.850189 0.71319 0.927945 0.648833 0.932645 0.648801 0.850189 0.551224 0.850189 0.595647 0.771582 0.648801 0.850189 0.648833 0.932645 0.584522 0.927621 0.648801 0.850189 0.584522 0.927621 0.551224 0.850189 0.701866 0.771582 0.777889 0.771582 0.746379 0.850189 0.701866 0.771582 0.648757 0.771582 0.648727 0.720681 0.701866 0.771582 0.742226 0.720681 0.777889 0.771582 0.701866 0.771582 0.648727 0.720681 0.742226 0.720681 0.648757 0.771582 0.595647 0.771582 0.648727 0.720681 0.71319 0.927945 0.725134 0.995848 0.648833 0.932645 0.71319 0.927945 0.746379 0.850189 0.787299 0.937801 0.71319 0.927945 0.759365 0.961553 0.725134 0.995848 0.71319 0.927945 0.787299 0.937801 0.759365 0.961553 0.584522 0.927621 0.510466 0.936744 0.551224 0.850189 0.584522 0.927621 0.648833 0.932645 0.571891 0.995397 0.584522 0.927621 0.537898 0.960774 0.510466 0.936744 0.584522 0.927621 0.571891 0.995397 0.537898 0.960774 0.777889 0.771582 0.742226 0.720681 0.851924 0.720681 0.777889 0.771582 0.851924 0.850189 0.746379 0.850189 0.777889 0.771582 0.851924 0.720681 0.851924 0.771582 0.777889 0.771582 0.851924 0.771582 0.851924 0.850189 0.746379 0.850189 0.851924 0.850189 0.787299 0.937801 0.595647 0.771582 0.555229 0.720681 0.648727 0.720681 0.595647 0.771582 0.551224 0.850189 0.519624 0.771582 0.595647 0.771582 0.519624 0.771582 0.555229 0.720681 0.725134 0.995848 0.759365 0.961553 0.759541 0.99214 0.510466 0.936744 0.537898 0.960774 0.518439 0.954551 0.510466 0.936744 0.445694 0.850189 0.551224 0.850189 0.510466 0.936744 0.518439 0.954551 0.479142 0.945218 0.510466 0.936744 0.445713 0.93173 0.445694 0.850189 0.510466 0.936744 0.479142 0.945218 0.445713 0.93173 0.551224 0.850189 0.445694 0.850189 0.519624 0.771582 0.571891 0.995397 0.537458 0.99136 0.537898 0.960774 0.537898 0.960774 0.537458 0.99136 0.518439 0.954551 0.851924 0.850189 0.851924 0.93437 0.787299 0.937801 0.555229 0.720681 0.519624 0.771582 0.445952 0.720681 0.759365 0.961553 0.778861 0.955467 0.759541 0.99214 0.759365 0.961553 0.787299 0.937801 0.778861 0.955467 0.445713 0.93173 0.365659 0.937988 0.445694 0.850189 0.445713 0.93173 0.393835 0.944918 0.365659 0.937988 0.537458 0.99136 0.515556 0.98158 0.518439 0.954551 0.851924 0.93437 0.818351 0.946954 0.787299 0.937801 0.787299 0.937801 0.818351 0.946954 0.778861 0.955467 0.519624 0.771582 0.445678 0.771582 0.445952 0.720681 0.519624 0.771582 0.445694 0.850189 0.445678 0.771582 0.759541 0.99214 0.778861 0.955467 0.781563 0.98259 0.393835 0.944918 0.364695 0.955853 0.365659 0.937988 0.445952 0.720681 0.445678 0.771582 0.383828 0.771582 0.445952 0.720681 0.383828 0.771582 0.336789 0.720681 0.445678 0.771582 0.445694 0.850189 0.383828 0.771582 0.364695 0.955853 0.342603 0.958398 0.365659 0.937988 0.364695 0.955853 0.339975 0.978295 0.342603 0.958398 0.364695 0.955853 0.365454 0.968961 0.339975 0.978295 0.336789 0.720681 0.383828 0.771582 0.292948 0.771582 0.336789 0.720681 0.292948 0.771582 0.246169 0.720681 0.445694 0.850189 0.365659 0.937988 0.33555 0.850189 0.445694 0.850189 0.33555 0.850189 0.383828 0.771582 0.383828 0.771582 0.33555 0.850189 0.292948 0.771582 0.342603 0.958398 0.339975 0.978295 0.300088 0.992279 0.342603 0.958398 0.306837 0.924933 0.365659 0.937988 0.342603 0.958398 0.300088 0.992279 0.246067 0.968316 0.342603 0.958398 0.246067 0.968316 0.306837 0.924933 0.365659 0.937988 0.306837 0.924933 0.33555 0.850189 0.365454 0.968961 0.383787 0.972897 0.339975 0.978295 0.246169 0.720681 0.292948 0.771582 0.246148 0.771582 0.246169 0.720681 0.246148 0.771582 0.199348 0.771582 0.246169 0.720681 0.199348 0.771582 0.155284 0.720681 0.300088 0.992279 0.1919929 0.992221 0.246067 0.968316 0.300088 0.992279 0.339975 0.978295 0.346508 0.996319 0.306837 0.924933 0.246115 0.850189 0.33555 0.850189 0.306837 0.924933 0.246067 0.968316 0.246085 0.923263 0.306837 0.924933 0.246085 0.923263 0.246115 0.850189 0.246148 0.771582 0.292948 0.771582 0.246115 0.850189 0.246148 0.771582 0.246115 0.850189 0.199348 0.771582 0.292948 0.771582 0.33555 0.850189 0.246115 0.850189 0.383787 0.972897 0.375733 0.99619 0.339975 0.978295 0.383787 0.972897 0.399554 0.990096 0.375733 0.99619 0.375733 0.99619 0.346508 0.996319 0.339975 0.978295 0.155284 0.720681 0.199348 0.771582 0.1084679 0.771582 0.155284 0.720681 0.1084679 0.771582 0.04653245 0.720681 0.1919929 0.992221 0.149538 0.958318 0.246067 0.968316 0.1919929 0.992221 0.15215 0.978217 0.149538 0.958318 0.1919929 0.992221 0.1455979 0.996235 0.15215 0.978217 0.246085 0.923263 0.185332 0.924882 0.246115 0.850189 0.246085 0.923263 0.246067 0.968316 0.185332 0.924882 0.246067 0.968316 0.149538 0.958318 0.185332 0.924882 0.199348 0.771582 0.15668 0.850189 0.1084679 0.771582 0.199348 0.771582 0.246115 0.850189 0.15668 0.850189 0.246115 0.850189 0.185332 0.924882 0.15668 0.850189 0.04653245 0.720681 0.1084679 0.771582 0.04652786 0.771582 0.1455979 0.996235 0.116351 0.99608 0.15215 0.978217 0.149538 0.958318 0.1264989 0.937888 0.185332 0.924882 0.149538 0.958318 0.15215 0.978217 0.127448 0.955754 0.149538 0.958318 0.127448 0.955754 0.1264989 0.937888 0.185332 0.924882 0.1264989 0.937888 0.15668 0.850189 0.1084679 0.771582 0.04652065 0.850189 0.04652786 0.771582 0.1084679 0.771582 0.15668 0.850189 0.04652065 0.850189 0.15668 0.850189 0.1264989 0.937888 0.04652065 0.850189 0.116351 0.99608 0.108326 0.97278 0.15215 0.978217 0.116351 0.99608 0.09253519 0.989964 0.108326 0.97278 0.127448 0.955754 0.0983166 0.944795 0.1264989 0.937888 0.127448 0.955754 0.15215 0.978217 0.126678 0.968862 0.126678 0.968862 0.15215 0.978217 0.108326 0.97278 0.04652065 0.850189 0.1264989 0.937888 0.04651367 0.928692 0.04651367 0.928692 0.1264989 0.937888 0.0983166 0.944795 0.113539 0.160631 0.0914365 0.179458 0.09143656 0.160631 0.113539 0.160631 0.113539 0.179458 0.0914365 0.179458 0.113539 0.160631 0.09143656 0.160631 0.0914365 0.005388319 0.113539 0.160631 0.140666 0.179458 0.113539 0.179458 0.113539 0.160631 0.0914365 0.005388319 0.113539 0.00538814 0.113539 0.160631 0.140666 0.160631 0.140666 0.179458 0.113539 0.160631 0.113539 0.00538814 0.140666 0.141478 0.113539 0.160631 0.140666 0.141478 0.140666 0.160631 0.0914365 0.179458 0.06295418 0.179458 0.09143656 0.160631 0.0914365 0.005388319 0.09143656 0.160631 0.06295377 0.160631 0.0914365 0.005388319 0.06295377 0.160631 0.0629543 0.005388319 0.09143656 0.160631 0.06295418 0.179458 0.06295377 0.160631 0.140666 0.179458 0.140666 0.160631 0.1641989 0.160631 0.140666 0.179458 0.1641989 0.160631 0.1641989 0.179458 0.113539 0.00538814 0.140666 0.005388557 0.140666 0.141478 0.0629543 0.005388319 0.06295377 0.160631 0.03731358 0.160631 0.0629543 0.005388319 0.03731358 0.160631 0.03731256 0.005390584 0.06295377 0.160631 0.06295418 0.179458 0.03731358 0.160631 0.140666 0.160631 0.1641989 0.141478 0.1641989 0.160631 0.140666 0.160631 0.140666 0.141478 0.1641989 0.141478 0.1641989 0.179458 0.1641989 0.160631 0.189608 0.160631 0.1641989 0.179458 0.189608 0.160631 0.189608 0.179458 0.140666 0.005388557 0.1641989 0.005388319 0.140666 0.141478 0.140666 0.141478 0.1641989 0.005388319 0.1641989 0.141478 0.03731256 0.005390584 0.03731358 0.160631 0.008950293 0.005392909 0.06295418 0.179458 0.03731328 0.179458 0.03731358 0.160631 0.1641989 0.160631 0.189607 0.141478 0.189608 0.160631 0.1641989 0.160631 0.1641989 0.141478 0.189607 0.141478 0.189608 0.179458 0.189608 0.160631 0.218297 0.160631 0.189608 0.179458 0.218297 0.160631 0.218297 0.179458 0.189608 0.160631 0.189607 0.141478 0.218297 0.160631 0.1641989 0.005388319 0.189607 0.005389273 0.1641989 0.141478 0.1641989 0.141478 0.189607 0.005389273 0.189607 0.141478 0.008950293 0.005392909 0.03731358 0.160631 0.00895214 0.160631 0.03731358 0.160631 0.03731328 0.179458 0.00895214 0.160631 0.218297 0.160631 0.189607 0.141478 0.218296 0.005389273 0.218296 0.005389273 0.189607 0.141478 0.189607 0.005389273 0.03731328 0.179458 0.0089522 0.179458 0.00895214 0.160631 0.809424 0.09984552 0.781135 0.100014 0.780975 0.07597351 0.809424 0.09984552 0.781292 0.1237789 0.781135 0.100014 0.809424 0.09984552 0.780975 0.07597351 0.809191 0.06463891 0.809424 0.09984552 0.809653 0.134649 0.781292 0.1237789 0.809424 0.09984552 0.809191 0.06463891 0.842808 0.06450808 0.809424 0.09984552 0.841929 0.13282 0.809653 0.134649 0.809424 0.09984552 0.842808 0.06450808 0.839376 0.09964311 0.809424 0.09984552 0.839376 0.09964311 0.841929 0.13282 0.842808 0.06450808 0.858822 0.09923762 0.839376 0.09964311 0.842808 0.06450808 0.879879 0.08090317 0.858822 0.09923762 0.842808 0.06450808 0.879561 0.06249481 0.879879 0.08090317 0.842808 0.06450808 0.841123 0.03247791 0.879561 0.06249481 0.839376 0.09964311 0.858822 0.09923762 0.841929 0.13282 0.879879 0.08090317 0.879561 0.06249481 0.914399 0.06657189 0.879879 0.08090317 0.879388 0.09890908 0.858822 0.09923762 0.879879 0.08090317 0.914399 0.06657189 0.899992 0.09898471 0.879879 0.08090317 0.899992 0.09898471 0.879388 0.09890908 0.841123 0.03247791 0.879581 0.0324186 0.879561 0.06249481 0.841123 0.03247791 0.879497 0.004190027 0.879581 0.0324186 0.841123 0.03247791 0.853237 0.004189074 0.879497 0.004190027 0.841929 0.13282 0.858822 0.09923762 0.880189 0.116891 0.841929 0.13282 0.880189 0.116891 0.880397 0.135354 0.841929 0.13282 0.880397 0.135354 0.842095 0.16588 0.879388 0.09890908 0.899992 0.09898471 0.880189 0.116891 0.879388 0.09890908 0.880189 0.116891 0.858822 0.09923762 0.914399 0.06657189 0.879561 0.06249481 0.912937 0.03244042 0.914399 0.06657189 0.917797 0.09886431 0.899992 0.09898471 0.914399 0.06657189 0.947437 0.06530022 0.917797 0.09886431 0.879581 0.0324186 0.879497 0.004190027 0.912937 0.03244042 0.879581 0.0324186 0.912937 0.03244042 0.879561 0.06249481 0.880397 0.135354 0.880861 0.165304 0.842095 0.16588 0.880397 0.135354 0.880189 0.116891 0.914973 0.1308529 0.880397 0.135354 0.914777 0.1648 0.880861 0.165304 0.880397 0.135354 0.914973 0.1308529 0.914777 0.1648 0.899992 0.09898471 0.917797 0.09886431 0.914973 0.1308529 0.899992 0.09898471 0.914973 0.1308529 0.880189 0.116891 0.947437 0.06530022 0.947749 0.09858763 0.917797 0.09886431 0.947437 0.06530022 0.976038 0.09830319 0.947749 0.09858763 0.947437 0.06530022 0.975824 0.07557392 0.976038 0.09830319 0.879497 0.004190027 0.902521 0.004191637 0.912937 0.03244042 0.842095 0.16588 0.880861 0.165304 0.881197 0.193592 0.842095 0.16588 0.881197 0.193592 0.854726 0.193985 0.880861 0.165304 0.914777 0.1648 0.881197 0.193592 0.914973 0.1308529 0.917797 0.09886431 0.948058 0.1314899 0.947749 0.09858763 0.976038 0.09830319 0.948058 0.1314899 0.947749 0.09858763 0.948058 0.1314899 0.917797 0.09886431 0.914777 0.1648 0.904356 0.193247 0.881197 0.193592 0.976038 0.09830319 0.976248 0.120769 0.948058 0.1314899 0.341519 0.160631 0.363622 0.160631 0.363622 0.179458 0.341519 0.160631 0.363622 0.005388319 0.363622 0.160631 0.341519 0.160631 0.363622 0.179458 0.341519 0.179458 0.341519 0.160631 0.34152 0.00538814 0.363622 0.005388319 0.341519 0.160631 0.341519 0.179458 0.314393 0.179458 0.341519 0.160631 0.314393 0.141478 0.34152 0.00538814 0.341519 0.160631 0.314393 0.179458 0.314393 0.160631 0.341519 0.160631 0.314393 0.160631 0.314393 0.141478 0.363622 0.160631 0.392104 0.179458 0.363622 0.179458 0.363622 0.160631 0.363622 0.005388319 0.392105 0.160631 0.363622 0.160631 0.392105 0.160631 0.392104 0.179458 0.34152 0.00538814 0.314393 0.141478 0.314393 0.005388557 0.314393 0.179458 0.290859 0.160631 0.314393 0.160631 0.314393 0.179458 0.290859 0.179458 0.290859 0.160631 0.363622 0.005388319 0.392104 0.005388319 0.392105 0.160631 0.392104 0.179458 0.392105 0.160631 0.417745 0.160631 0.392104 0.179458 0.417745 0.160631 0.417745 0.179458 0.392105 0.160631 0.392104 0.005388319 0.417745 0.160631 0.314393 0.141478 0.290859 0.005388319 0.314393 0.005388557 0.314393 0.141478 0.314393 0.160631 0.290859 0.141478 0.314393 0.141478 0.290859 0.141478 0.290859 0.005388319 0.314393 0.160631 0.290859 0.160631 0.290859 0.141478 0.290859 0.179458 0.265451 0.160631 0.290859 0.160631 0.290859 0.179458 0.265451 0.179458 0.265451 0.160631 0.417745 0.179458 0.417745 0.160631 0.446106 0.160631 0.417745 0.179458 0.446106 0.160631 0.446106 0.179458 0.392104 0.005388319 0.417746 0.005390584 0.417745 0.160631 0.290859 0.005388319 0.290859 0.141478 0.265451 0.005389273 0.290859 0.160631 0.265451 0.160631 0.265451 0.141478 0.290859 0.160631 0.265451 0.141478 0.290859 0.141478 0.290859 0.141478 0.265451 0.141478 0.265451 0.005389273 0.265451 0.179458 0.236761 0.160631 0.265451 0.160631 0.265451 0.179458 0.236761 0.179458 0.236761 0.160631 0.265451 0.160631 0.236761 0.160631 0.265451 0.141478 0.446106 0.160631 0.417745 0.160631 0.446108 0.005392909 0.446108 0.005392909 0.417745 0.160631 0.417746 0.005390584 0.265451 0.005389273 0.265451 0.141478 0.236762 0.005389273 0.236762 0.005389273 0.265451 0.141478 0.236761 0.160631 0.854909 0.272639 0.883358 0.248767 0.883198 0.272807 0.854909 0.272639 0.855142 0.237432 0.883358 0.248767 0.854909 0.272639 0.883198 0.272807 0.883042 0.296572 0.854909 0.272639 0.821525 0.237302 0.855142 0.237432 0.854909 0.272639 0.883042 0.296572 0.85468 0.307442 0.854909 0.272639 0.824957 0.272436 0.821525 0.237302 0.854909 0.272639 0.85468 0.307442 0.822404 0.305613 0.854909 0.272639 0.822404 0.305613 0.824957 0.272436 0.821525 0.237302 0.824957 0.272436 0.805511 0.272031 0.821525 0.237302 0.805511 0.272031 0.784454 0.253697 0.821525 0.237302 0.784454 0.253697 0.784772 0.235288 0.821525 0.237302 0.784772 0.235288 0.82321 0.205271 0.824957 0.272436 0.822404 0.305613 0.805511 0.272031 0.784454 0.253697 0.749934 0.239365 0.784772 0.235288 0.784454 0.253697 0.805511 0.272031 0.784945 0.271702 0.784454 0.253697 0.764342 0.271778 0.749934 0.239365 0.784454 0.253697 0.784945 0.271702 0.764342 0.271778 0.82321 0.205271 0.784772 0.235288 0.784752 0.2052119 0.82321 0.205271 0.784752 0.2052119 0.784836 0.1769829 0.82321 0.205271 0.784836 0.1769829 0.811096 0.176982 0.822404 0.305613 0.784144 0.289684 0.805511 0.272031 0.822404 0.305613 0.783936 0.308148 0.784144 0.289684 0.822404 0.305613 0.822238 0.338673 0.783936 0.308148 0.784945 0.271702 0.784144 0.289684 0.764342 0.271778 0.784945 0.271702 0.805511 0.272031 0.784144 0.289684 0.749934 0.239365 0.751396 0.205234 0.784772 0.235288 0.749934 0.239365 0.764342 0.271778 0.746536 0.271658 0.749934 0.239365 0.746536 0.271658 0.716896 0.238094 0.784752 0.2052119 0.751396 0.205234 0.784836 0.1769829 0.784752 0.2052119 0.784772 0.235288 0.751396 0.205234 0.822238 0.338673 0.783472 0.338097 0.783936 0.308148 0.822238 0.338673 0.783136 0.366385 0.783472 0.338097 0.822238 0.338673 0.809607 0.366779 0.783136 0.366385 0.784144 0.289684 0.74936 0.303646 0.764342 0.271778 0.784144 0.289684 0.783936 0.308148 0.74936 0.303646 0.764342 0.271778 0.74936 0.303646 0.746536 0.271658 0.716896 0.238094 0.746536 0.271658 0.716584 0.271381 0.716896 0.238094 0.716584 0.271381 0.688295 0.271097 0.716896 0.238094 0.688295 0.271097 0.688509 0.248367 0.784836 0.1769829 0.751396 0.205234 0.761812 0.176985 0.783472 0.338097 0.783136 0.366385 0.749556 0.337593 0.783472 0.338097 0.749556 0.337593 0.783936 0.308148 0.783936 0.308148 0.749556 0.337593 0.74936 0.303646 0.746536 0.271658 0.716275 0.304283 0.716584 0.271381 0.746536 0.271658 0.74936 0.303646 0.716275 0.304283 0.716584 0.271381 0.716275 0.304283 0.688295 0.271097 0.783136 0.366385 0.759977 0.366041 0.749556 0.337593 0.716275 0.304283 0.688085 0.293563 0.688295 0.271097 0.487614 0.48081 0.552486 0.577196 0.487614 0.577196 0.487614 0.48081 0.552486 0.48081 0.552486 0.577196 0.487614 0.48081 0.487614 0.577196 0.428912 0.49162 0.487614 0.48081 0.552486 0.46968 0.552486 0.48081 0.487614 0.48081 0.428912 0.49162 0.428912 0.48081 0.487614 0.48081 0.487614 0.358887 0.552486 0.46968 0.487614 0.48081 0.428912 0.48081 0.428912 0.46968 0.487614 0.48081 0.428912 0.46968 0.487614 0.358887 0.552486 0.577196 0.552486 0.48081 0.597426 0.48081 0.552486 0.577196 0.597426 0.48081 0.597425 0.577196 0.552486 0.48081 0.552486 0.46968 0.597426 0.48081 0.487614 0.577196 0.428912 0.577196 0.428912 0.49162 0.428912 0.48081 0.40654 0.46968 0.428912 0.46968 0.428912 0.48081 0.428912 0.49162 0.40654 0.49162 0.428912 0.48081 0.40654 0.48081 0.40654 0.46968 0.428912 0.48081 0.40654 0.49162 0.40654 0.48081 0.428912 0.49162 0.428912 0.577196 0.40654 0.49162 0.487614 0.358887 0.552486 0.358886 0.552486 0.46968 0.487614 0.358887 0.428912 0.46968 0.428912 0.358886 0.597425 0.577196 0.597426 0.48081 0.660518 0.48081 0.597425 0.577196 0.660518 0.48081 0.660518 0.577196 0.40654 0.46968 0.40654 0.48081 0.34727 0.48081 0.40654 0.46968 0.40654 0.358886 0.428912 0.46968 0.40654 0.46968 0.34727 0.48081 0.34727 0.358886 0.40654 0.46968 0.34727 0.358886 0.40654 0.358886 0.40654 0.358886 0.428912 0.358886 0.428912 0.46968 0.40654 0.48081 0.40654 0.49162 0.34727 0.48081 0.428912 0.577196 0.40654 0.577196 0.40654 0.49162 0.552486 0.358886 0.597425 0.358886 0.552486 0.46968 0.597426 0.48081 0.597425 0.46968 0.660518 0.48081 0.597426 0.48081 0.552486 0.46968 0.597425 0.46968 0.552486 0.46968 0.597425 0.358886 0.597425 0.46968 0.34727 0.48081 0.40654 0.49162 0.347269 0.577196 0.347269 0.577196 0.40654 0.49162 0.40654 0.577196 0.660518 0.48081 0.597425 0.46968 0.660517 0.358886 0.660517 0.358886 0.597425 0.46968 0.597425 0.358886 0.1805509 0.48081 0.115679 0.577196 0.115679 0.48081 0.1805509 0.48081 0.1805509 0.577196 0.115679 0.577196 0.1805509 0.48081 0.115679 0.48081 0.115679 0.46968 0.1805509 0.48081 0.239253 0.49162 0.1805509 0.577196 0.1805509 0.48081 0.115679 0.46968 0.1805509 0.358887 0.1805509 0.48081 0.239253 0.48081 0.239253 0.49162 0.1805509 0.48081 0.1805509 0.358887 0.239253 0.46968 0.1805509 0.48081 0.239253 0.46968 0.239253 0.48081 0.115679 0.577196 0.07073926 0.48081 0.115679 0.48081 0.115679 0.577196 0.07073968 0.577196 0.07073926 0.48081 0.115679 0.48081 0.07073926 0.48081 0.115679 0.46968 0.1805509 0.577196 0.239253 0.49162 0.239252 0.577196 0.1805509 0.358887 0.239252 0.358886 0.239253 0.46968 0.1805509 0.358887 0.115679 0.46968 0.115679 0.358886 0.239253 0.48081 0.261625 0.49162 0.239253 0.49162 0.239253 0.48081 0.239253 0.46968 0.261625 0.46968 0.239253 0.48081 0.261625 0.48081 0.261625 0.49162 0.239253 0.48081 0.261625 0.46968 0.261625 0.48081 0.239253 0.49162 0.261625 0.49162 0.239252 0.577196 0.07073968 0.577196 0.00764662 0.48081 0.07073926 0.48081 0.07073968 0.577196 0.00764662 0.577196 0.00764662 0.48081 0.239252 0.358886 0.261625 0.358886 0.239253 0.46968 0.239253 0.46968 0.261625 0.358886 0.261625 0.46968 0.115679 0.46968 0.0707395 0.358886 0.115679 0.358886 0.115679 0.46968 0.07073926 0.48081 0.07073968 0.46968 0.115679 0.46968 0.07073968 0.46968 0.0707395 0.358886 0.07073926 0.48081 0.00764662 0.48081 0.07073968 0.46968 0.261625 0.48081 0.320895 0.48081 0.261625 0.49162 0.261625 0.48081 0.261625 0.46968 0.320895 0.48081 0.239252 0.577196 0.261625 0.49162 0.261625 0.577196 0.261625 0.358886 0.320895 0.358886 0.261625 0.46968 0.261625 0.46968 0.320895 0.358886 0.320895 0.48081 0.0707395 0.358886 0.07073968 0.46968 0.007647871 0.358886 0.007647871 0.358886 0.07073968 0.46968 0.00764662 0.48081 0.261625 0.49162 0.320896 0.577196 0.261625 0.577196 0.261625 0.49162 0.320895 0.48081 0.320896 0.577196 0.821601 0.502875 0.796413 0.564672 0.801963 0.506257 0.821601 0.502875 0.819715 0.574033 0.796413 0.564672 0.821601 0.502875 0.801963 0.506257 0.803968 0.476756 0.821601 0.502875 0.872935 0.503458 0.819715 0.574033 0.821601 0.502875 0.803968 0.476756 0.829181 0.476914 0.821601 0.502875 0.829181 0.476914 0.872935 0.503458 0.819715 0.574033 0.872935 0.503458 0.84849 0.553616 0.803968 0.476756 0.828227 0.448466 0.829181 0.476914 0.803968 0.476756 0.804516 0.440895 0.828227 0.448466 0.872935 0.503458 0.829181 0.476914 0.875664 0.477254 0.804516 0.440895 0.818091 0.387236 0.828227 0.448466 0.829181 0.476914 0.874955 0.447301 0.875664 0.477254 0.829181 0.476914 0.828227 0.448466 0.874955 0.447301 0.818091 0.387236 0.842405 0.38825 0.828227 0.448466 0.828227 0.448466 0.842405 0.38825 0.874955 0.447301 0.630666 0.1083199 0.605557 0.109996 0.59777 0.03411108 0.630666 0.1083199 0.607807 0.149115 0.605557 0.109996 0.630666 0.1083199 0.59777 0.03411108 0.627002 0.02140802 0.630666 0.1083199 0.64152 0.149228 0.607807 0.149115 0.630666 0.1083199 0.627002 0.02140802 0.698091 0.116571 0.630666 0.1083199 0.698091 0.116571 0.64152 0.149228 0.607807 0.149115 0.64152 0.149228 0.638033 0.193358 0.607807 0.149115 0.638033 0.193358 0.607612 0.197697 0.627002 0.02140802 0.662882 0.03932732 0.698091 0.116571 0.64152 0.149228 0.697669 0.188832 0.638033 0.193358 0.64152 0.149228 0.698091 0.116571 0.703292 0.150544 0.64152 0.149228 0.703292 0.150544 0.697669 0.188832 0.607612 0.197697 0.638033 0.193358 0.618662 0.271248 0.697669 0.188832 0.647719 0.269593 0.638033 0.193358 0.638033 0.193358 0.647719 0.269593 0.618662 0.271248 0.54325 0.108355 0.575939 0.0341227 0.568034 0.110014 0.54325 0.108355 0.546781 0.02137279 0.575939 0.0341227 0.54325 0.108355 0.568034 0.110014 0.565903 0.1490859 0.54325 0.108355 0.475644 0.11664 0.546781 0.02137279 0.54325 0.108355 0.565903 0.1490859 0.532245 0.149236 0.54325 0.108355 0.532245 0.149236 0.475644 0.11664 0.546781 0.02137279 0.475644 0.11664 0.510843 0.03935372 0.565903 0.1490859 0.535801 0.193351 0.532245 0.149236 0.565903 0.1490859 0.566044 0.197679 0.535801 0.193351 0.475644 0.11664 0.532245 0.149236 0.470421 0.150519 0.566044 0.197679 0.555006 0.271266 0.535801 0.193351 0.532245 0.149236 0.476057 0.188817 0.470421 0.150519 0.532245 0.149236 0.535801 0.193351 0.476057 0.188817 0.555006 0.271266 0.526044 0.269568 0.535801 0.193351 0.476057 0.188817 0.535801 0.193351 0.526044 0.269568 0.742322 0.474316 0.696745 0.500881 0.695839 0.474656 0.742322 0.474316 0.749902 0.500277 0.696745 0.500881 0.742322 0.474316 0.695839 0.474656 0.696548 0.444703 0.742322 0.474316 0.767535 0.474158 0.749902 0.500277 0.742322 0.474316 0.696548 0.444703 0.743276 0.445868 0.742322 0.474316 0.743276 0.445868 0.767535 0.474158 0.696745 0.500881 0.749902 0.500277 0.751787 0.571435 0.696745 0.500881 0.751787 0.571435 0.723013 0.551018 0.696548 0.444703 0.729097 0.385652 0.743276 0.445868 0.767535 0.474158 0.76954 0.503659 0.749902 0.500277 0.767535 0.474158 0.743276 0.445868 0.766987 0.438297 0.751787 0.571435 0.749902 0.500277 0.77509 0.562074 0.77509 0.562074 0.749902 0.500277 0.76954 0.503659 0.729097 0.385652 0.753411 0.384638 0.743276 0.445868 0.743276 0.445868 0.753411 0.384638 0.766987 0.438297 0.734255 0.705924 0.805717 0.614283 0.829936 0.705924 0.734255 0.705924 0.774806 0.600166 0.805717 0.614283 0.734255 0.705924 0.73566 0.594079 0.774806 0.600166 0.734255 0.705924 0.692708 0.600322 0.73566 0.594079 0.734255 0.705924 0.658306 0.614283 0.692708 0.600322 0.734255 0.705924 0.638294 0.705924 0.658306 0.614283 0.829936 0.705924 0.805717 0.614283 0.86947 0.614283 0.638294 0.705924 0.611863 0.614283 0.658306 0.614283 0.638294 0.705924 0.581268 0.59646 0.611863 0.614283 0.638294 0.705924 0.553276 0.705924 0.581268 0.59646 0.553276 0.705924 0.553298 0.589525 0.581268 0.59646 0.553276 0.705924 0.525332 0.59646 0.553298 0.589525 0.553276 0.705924 0.468246 0.705924 0.525332 0.59646 0.468246 0.705924 0.494731 0.614283 0.525332 0.59646 0.468246 0.705924 0.44834 0.614283 0.494731 0.614283 0.468246 0.705924 0.372063 0.705924 0.44834 0.614283 0.372063 0.705924 0.414036 0.600322 0.44834 0.614283 0.372063 0.705924 0.37132 0.594079 0.414036 0.600322 0.372063 0.705924 0.33254 0.600166 0.37132 0.594079 0.372063 0.705924 0.302094 0.614283 0.33254 0.600166 0.372063 0.705924 0.274019 0.705924 0.302094 0.614283 0.274019 0.705924 0.243787 0.614283 0.302094 0.614283 0.274019 0.705924 0.189948 0.705924 0.243787 0.614283 0.189948 0.705924 0.217249 0.595165 0.243787 0.614283 0.189948 0.705924 0.187931 0.592536 0.217249 0.595165 0.189948 0.705924 0.158414 0.595165 0.187931 0.592536 0.189948 0.705924 0.1314989 0.614283 0.158414 0.595165 0.189948 0.705924 0.110317 0.705924 0.1314989 0.614283 0.139876 0.341968 0.1127499 0.2493799 0.139877 0.2493799 0.139876 0.341968 0.1127499 0.341968 0.1127499 0.2493799 0.139876 0.341968 0.139877 0.2493799 0.16341 0.2493799 0.139876 0.341968 0.16341 0.2493799 0.16341 0.341968 0.1127499 0.341968 0.09064728 0.341968 0.1127499 0.2493799 0.16341 0.2493799 0.188819 0.325731 0.16341 0.341968 0.16341 0.2493799 0.188819 0.2493799 0.188819 0.325731 0.09064728 0.341968 0.09064728 0.2493799 0.1127499 0.2493799 0.09064728 0.341968 0.06216478 0.2493799 0.09064728 0.2493799 0.09064728 0.341968 0.06216424 0.341968 0.06216478 0.2493799 0.188819 0.2493799 0.217508 0.309431 0.188819 0.325731 0.188819 0.2493799 0.217508 0.2493799 0.217508 0.309431 0.06216424 0.341968 0.03652459 0.325731 0.06216478 0.2493799 0.03652459 0.325731 0.03652417 0.2493799 0.06216478 0.2493799 0.03652459 0.325731 0.008163869 0.309431 0.03652417 0.2493799 0.008163869 0.309431 0.008163332 0.2493799 0.03652417 0.2493799 0.706239 0.114283 0.662882 0.03932732 0.670919 0.034312 0.706239 0.114283 0.698091 0.116571 0.662882 0.03932732 0.706239 0.114283 0.703292 0.150544 0.698091 0.116571 0.706239 0.114283 0.710656 0.150535 0.703292 0.150544 0.670919 0.034312 0.662882 0.03932732 0.627002 0.02140802 0.710656 0.150535 0.70513 0.191942 0.703292 0.150544 0.70513 0.191942 0.697669 0.188832 0.703292 0.150544 0.70513 0.191942 0.647719 0.269593 0.697669 0.188832 0.70513 0.191942 0.652686 0.277817 0.647719 0.269593 0.652686 0.277817 0.618662 0.271248 0.647719 0.269593 0.34161 0.2493799 0.314483 0.341968 0.314483 0.2493799 0.34161 0.2493799 0.34161 0.341968 0.314483 0.341968 0.34161 0.2493799 0.363712 0.341968 0.34161 0.341968 0.34161 0.2493799 0.363712 0.2493799 0.363712 0.341968 0.314483 0.2493799 0.314483 0.341968 0.29095 0.2493799 0.363712 0.2493799 0.392195 0.2493799 0.363712 0.341968 0.314483 0.341968 0.290949 0.341968 0.29095 0.2493799 0.392195 0.2493799 0.392195 0.341968 0.363712 0.341968 0.392195 0.2493799 0.417835 0.325731 0.392195 0.341968 0.392195 0.2493799 0.417835 0.2493799 0.417835 0.325731 0.290949 0.341968 0.265541 0.325731 0.29095 0.2493799 0.417835 0.2493799 0.446196 0.309431 0.417835 0.325731 0.417835 0.2493799 0.446196 0.2493799 0.446196 0.309431 0.265541 0.325731 0.265541 0.2493799 0.29095 0.2493799 0.265541 0.325731 0.236851 0.309431 0.265541 0.2493799 0.236851 0.309431 0.236851 0.2493799 0.265541 0.2493799 0.46749 0.114251 0.502806 0.03426951 0.510843 0.03935372 0.46749 0.114251 0.510843 0.03935372 0.475644 0.11664 0.46749 0.114251 0.475644 0.11664 0.470421 0.150519 0.46749 0.114251 0.470421 0.150519 0.463095 0.150526 0.502806 0.03426951 0.546781 0.02137279 0.510843 0.03935372 0.470421 0.150519 0.468618 0.191964 0.463095 0.150526 0.470421 0.150519 0.476057 0.188817 0.468618 0.191964 0.476057 0.188817 0.526044 0.269568 0.468618 0.191964 0.526044 0.269568 0.521097 0.277846 0.468618 0.191964 0.526044 0.269568 0.555006 0.271266 0.521097 0.277846 0.1641989 0.179458 0.1641989 0.237166 0.140666 0.237166 0.1641989 0.179458 0.189608 0.237166 0.1641989 0.237166 0.1641989 0.179458 0.140666 0.237166 0.140666 0.179458 0.1641989 0.179458 0.189608 0.179458 0.189608 0.237166 0.140666 0.237166 0.113539 0.237166 0.140666 0.179458 0.189608 0.179458 0.218297 0.237166 0.189608 0.237166 0.189608 0.179458 0.218297 0.179458 0.218297 0.237166 0.113539 0.237166 0.113539 0.179458 0.140666 0.179458 0.113539 0.237166 0.0914365 0.237166 0.113539 0.179458 0.0914365 0.237166 0.0914365 0.179458 0.113539 0.179458 0.0914365 0.237166 0.06295418 0.179458 0.0914365 0.179458 0.0914365 0.237166 0.062954 0.237166 0.06295418 0.179458 0.062954 0.237166 0.03731328 0.179458 0.06295418 0.179458 0.062954 0.237166 0.0373134 0.237166 0.03731328 0.179458 0.0373134 0.237166 0.0089522 0.179458 0.03731328 0.179458 0.0373134 0.237166 0.008952438 0.237166 0.0089522 0.179458 0.911212 0.573466 0.924148 0.593715 0.909355 0.602651 0.911212 0.573466 0.909355 0.602651 0.893631 0.573968 0.911212 0.573466 0.893631 0.573968 0.908691 0.541657 0.911212 0.573466 0.908691 0.541657 0.923048 0.550403 0.924148 0.593715 0.944076 0.614746 0.909355 0.602651 0.924148 0.593715 0.944109 0.603559 0.944076 0.614746 0.908691 0.541657 0.944013 0.531338 0.923048 0.550403 0.944109 0.603559 0.967906 0.59814 0.944076 0.614746 0.944109 0.603559 0.963861 0.593883 0.967906 0.59814 0.944013 0.531338 0.94418 0.543129 0.923048 0.550403 0.944013 0.531338 0.969318 0.545324 0.94418 0.543129 0.963861 0.593883 0.977001 0.573543 0.967906 0.59814 0.969318 0.545324 0.965054 0.550262 0.94418 0.543129 0.969318 0.545324 0.980995 0.573553 0.965054 0.550262 0.980995 0.573553 0.977001 0.573543 0.965054 0.550262 0.980995 0.573553 0.967906 0.59814 0.977001 0.573543 0.290859 0.179458 0.314393 0.237166 0.290859 0.237166 0.290859 0.179458 0.314393 0.179458 0.314393 0.237166 0.290859 0.179458 0.290859 0.237166 0.265451 0.237166 0.290859 0.179458 0.265451 0.237166 0.265451 0.179458 0.314393 0.179458 0.341519 0.237166 0.314393 0.237166 0.314393 0.179458 0.341519 0.179458 0.341519 0.237166 0.265451 0.237166 0.236761 0.237166 0.265451 0.179458 0.341519 0.179458 0.363622 0.237166 0.341519 0.237166 0.341519 0.179458 0.363622 0.179458 0.363622 0.237166 0.236761 0.237166 0.236761 0.179458 0.265451 0.179458 0.363622 0.179458 0.392104 0.179458 0.363622 0.237166 0.392104 0.179458 0.392104 0.237166 0.363622 0.237166 0.392104 0.179458 0.417745 0.179458 0.392104 0.237166 0.417745 0.179458 0.417745 0.237166 0.392104 0.237166 0.417745 0.179458 0.446106 0.179458 0.417745 0.237166 0.446106 0.179458 0.446106 0.237166 0.417745 0.237166 0.969173 0.458762 0.986755 0.459264 0.971031 0.487949 0.969173 0.458762 0.971698 0.42695 0.986755 0.459264 0.969173 0.458762 0.971031 0.487949 0.956237 0.479013 0.969173 0.458762 0.957339 0.435696 0.971698 0.42695 0.971031 0.487949 0.936309 0.500048 0.956237 0.479013 0.957339 0.435696 0.936373 0.416631 0.971698 0.42695 0.957339 0.435696 0.936205 0.428423 0.936373 0.416631 0.936309 0.500048 0.936276 0.488859 0.956237 0.479013 0.936309 0.500048 0.912478 0.483439 0.936276 0.488859 0.936205 0.428423 0.911067 0.43062 0.936373 0.416631 0.936205 0.428423 0.91533 0.435558 0.911067 0.43062 0.912478 0.483439 0.916523 0.479182 0.936276 0.488859 0.912478 0.483439 0.903382 0.45884 0.916523 0.479182 0.912478 0.483439 0.899388 0.45885 0.903382 0.45884 0.899388 0.45885 0.91533 0.435558 0.903382 0.45884 0.899388 0.45885 0.911067 0.43062 0.91533 0.435558 0.946481 0.378722 0.921215 0.336956 0.946482 0.29519 0.946481 0.378722 0.946482 0.29519 0.971748 0.29519 0.946481 0.378722 0.971748 0.29519 0.971748 0.378722 0.971748 0.29519 0.997015 0.330125 0.971748 0.378722 0.969806 0.269678 0.969806 0.186146 0.995072 0.227912 0.969806 0.269678 0.944539 0.186146 0.969806 0.186146 0.969806 0.269678 0.944539 0.269678 0.944539 0.186146 0.944539 0.269678 0.919272 0.221081 0.944539 0.186146 0.217508 0.309431 0.217508 0.32573 0.188819 0.325731 0.03652459 0.325731 0.008164227 0.32573 0.008163869 0.309431 0.236851 0.309431 0.265541 0.325731 0.236851 0.32573 0.417835 0.325731 0.446196 0.309431 0.446195 0.32573</float_array>
          <technique_common>
            <accessor source="#Skl_Root__miiFighterB24A-mesh-map-0-array" count="1815" stride="2">
              <param name="S" type="float"/>
              <param name="T" type="float"/>
            </accessor>
          </technique_common>
        </source>
        <vertices id="Skl_Root__miiFighterB24A-mesh-vertices">
          <input semantic="POSITION" source="#Skl_Root__miiFighterB24A-mesh-positions"/>
        </vertices>
        <triangles material="miiFighterB24A-material" count="605">
          <input semantic="VERTEX" source="#Skl_Root__miiFighterB24A-mesh-vertices" offset="0"/>
          <input semantic="NORMAL" source="#Skl_Root__miiFighterB24A-mesh-normals" offset="1"/>
          <input semantic="TEXCOORD" source="#Skl_Root__miiFighterB24A-mesh-map-0" offset="2" set="0"/>
          <p>0 0 0 1 1 1 2 2 2 0 0 3 3 3 4 1 1 5 0 0 6 2 2 7 4 4 8 0 0 9 5 5 10 3 3 11 0 0 12 4 4 13 6 6 14 0 0 15 7 7 16 5 5 17 0 0 18 6 6 19 8 8 20 0 0 21 9 9 22 7 7 23 0 0 24 8 8 25 10 10 26 0 0 27 11 11 28 9 9 29 0 0 30 10 10 31 12 12 32 0 0 33 12 12 34 11 11 35 1 1 36 13 13 37 2 2 38 1 1 39 14 14 40 13 13 41 2 2 42 13 13 43 4 4 44 3 3 45 5 5 46 15 15 47 3 3 48 15 15 49 16 16 50 5 5 51 7 7 52 15 15 53 6 6 54 17 17 55 8 8 56 6 6 57 18 18 58 17 17 59 8 8 60 17 17 61 10 10 62 9 9 63 11 11 64 19 19 65 9 9 66 19 19 67 20 20 68 11 11 69 12 12 70 19 19 71 14 14 72 21 21 73 13 13 74 4 4 75 13 13 76 22 22 77 22 22 78 13 13 79 21 21 80 16 16 81 15 15 82 23 23 83 7 7 84 24 24 85 15 15 86 15 15 87 24 24 88 23 23 89 18 18 90 25 25 91 17 17 92 10 10 93 17 17 94 26 26 95 26 26 96 17 17 97 25 25 98 20 20 99 19 19 100 27 27 101 12 12 102 28 28 103 19 19 104 19 19 105 28 28 106 27 27 107 29 29 108 30 30 109 31 31 110 29 29 111 32 32 112 30 30 113 29 29 114 31 31 115 33 33 116 29 29 117 34 34 118 32 32 119 29 29 120 33 33 121 35 35 122 29 29 123 36 36 124 34 34 125 29 29 126 35 35 127 37 37 128 29 29 129 37 37 130 36 36 131 30 30 132 38 38 133 31 31 134 30 30 135 32 32 136 39 39 137 30 30 138 40 40 139 38 38 140 30 30 141 39 39 142 40 40 143 32 32 144 34 34 145 39 39 146 33 33 147 41 41 148 35 35 149 33 33 150 31 31 151 42 42 152 33 33 153 43 43 154 41 41 155 33 33 156 42 42 157 43 43 158 37 37 159 44 44 160 36 36 161 37 37 162 35 35 163 45 45 164 37 37 165 46 46 166 44 44 167 37 37 168 45 45 169 46 46 170 38 38 171 40 40 172 47 47 173 38 38 174 48 48 175 31 31 176 38 38 177 47 47 178 49 49 179 38 38 180 49 49 181 48 48 182 31 31 183 48 48 184 42 42 185 34 34 186 50 50 187 39 39 188 34 34 189 36 36 190 51 51 191 34 34 192 51 51 193 50 50 194 41 41 195 43 43 196 52 52 197 44 44 198 46 46 199 53 53 200 44 44 201 54 54 202 36 36 203 44 44 204 53 53 205 55 55 206 44 44 207 56 56 208 54 54 209 44 44 210 55 55 211 56 56 212 36 36 213 54 54 214 51 51 215 45 45 216 57 57 217 46 46 218 46 46 219 57 57 220 53 53 221 48 48 222 58 58 223 42 42 224 50 50 225 51 51 226 59 59 227 43 43 228 60 60 229 52 52 230 43 43 231 42 42 232 60 60 233 56 56 234 61 61 235 54 54 236 56 56 237 62 62 238 61 61 239 57 57 240 63 63 241 53 53 242 58 58 243 64 64 244 42 42 245 42 42 246 64 64 247 60 60 248 51 51 249 65 65 250 59 59 251 51 51 252 54 54 253 65 65 254 52 52 255 60 60 256 66 66 257 62 62 258 67 67 259 61 61 260 59 59 261 65 65 262 68 68 263 59 59 264 68 68 265 69 69 266 65 65 267 54 54 268 68 68 269 67 67 270 70 70 271 61 61 272 67 67 273 71 71 274 70 70 275 67 67 276 72 72 277 71 71 278 69 69 279 68 68 280 73 73 281 69 69 282 73 73 283 74 74 284 54 54 285 61 61 286 75 75 287 54 54 288 75 75 289 68 68 290 68 68 291 75 75 292 73 73 293 70 70 294 71 71 295 76 76 296 70 70 297 77 77 298 61 61 299 70 70 300 76 76 301 78 78 302 70 70 303 78 78 304 77 77 305 61 61 306 77 77 307 75 75 308 72 72 309 79 79 310 71 71 311 74 74 312 73 73 313 80 80 314 74 74 315 80 80 316 81 81 317 74 74 318 81 81 319 82 82 320 76 76 321 83 83 322 78 78 323 76 76 324 71 71 325 84 84 326 77 77 327 85 85 328 75 75 329 77 77 330 78 78 331 86 86 332 77 77 333 86 86 334 85 85 335 80 80 336 73 73 337 85 85 338 80 80 339 85 85 340 81 81 341 73 73 342 75 75 343 85 85 344 79 79 345 87 87 346 71 71 347 79 79 348 88 88 349 87 87 350 87 87 351 84 84 352 71 71 353 82 82 354 81 81 355 89 89 356 82 82 357 89 89 358 90 90 359 83 83 360 91 91 361 78 78 362 83 83 363 92 92 364 91 91 365 83 83 366 93 93 367 92 92 368 86 86 369 94 94 370 85 85 371 86 86 372 78 78 373 94 94 374 78 78 375 91 91 376 94 94 377 81 81 378 95 95 379 89 89 380 81 81 381 85 85 382 95 95 383 85 85 384 94 94 385 95 95 386 90 90 387 89 89 388 96 96 389 93 93 390 97 97 391 92 92 392 91 91 393 98 98 394 94 94 395 91 91 396 92 92 397 99 99 398 91 91 399 99 99 400 98 98 401 94 94 402 98 98 403 95 95 404 89 89 405 100 100 406 96 96 407 89 89 408 95 95 409 100 100 410 95 95 411 98 98 412 100 100 413 97 97 414 101 101 415 92 92 416 97 97 417 102 102 418 101 101 419 99 99 420 103 103 421 98 98 422 99 99 423 92 92 424 104 104 425 104 104 426 92 92 427 101 101 428 100 100 429 98 98 430 105 105 431 105 105 432 98 98 433 103 103 434 106 106 435 107 107 436 108 107 437 106 106 438 109 106 439 107 107 440 106 106 441 108 107 442 110 107 443 106 106 444 111 108 445 109 106 446 106 106 447 110 107 448 112 106 449 106 106 450 113 108 451 111 108 452 106 106 453 112 106 454 114 108 455 106 106 456 114 108 457 113 108 458 107 107 459 115 109 460 108 107 461 110 107 462 108 107 463 116 109 464 110 107 465 116 109 466 117 109 467 108 107 468 115 109 469 116 109 470 111 108 471 113 108 472 118 110 473 111 108 474 118 110 475 119 110 476 112 106 477 120 108 478 114 108 479 117 109 480 116 109 481 121 111 482 117 109 483 121 111 484 122 111 485 116 109 486 115 109 487 121 111 488 113 108 489 123 110 490 118 110 491 113 108 492 114 108 493 123 110 494 119 110 495 118 110 496 124 112 497 119 110 498 124 112 499 125 112 500 120 108 501 126 110 502 114 108 503 114 108 504 126 110 505 123 110 506 122 111 507 121 111 508 127 113 509 115 109 510 128 111 511 121 111 512 118 110 513 129 112 514 124 112 515 118 110 516 123 110 517 129 112 518 125 112 519 124 112 520 130 114 521 125 112 522 130 114 523 131 114 524 124 112 525 129 112 526 130 114 527 126 110 528 132 112 529 123 110 530 123 110 531 132 112 532 129 112 533 127 113 534 121 111 535 133 113 536 121 111 537 128 111 538 133 113 539 130 114 540 129 112 541 134 114 542 134 114 543 129 112 544 132 112 545 128 111 546 135 113 547 133 113 548 136 115 549 137 116 550 138 117 551 136 115 552 139 118 553 137 116 554 136 115 555 138 117 556 140 119 557 136 115 558 141 120 559 139 118 560 136 115 561 140 119 562 142 121 563 136 115 564 143 122 565 141 120 566 136 115 567 142 121 568 144 123 569 136 115 570 144 123 571 143 122 572 142 121 573 145 124 574 144 123 575 142 121 576 146 125 577 145 124 578 142 121 579 147 126 580 146 125 581 142 121 582 148 127 583 147 126 584 144 123 585 145 124 586 143 122 587 146 125 588 147 126 589 149 128 590 146 125 591 150 129 592 145 124 593 146 125 594 149 128 595 151 130 596 146 125 597 151 130 598 150 129 599 148 127 600 152 131 601 147 126 602 148 127 603 153 132 604 152 131 605 148 127 606 154 133 607 153 132 608 143 122 609 145 124 610 155 134 611 143 122 612 155 134 613 156 135 614 143 122 615 156 135 616 157 136 617 150 129 618 151 130 619 155 134 620 150 129 621 155 134 622 145 124 623 149 128 624 147 126 625 158 137 626 149 128 627 159 138 628 151 130 629 149 128 630 160 139 631 159 138 632 152 131 633 153 132 634 158 137 635 152 131 636 158 137 637 147 126 638 156 135 639 161 140 640 157 136 641 156 135 642 155 134 643 162 141 644 156 135 645 163 142 646 161 140 647 156 135 648 162 141 649 163 142 650 151 130 651 159 138 652 162 141 653 151 130 654 162 141 655 155 134 656 160 139 657 164 143 658 159 138 659 160 139 660 165 144 661 164 143 662 160 139 663 166 145 664 165 144 665 153 132 666 167 146 667 158 137 668 157 136 669 161 140 670 168 147 671 157 136 672 168 147 673 169 148 674 161 140 675 163 142 676 168 147 677 162 141 678 159 138 679 170 149 680 164 143 681 165 144 682 170 149 683 164 143 684 170 149 685 159 138 686 163 142 687 171 150 688 168 147 689 165 144 690 172 151 691 170 149 692 173 106 693 174 107 694 175 107 695 173 106 696 176 107 697 174 107 698 173 106 699 175 107 700 177 106 701 173 106 702 178 106 703 176 107 704 173 106 705 177 106 706 179 108 707 173 106 708 180 108 709 178 106 710 173 106 711 179 108 712 181 108 713 173 106 714 181 108 715 180 108 716 174 107 717 182 109 718 175 107 719 174 107 720 176 107 721 183 109 722 174 107 723 183 109 724 182 109 725 178 106 726 180 108 727 184 108 728 179 108 729 185 110 730 181 108 731 179 108 732 186 110 733 185 110 734 176 107 735 187 109 736 183 109 737 182 109 738 183 109 739 188 111 740 182 109 741 188 111 742 189 111 743 183 109 744 187 109 745 188 111 746 180 108 747 190 110 748 184 108 749 180 108 750 181 108 751 191 110 752 180 108 753 191 110 754 190 110 755 181 108 756 185 110 757 191 110 758 186 110 759 192 112 760 185 110 761 186 110 762 193 112 763 192 112 764 189 111 765 188 111 766 194 113 767 189 111 768 194 113 769 195 113 770 187 109 771 196 111 772 188 111 773 190 110 774 191 110 775 197 112 776 185 110 777 192 112 778 198 112 779 185 110 780 198 112 781 191 110 782 191 110 783 198 112 784 197 112 785 193 112 786 199 114 787 192 112 788 193 112 789 200 114 790 199 114 791 192 112 792 199 114 793 198 112 794 194 113 795 188 111 796 201 113 797 201 113 798 188 111 799 196 111 800 197 112 801 198 112 802 202 114 803 202 114 804 198 112 805 199 114 806 203 152 807 204 153 808 205 154 809 203 152 810 206 155 811 204 153 812 203 152 813 205 154 814 207 156 815 203 152 816 208 157 817 206 155 818 203 152 819 207 156 820 209 158 821 203 152 822 210 159 823 208 157 824 203 152 825 209 158 826 211 160 827 203 152 828 211 160 829 210 159 830 208 157 831 210 159 832 212 161 833 208 157 834 212 161 835 213 162 836 208 157 837 213 162 838 214 163 839 208 157 840 214 163 841 215 164 842 210 159 843 211 160 844 212 161 845 213 162 846 216 165 847 214 163 848 213 162 849 212 161 850 217 166 851 213 162 852 218 167 853 216 165 854 213 162 855 217 166 856 218 167 857 215 164 858 214 163 859 219 168 860 215 164 861 219 168 862 220 169 863 215 164 864 220 169 865 221 170 866 211 160 867 222 171 868 212 161 869 211 160 870 223 172 871 222 171 872 211 160 873 224 173 874 223 172 875 217 166 876 222 171 877 218 167 878 217 166 879 212 161 880 222 171 881 216 165 882 225 174 883 214 163 884 216 165 885 218 167 886 226 175 887 216 165 888 226 175 889 227 176 890 219 168 891 225 174 892 220 169 893 219 168 894 214 163 895 225 174 896 224 173 897 228 177 898 223 172 899 224 173 900 229 178 901 228 177 902 224 173 903 230 179 904 229 178 905 222 171 906 231 180 907 218 167 908 222 171 909 223 172 910 231 180 911 218 167 912 231 180 913 226 175 914 227 176 915 226 175 916 232 181 917 227 176 918 232 181 919 233 182 920 227 176 921 233 182 922 234 183 923 220 169 924 225 174 925 235 184 926 228 177 927 229 178 928 236 185 929 228 177 930 236 185 931 223 172 932 223 172 933 236 185 934 231 180 935 226 175 936 237 186 937 232 181 938 226 175 939 231 180 940 237 186 941 232 181 942 237 186 943 233 182 944 229 178 945 238 187 946 236 185 947 237 186 948 239 188 949 233 182 950 240 189 951 241 190 952 242 191 953 240 189 954 243 192 955 241 190 956 240 189 957 242 191 958 244 193 959 240 189 960 245 194 961 243 192 962 240 189 963 244 193 964 246 195 965 240 189 966 247 196 967 245 194 968 240 189 969 246 195 970 248 197 971 240 189 972 248 197 973 247 196 974 241 190 975 243 192 976 249 198 977 241 190 978 249 198 979 250 199 980 243 192 981 245 194 982 249 198 983 242 191 984 251 200 985 244 193 986 246 195 987 252 201 988 248 197 989 246 195 990 244 193 991 253 202 992 246 195 993 254 203 994 252 201 995 246 195 996 253 202 997 254 203 998 244 193 999 251 200 1000 253 202 1001 247 196 1002 255 204 1003 245 194 1004 247 196 1005 248 197 1006 256 205 1007 250 199 1008 249 198 1009 257 206 1010 250 199 1011 257 206 1012 258 207 1013 252 201 1014 254 203 1015 259 208 1016 252 201 1017 260 209 1018 248 197 1019 252 201 1020 259 208 1021 261 210 1022 252 201 1023 261 210 1024 260 209 1025 260 209 1026 256 205 1027 248 197 1028 254 203 1029 253 202 1030 259 208 1031 251 200 1032 262 211 1033 253 202 1034 255 204 1035 263 212 1036 245 194 1037 249 198 1038 264 213 1039 257 206 1040 249 198 1041 245 194 1042 264 213 1043 245 194 1044 263 212 1045 264 213 1046 259 208 1047 253 202 1048 265 214 1049 265 214 1050 253 202 1051 262 211 1052 257 206 1053 264 213 1054 266 215 1055 266 215 1056 264 213 1057 263 212 1058 267 216 1059 268 217 1060 269 218 1061 267 216 1062 270 219 1063 268 217 1064 267 216 1065 269 218 1066 271 220 1067 267 216 1068 272 221 1069 270 219 1070 267 216 1071 271 220 1072 273 222 1073 267 216 1074 274 223 1075 272 221 1076 267 216 1077 273 222 1078 275 224 1079 267 216 1080 275 224 1081 274 223 1082 268 217 1083 276 225 1084 269 218 1085 268 217 1086 277 226 1087 276 225 1088 269 218 1089 276 225 1090 271 220 1091 270 219 1092 272 221 1093 278 227 1094 273 222 1095 279 228 1096 275 224 1097 273 222 1098 271 220 1099 280 229 1100 274 223 1101 281 230 1102 272 221 1103 274 223 1104 275 224 1105 282 231 1106 274 223 1107 283 232 1108 281 230 1109 274 223 1110 282 231 1111 283 232 1112 272 221 1113 281 230 1114 278 227 1115 277 226 1116 284 233 1117 276 225 1118 277 226 1119 285 234 1120 284 233 1121 279 228 1122 286 235 1123 275 224 1124 275 224 1125 286 235 1126 282 231 1127 271 220 1128 287 236 1129 280 229 1130 271 220 1131 276 225 1132 288 237 1133 271 220 1134 288 237 1135 287 236 1136 276 225 1137 284 233 1138 288 237 1139 283 232 1140 289 238 1141 281 230 1142 283 232 1143 282 231 1144 289 238 1145 278 227 1146 281 230 1147 290 239 1148 286 235 1149 291 240 1150 282 231 1151 282 231 1152 291 240 1153 289 238 1154 287 236 1155 288 237 1156 292 241 1157 292 241 1158 288 237 1159 284 233 1160 281 230 1161 293 242 1162 290 239 1163 281 230 1164 289 238 1165 293 242 1166 294 243 1167 295 244 1168 296 245 1169 294 243 1170 297 246 1171 295 244 1172 294 243 1173 296 245 1174 298 247 1175 294 243 1176 299 248 1177 297 246 1178 294 243 1179 298 247 1180 300 249 1181 294 243 1182 300 249 1183 299 248 1184 297 246 1185 299 248 1186 301 250 1187 298 247 1188 302 251 1189 300 249 1190 298 247 1191 303 252 1192 302 251 1193 299 248 1194 300 249 1195 304 253 1196 303 252 1197 305 254 1198 302 251 1199 300 249 1200 306 255 1201 304 253 1202 300 249 1203 302 251 1204 306 255 1205 305 254 1206 307 256 1207 302 251 1208 302 251 1209 307 256 1210 306 255 1211 308 257 1212 309 258 1213 310 259 1214 308 257 1215 311 260 1216 309 258 1217 308 257 1218 310 259 1219 312 261 1220 308 257 1221 313 262 1222 311 260 1223 308 257 1224 312 261 1225 314 263 1226 308 257 1227 314 263 1228 313 262 1229 311 260 1230 313 262 1231 315 264 1232 311 260 1233 315 264 1234 316 265 1235 312 261 1236 317 266 1237 314 263 1238 313 262 1239 318 267 1240 315 264 1241 313 262 1242 314 263 1243 319 268 1244 313 262 1245 319 268 1246 318 267 1247 316 265 1248 315 264 1249 320 269 1250 318 267 1251 321 270 1252 315 264 1253 315 264 1254 321 270 1255 320 269 1256 322 271 1257 323 272 1258 324 273 1259 322 271 1260 325 274 1261 323 272 1262 322 271 1263 324 273 1264 326 275 1265 322 271 1266 327 276 1267 325 274 1268 322 271 1269 326 275 1270 328 277 1271 322 271 1272 328 277 1273 327 276 1274 325 274 1275 327 276 1276 329 278 1277 326 275 1278 330 279 1279 328 277 1280 326 275 1281 331 280 1282 330 279 1283 327 276 1284 328 277 1285 332 281 1286 331 280 1287 333 282 1288 330 279 1289 328 277 1290 334 283 1291 332 281 1292 328 277 1293 330 279 1294 334 283 1295 333 282 1296 335 284 1297 330 279 1298 334 283 1299 330 279 1300 336 285 1301 337 286 1302 338 287 1303 339 288 1304 337 286 1305 340 289 1306 338 287 1307 337 286 1308 339 288 1309 341 290 1310 337 286 1311 342 291 1312 340 289 1313 337 286 1314 341 290 1315 343 292 1316 337 286 1317 343 292 1318 342 291 1319 338 287 1320 340 289 1321 344 293 1322 338 287 1323 344 293 1324 345 294 1325 341 290 1326 346 295 1327 343 292 1328 342 291 1329 347 296 1330 340 289 1331 342 291 1332 343 292 1333 348 297 1334 344 293 1335 340 289 1336 349 298 1337 349 298 1338 340 289 1339 347 296 1340 346 295 1341 350 299 1342 343 292 1343 343 292 1344 350 299 1345 348 297 1346 351 300 1347 352 301 1348 353 302 1349 351 300 1350 354 303 1351 352 301 1352 351 300 1353 355 304 1354 354 303 1355 351 300 1356 356 305 1357 355 304 1358 351 300 1359 357 306 1360 356 305 1361 351 300 1362 358 307 1363 357 306 1364 353 302 1365 352 301 1366 359 308 1367 358 307 1368 360 309 1369 357 306 1370 358 307 1371 361 310 1372 360 309 1373 358 307 1374 362 311 1375 361 310 1376 362 311 1377 363 312 1378 361 310 1379 362 311 1380 364 313 1381 363 312 1382 362 311 1383 365 314 1384 364 313 1385 365 314 1386 366 315 1387 364 313 1388 365 314 1389 367 316 1390 366 315 1391 365 314 1392 368 317 1393 367 316 1394 368 317 1395 369 318 1396 367 316 1397 368 317 1398 370 319 1399 369 318 1400 368 317 1401 371 320 1402 370 319 1403 368 317 1404 372 321 1405 371 320 1406 368 317 1407 373 322 1408 372 321 1409 373 322 1410 374 323 1411 372 321 1412 373 322 1413 375 324 1414 374 323 1415 375 324 1416 376 325 1417 374 323 1418 375 324 1419 377 326 1420 376 325 1421 375 324 1422 378 327 1423 377 326 1424 375 324 1425 379 328 1426 378 327 1427 375 324 1428 380 329 1429 379 328 1430 381 330 1431 382 331 1432 383 108 1433 381 330 1434 384 332 1435 382 331 1436 381 330 1437 383 108 1438 385 110 1439 381 330 1440 385 110 1441 386 333 1442 384 332 1443 387 334 1444 382 331 1445 385 110 1446 388 335 1447 386 333 1448 385 110 1449 389 112 1450 388 335 1451 387 334 1452 390 107 1453 382 331 1454 387 334 1455 391 109 1456 390 107 1457 387 334 1458 392 336 1459 391 109 1460 389 112 1461 393 114 1462 388 335 1463 389 112 1464 394 114 1465 393 114 1466 392 336 1467 395 337 1468 391 109 1469 395 337 1470 396 111 1471 391 109 1472 395 337 1473 397 113 1474 396 111 1475 397 113 1476 398 113 1477 396 111 1478 399 338 1479 400 339 1480 401 340 1481 399 338 1482 402 341 1483 400 339 1484 399 338 1485 403 342 1486 402 341 1487 399 338 1488 404 343 1489 403 342 1490 401 340 1491 400 339 1492 405 344 1493 404 343 1494 406 345 1495 403 342 1496 406 345 1497 407 346 1498 403 342 1499 406 345 1500 408 347 1501 407 346 1502 406 345 1503 409 348 1504 408 347 1505 409 348 1506 410 349 1507 408 347 1508 411 331 1509 412 330 1510 413 108 1511 411 331 1512 414 332 1513 412 330 1514 411 331 1515 415 334 1516 414 332 1517 411 331 1518 416 107 1519 415 334 1520 413 108 1521 412 330 1522 417 110 1523 416 107 1524 418 109 1525 415 334 1526 412 330 1527 419 333 1528 417 110 1529 418 109 1530 420 336 1531 415 334 1532 418 109 1533 421 337 1534 420 336 1535 418 109 1536 422 111 1537 421 337 1538 419 333 1539 423 335 1540 417 110 1541 422 111 1542 424 113 1543 421 337 1544 422 111 1545 425 113 1546 424 113 1547 423 335 1548 426 112 1549 417 110 1550 423 335 1551 427 114 1552 426 112 1553 427 114 1554 428 114 1555 426 112 1556 429 350 1557 430 351 1558 431 352 1559 429 350 1560 431 352 1561 432 353 1562 429 350 1563 432 353 1564 433 354 1565 429 350 1566 433 354 1567 434 355 1568 430 351 1569 435 356 1570 431 352 1571 433 354 1572 436 357 1573 434 355 1574 433 354 1575 437 358 1576 436 357 1577 437 358 1578 438 359 1579 436 357 1580 438 359 1581 439 360 1582 436 357 1583 438 359 1584 440 361 1585 439 360 1586 441 362 1587 442 363 1588 443 364 1589 441 362 1590 444 365 1591 442 363 1592 441 362 1593 443 364 1594 445 366 1595 441 362 1596 446 367 1597 444 365 1598 443 364 1599 447 368 1600 445 366 1601 446 367 1602 448 369 1603 444 365 1604 446 367 1605 449 370 1606 448 369 1607 447 368 1608 450 371 1609 445 366 1610 447 368 1611 451 372 1612 450 371 1613 451 372 1614 452 373 1615 450 371 1616 451 372 1617 453 374 1618 452 373 1619 451 372 1620 454 375 1621 453 374 1622 454 375 1623 455 376 1624 453 374 1625 454 375 1626 456 377 1627 455 376 1628 456 377 1629 457 378 1630 455 376 1631 456 377 1632 458 379 1633 457 378 1634 459 380 1635 460 380 1636 461 380 1637 459 381 1638 461 381 1639 462 381 1640 459 381 1641 462 381 1642 463 381 1643 459 381 1644 463 381 1645 464 381 1646 460 381 1647 465 381 1648 461 381 1649 460 382 1650 466 382 1651 465 382 1652 463 381 1653 467 381 1654 464 381 1655 466 381 1656 468 381 1657 465 381 1658 466 383 1659 469 383 1660 468 383 1661 467 384 1662 470 384 1663 464 384 1664 467 381 1665 471 381 1666 470 381 1667 469 385 1668 472 385 1669 468 385 1670 471 381 1671 473 381 1672 470 381 1673 471 381 1674 474 381 1675 473 381 1676 474 381 1677 472 381 1678 473 381 1679 474 381 1680 468 381 1681 472 381 1682 475 386 1683 476 387 1684 477 388 1685 475 386 1686 478 389 1687 476 387 1688 475 386 1689 477 388 1690 479 390 1691 475 386 1692 479 390 1693 480 391 1694 478 389 1695 481 392 1696 476 387 1697 478 389 1698 482 393 1699 481 392 1700 479 390 1701 483 394 1702 480 391 1703 482 393 1704 484 395 1705 481 392 1706 482 393 1707 485 396 1708 484 395 1709 483 394 1710 486 397 1711 480 391 1712 485 396 1713 487 398 1714 484 395 1715 487 398 1716 488 399 1717 484 395 1718 487 398 1719 489 400 1720 488 399 1721 489 400 1722 490 401 1723 488 399 1724 489 400 1725 491 402 1726 490 401 1727 491 402 1728 492 403 1729 490 401 1730 493 404 1731 494 404 1732 495 404 1733 493 404 1734 496 404 1735 494 404 1736 493 405 1737 495 405 1738 497 405 1739 493 404 1740 498 404 1741 496 404 1742 495 404 1743 499 404 1744 497 404 1745 498 404 1746 500 404 1747 496 404 1748 498 406 1749 501 406 1750 500 406 1751 499 404 1752 502 404 1753 497 404 1754 499 407 1755 503 407 1756 502 407 1757 501 404 1758 504 404 1759 500 404 1760 501 408 1761 505 408 1762 504 408 1763 503 404 1764 506 404 1765 502 404 1766 503 409 1767 507 409 1768 506 409 1769 503 404 1770 508 404 1771 507 404 1772 508 404 1773 505 404 1774 507 404 1775 508 410 1776 504 410 1777 505 410 1778 509 0 1779 510 0 1780 511 0 1781 509 0 1782 511 0 1783 512 0 1784 509 0 1785 512 0 1786 513 0 1787 512 0 1788 514 0 1789 513 0 1790 515 0 1791 516 0 1792 517 0 1793 515 0 1794 518 0 1795 516 0 1796 515 0 1797 519 0 1798 518 0 1799 519 0 1800 520 0 1801 518 0 1802 521 411 1803 522 411 1804 523 411 1805 524 412 1806 525 412 1807 526 412 1808 527 413 1809 528 413 1810 529 413 1811 530 414 1812 531 414 1813 532 414 1814</p>
        </triangles>
      </mesh>
    </geometry>
    <geometry id="shadow00__miiShadow-mesh" name="shadow00__miiShadow">
      <mesh>
        <source id="shadow00__miiShadow-mesh-positions">
          <float_array id="shadow00__miiShadow-mesh-positions-array" count="12">-2.5 0 2.5 2.5 0 2.5 -2.5 0 -2.5 2.5 0 -2.5</float_array>
          <technique_common>
            <accessor source="#shadow00__miiShadow-mesh-positions-array" count="4" stride="3">
              <param name="X" type="float"/>
              <param name="Y" type="float"/>
              <param name="Z" type="float"/>
            </accessor>
          </technique_common>
        </source>
        <source id="shadow00__miiShadow-mesh-normals">
          <float_array id="shadow00__miiShadow-mesh-normals-array" count="3">0 1 0</float_array>
          <technique_common>
            <accessor source="#shadow00__miiShadow-mesh-normals-array" count="1" stride="3">
              <param name="X" type="float"/>
              <param name="Y" type="float"/>
              <param name="Z" type="float"/>
            </accessor>
          </technique_common>
        </source>
        <source id="shadow00__miiShadow-mesh-map-0">
          <float_array id="shadow00__miiShadow-mesh-map-0-array" count="12">0 -1 2 -1 0 1 0 1 2 -1 2 1</float_array>
          <technique_common>
            <accessor source="#shadow00__miiShadow-mesh-map-0-array" count="6" stride="2">
              <param name="S" type="float"/>
              <param name="T" type="float"/>
            </accessor>
          </technique_common>
        </source>
        <vertices id="shadow00__miiShadow-mesh-vertices">
          <input semantic="POSITION" source="#shadow00__miiShadow-mesh-positions"/>
        </vertices>
        <triangles material="miiShadow-material" count="2">
          <input semantic="VERTEX" source="#shadow00__miiShadow-mesh-vertices" offset="0"/>
          <input semantic="NORMAL" source="#shadow00__miiShadow-mesh-normals" offset="1"/>
          <input semantic="TEXCOORD" source="#shadow00__miiShadow-mesh-map-0" offset="2" set="0"/>
          <p>0 0 0 1 0 1 2 0 2 2 0 3 1 0 4 3 0 5</p>
        </triangles>
      </mesh>
    </geometry>
  </library_geometries>
  <library_controllers>
    <controller id="Armature_Skl_Root__miiFighterB24B-skin" name="Armature">
      <skin source="#Skl_Root__miiFighterB24B-mesh">
        <bind_shape_matrix>1 0 0 0 0 1 0 0 0 0 1 0 0 0 0 1</bind_shape_matrix>
        <source id="Armature_Skl_Root__miiFighterB24B-skin-joints">
          <Name_array id="Armature_Skl_Root__miiFighterB24B-skin-joints-array" count="8">Spine Mant_1 Mant_L Mant_2 Arm_1_L Mant_R Arm_1_R Head</Name_array>
          <technique_common>
            <accessor source="#Armature_Skl_Root__miiFighterB24B-skin-joints-array" count="8" stride="1">
              <param name="JOINT" type="name"/>
            </accessor>
          </technique_common>
        </source>
        <source id="Armature_Skl_Root__miiFighterB24B-skin-bind_poses">
          <float_array id="Armature_Skl_Root__miiFighterB24B-skin-bind_poses-array" count="128">-7.19627e-6 1 1.62921e-7 0 0 -1.62921e-7 1 -3.900002 1 7.19627e-6 0 3.27229e-6 0 0 0 1 1.23541e-5 -1 -1.62921e-7 0.8877611 0 -1.62921e-7 1 -5.821162 -1 -1.23541e-5 0 -2.4913e-6 0 0 0 1 0.1970705 -0.9803894 -1.59726e-7 1.573377 0 -1.62921e-7 1 -2.784491 -0.9803894 -0.1970705 0 1.953786 0 0 0 1 1.19964e-5 -1 -1.62921e-7 1.603764 0 -1.62921e-7 1 -3.905891 -1 -1.19964e-5 0 1.00384e-5 0 0 0 1 1 3.69549e-6 0 -0.9999911 0 -1.62921e-7 1 -5.450006 3.69549e-6 -1 -1.62921e-7 2.32488e-7 0 0 0 1 -0.1970498 -0.9803935 -1.59726e-7 1.573397 0 -1.62921e-7 1 -2.784476 -0.9803935 0.1970498 0 -1.953761 0 0 0 1 -1 -1.09355e-5 0 -1.000009 0 -1.62921e-7 1 -5.449999 -1.09355e-5 1 1.62921e-7 -7.59174e-6 0 0 0 1 -7.19627e-6 1 1.62921e-7 -3.49479e-7 0 -1.62921e-7 1 -5.931002 1 7.19627e-6 0 1.06568e-5 0 0 0 1</float_array>
          <technique_common>
            <accessor source="#Armature_Skl_Root__miiFighterB24B-skin-bind_poses-array" count="8" stride="16">
              <param name="TRANSFORM" type="float4x4"/>
            </accessor>
          </technique_common>
        </source>
        <source id="Armature_Skl_Root__miiFighterB24B-skin-weights">
          <float_array id="Armature_Skl_Root__miiFighterB24B-skin-weights-array" count="203">0.9 0.1 0.9 0.1 0.9 0.1 0.9 0.1 0.4 0.6 0.9 0.1 0.4 0.6 0.9 0.1 0.5 0.5 0.4 0.6 0.5 0.5 0.4 0.6 0.8 0.2 0.5 0.5 0.9 0.1 0.5 0.5 1 0.8 0.2 0.9 0.1 0.5 0.5 0.2 0.8 1 1 0.5 0.5 0.2 0.8 0.8 0.2 0.1 0.9 0.5 0.5 0.1 0.9 1 0.8 0.2 0.5 0.5 0.5 0.5 0.1 0.9 0.2 0.8 1 0.8 0.2 0.5 0.5 1 1 1 0.2 0.8 1 0.1 0.9 1 0.9 0.1 0.9 0.1 0.9 0.1 0.9 0.1 0.9 0.1 0.9 0.1 0.1 0.9 1 1 0.6 0.4 0.4 0.6 0.4 0.6 0.2 0.8 0.3 0.7 1 1 0.7 0.3 0.2 0.8 1 0.8 0.2 0.1 0.9 0.6 0.4 0.8 0.2 1 1 0.6 0.4 0.8 0.2 0.1 0.9 0.4 0.6 1 0.1 0.9 0.1 0.9 0.4 0.6 0.8 0.2 0.5 0.5 1 0.2 0.8 0.6 0.4 0.4 0.6 0.1 0.9 1 1 1 0.6 0.4 0.5 0.5 0.6 0.4 1 0.4 0.6 1 0.2 0.8 0.6 0.4 0.5 0.5 1 1 1 0.8 0.2 0.5 0.5 0.8 0.2 1 0.9 0.1 0.2 0.8 0.5 0.5 1 0.5 0.5 0.8 0.2 0.6 0.4 0.9 0.1 1 0.9 0.1 1 0.8 0.2 0.9 0.1</float_array>
          <technique_common>
            <accessor source="#Armature_Skl_Root__miiFighterB24B-skin-weights-array" count="203" stride="1">
              <param name="WEIGHT" type="float"/>
            </accessor>
          </technique_common>
        </source>
        <joints>
          <input semantic="JOINT" source="#Armature_Skl_Root__miiFighterB24B-skin-joints"/>
          <input semantic="INV_BIND_MATRIX" source="#Armature_Skl_Root__miiFighterB24B-skin-bind_poses"/>
        </joints>
        <vertex_weights count="117">
          <input semantic="JOINT" source="#Armature_Skl_Root__miiFighterB24B-skin-joints" offset="0"/>
          <input semantic="WEIGHT" source="#Armature_Skl_Root__miiFighterB24B-skin-weights" offset="1"/>
          <vcount>2 2 2 2 2 2 2 2 2 2 2 2 2 2 2 2 1 2 2 2 2 1 1 2 2 2 2 2 2 1 2 2 2 2 2 1 2 2 1 1 1 2 1 2 1 2 2 2 2 2 2 2 1 1 2 2 2 2 2 1 1 2 2 1 2 2 2 2 1 1 2 2 2 2 1 2 2 2 2 2 1 2 2 2 2 1 1 1 2 2 2 1 2 1 2 2 2 1 1 1 2 2 2 1 2 2 2 1 2 2 2 2 1 2 1 2 2 </vcount>
          <v>0 0 1 1 1 2 2 3 1 4 2 5 1 6 3 7 0 8 4 9 1 10 5 11 0 12 4 13 1 14 5 15 0 16 4 17 0 18 6 19 0 20 4 21 0 22 6 23 0 24 4 25 0 26 6 27 0 28 4 29 0 30 6 31 0 32 0 33 6 34 0 35 6 36 2 37 3 38 1 39 3 40 1 41 1 42 3 43 5 44 3 45 5 46 2 47 3 48 1 49 3 50 2 51 3 52 1 53 5 54 3 55 2 56 3 57 2 58 3 59 3 60 5 61 1 62 2 63 3 64 5 65 5 66 2 67 3 68 3 69 5 70 2 71 5 72 2 73 3 74 5 75 1 76 0 77 4 78 1 79 0 80 4 81 1 82 2 83 0 84 1 85 1 86 3 87 0 88 6 89 1 90 5 91 0 92 6 93 1 94 1 95 0 96 4 97 0 98 4 99 0 100 4 101 1 102 3 103 2 104 3 105 7 106 1 107 3 108 5 109 3 110 5 111 1 112 2 113 3 114 1 115 2 116 0 117 4 118 0 119 4 120 0 121 0 122 0 123 6 124 0 125 6 126 1 127 5 128 0 129 6 130 1 131 1 132 3 133 1 134 2 135 2 136 3 137 2 138 3 139 0 140 4 141 0 142 3 143 5 144 3 145 5 146 0 147 6 148 1 149 5 150 2 151 2 152 3 153 2 154 3 155 0 156 4 157 0 158 4 159 5 160 3 161 5 162 5 163 3 164 5 165 0 166 6 167 0 168 6 169 2 170 2 171 3 172 2 173 3 174 2 175 3 176 0 177 4 178 0 179 0 180 4 181 3 182 5 183 3 184 5 185 5 186 0 187 6 188 2 189 3 190 0 191 6 192 0 193 4 194 5 195 0 196 6 197 0 198 0 199 6 200 0 201 6 202</v>
        </vertex_weights>
      </skin>
    </controller>
    <controller id="Armature_Skl_Root__miiFighterB24A-skin" name="Armature">
      <skin source="#Skl_Root__miiFighterB24A-mesh">
        <bind_shape_matrix>1 0 0 0 0 1 0 0 0 0 1 0 0 0 0 1</bind_shape_matrix>
        <source id="Armature_Skl_Root__miiFighterB24A-skin-joints">
          <Name_array id="Armature_Skl_Root__miiFighterB24A-skin-joints-array" count="12">Waist Leg_1_L Leg_1_R Spine Arm_1_L Arm_1_R Arm_2_L Wrist_L Arm_2_R Wrist_R Leg_2_L Leg_2_R</Name_array>
          <technique_common>
            <accessor source="#Armature_Skl_Root__miiFighterB24A-skin-joints-array" count="12" stride="1">
              <param name="JOINT" type="name"/>
            </accessor>
          </technique_common>
        </source>
        <source id="Armature_Skl_Root__miiFighterB24A-skin-bind_poses">
          <float_array id="Armature_Skl_Root__miiFighterB24A-skin-bind_poses-array" count="192">-7.19627e-6 1 1.62921e-7 0 0 -1.62921e-7 1 -3.000001 1 7.19627e-6 0 0 0 0 0 1 4.66109e-6 -1 -1.62921e-7 -7.77256e-7 0 -1.62921e-7 1 -2.500003 -1 -4.66109e-6 0 0.7000018 0 0 0 1 4.66109e-6 -1 -1.62921e-7 6.58029e-7 0 -1.62921e-7 1 -2.499999 -1 -4.66109e-6 0 -0.6999981 0 0 0 1 -7.19627e-6 1 1.62921e-7 0 0 -1.62921e-7 1 -3.900002 1 7.19627e-6 0 3.27229e-6 0 0 0 1 1 3.69549e-6 0 -0.9999911 0 -1.62921e-7 1 -5.450006 3.69549e-6 -1 -1.62921e-7 2.32488e-7 0 0 0 1 -1 -1.09355e-5 0 -1.000009 0 -1.62921e-7 1 -5.449999 -1.09355e-5 1 1.62921e-7 -7.59174e-6 0 0 0 1 1 3.64028e-6 0 -2.923031 0 -1.62921e-7 1 -5.450006 3.64028e-6 -1 -1.62921e-7 3.16354e-7 0 0 0 1 1 3.64028e-6 0 -4.92303 0 -1.62921e-7 1 -5.450006 3.64028e-6 -1 -1.62921e-7 3.46152e-7 0 0 0 1 -1 -1.08798e-5 0 -2.923048 0 -1.62921e-7 1 -5.449985 -1.08798e-5 1 1.62921e-7 -2.14665e-5 0 0 0 1 -1 -1.08798e-5 0 -4.923048 0 -1.62921e-7 1 -5.44997 -1.08798e-5 1 1.62921e-7 -3.59544e-5 0 0 0 1 4.60545e-6 -1 -1.62921e-7 -3.78026e-6 0 -1.62921e-7 1 -1.354003 -1 -4.60545e-6 0 0.7000059 0 0 0 1 4.72466e-6 -1 -1.62921e-7 3.47121e-6 0 -1.62921e-7 1 -1.353998 -1 -4.72466e-6 0 -0.6999939 0 0 0 1</float_array>
          <technique_common>
            <accessor source="#Armature_Skl_Root__miiFighterB24A-skin-bind_poses-array" count="12" stride="16">
              <param name="TRANSFORM" type="float4x4"/>
            </accessor>
          </technique_common>
        </source>
        <source id="Armature_Skl_Root__miiFighterB24A-skin-weights">
          <float_array id="Armature_Skl_Root__miiFighterB24A-skin-weights-array" count="875">0.5 0.25 0.25 0.4 0.6 0.5 0.25 0.25 0.3 0.7 0.4 0.6 0.7 0.3 0.3 0.7 0.7 0.3 0.7 0.3 0.7 0.3 0.7 0.3 0.5 0.25 0.25 0.7 0.3 0.5 0.25 0.25 0.5 0.5 0.7 0.3 0.6 0.4 0.7 0.3 0.6 0.4 0.5 0.25 0.25 0.8 0.2 0.5 0.25 0.25 0.5 0.5 0.7 0.3 0.7 0.3 0.7 0.3 0.7 0.3 0.8 0.1 0.1 0.8 0.2 0.5 0.5 0.8 0.2 0.4 0.6 0.9 0.1 0.2 0.8 0.8 0.2 0.1 0.9 0.4 0.6 0.2 0.8 0.7 0.3 1 1 0.7 0.3 0.8 0.2 0.8 0.2 0.8 0.2 0.7 0.3 0.8 0.2 1 0.3 0.7 0.7 0.3 1 0.7 0.3 0.8 0.2 0.3 0.7 0.3 0.7 0.2 0.8 0.6 0.4 0.8 0.2 0.6 0.4 1 0.3 0.7 0.2 0.8 0.2 0.8 0.3 0.7 0.2 0.8 0.7 0.3 0.3 0.7 0.3 0.7 0.7 0.3 1 0.8 0.2 0.8 0.2 0.3 0.7 0.7 0.3 1 0.3 0.7 1 1 1 0.3 0.7 0.7 0.3 0.7 0.3 1 1 0.7 0.3 0.2 0.8 1 0.8 0.2 0.3 0.7 0.7 0.3 1 0.8 0.2 0.8 0.2 0.7 0.3 1 0.3 0.7 0.7 0.3 0.8 0.2 0.2 0.8 0.3 0.7 0.3 0.7 0.3 0.7 0.3 0.7 0.2 0.8 0.3 0.7 0.6 0.4 0.5 0.5 1 1 1 0.9 0.1 1 0.9 0.1 0.5 0.5 0.3 0.7 1 1 0.9 0.1 0.5 0.5 1 0.9 0.1 1 0.9 0.1 0.3 0.7 0.5 0.5 1 0.9 0.1 0.9 0.1 1 0.3 0.7 0.5 0.5 1 0.9 0.1 0.5 0.5 0.9 0.1 1 1 0.9 0.1 0.9 0.1 0.9 0.1 1 1 1 1 1 1 1 1 1 1 1 1 1 0.9 0.1 0.9 0.1 1 1 1 1 1 1 1 1 1 1 0.9 0.1 0.9 0.1 0.9 0.1 0.9 0.1 0.9 0.1 1 0.9 0.1 0.9 0.1 0.5 0.5 1 1 0.9 0.1 1 0.9 0.1 1 0.3 0.7 0.5 0.5 1 1 0.9 0.1 0.5 0.5 1 0.9 0.1 1 1 0.9 0.1 0.3 0.7 0.5 0.5 1 0.5 0.5 1 0.9 0.1 0.9 0.1 0.3 0.7 0.5 0.5 1 0.9 0.1 0.9 0.1 1 0.9 0.1 0.9 0.1 1 0.9 0.1 1 1 1 1 1 1 1 1 1 1 1 1 0.9 0.1 0.9 0.1 1 1 1 1 1 1 1 0.9 0.1 0.9 0.1 1 1 0.9 0.1 0.9 0.1 0.9 0.1 1 1 0.9 0.1 0.9 0.1 0.5 0.5 0.07999998 0.9 0.01999998 0.07999998 0.9 0.01999998 0.5 0.5 1 0.3 0.7 0.8 0.2 1 0.5 0.5 0.5 0.5 0.07999998 0.9 0.01999998 0.07999998 0.9 0.01999998 0.5 0.5 1 0.8 0.2 1 1 0.5 0.5 0.07999998 0.9 0.01999998 0.5 0.5 1 1 0.07999998 0.9 0.01999998 1 0.3 0.7 0.07999998 0.9 0.01999998 1 0.5 0.5 0.9 0.07999998 0.01999998 0.5 0.5 0.9 0.07999998 0.01999998 0.3 0.7 1 1 0.8 0.2 0.5 0.5 0.5 0.5 0.9 0.07999998 0.01999998 0.9 0.07999998 0.01999998 1 1 1 0.5 0.5 0.8 0.2 0.5 0.5 0.9 0.07999998 0.01999998 1 1 0.3 0.7 0.5 0.5 0.9 0.07999998 0.01999998 1 1 0.9 0.07999998 0.01999998 0.3 0.7 0.5 0.5 0.3 0.7 0.5 0.5 0.3 0.7 0.3 0.7 0.3 0.7 0.5 0.5 0.3 0.7 0.3 0.7 0.3 0.7 0.3 0.7 0.3 0.7 0.3 0.7 0.3 0.7 0.3 0.7 0.5 0.5 0.3 0.7 0.5 0.5 0.3 0.7 0.3 0.7 0.3 0.7 0.3 0.7 0.5 0.5 0.3 0.7 0.3 0.7 0.3 0.7 0.3 0.7 0.3 0.7 0.5 0.5 0.3 0.7 0.5 0.5 0.3 0.7 0.3 0.7 0.3 0.7 0.5 0.5 0.3 0.7 0.3 0.7 0.3 0.7 0.3 0.7 0.3 0.7 0.3 0.7 0.3 0.7 0.3 0.7 0.3 0.7 0.3 0.7 0.3 0.7 0.3 0.7 0.3 0.7 0.3 0.7 0.5 0.5 0.5 0.5 0.3 0.7 0.3 0.7 0.3 0.7 0.5 0.5 0.3 0.7 1 0.7 0.3 1 0.7 0.3 0.7 0.3 0.6 0.4 0.3 0.7 1 0.7 0.3 0.4 0.6 0.5 0.5 1 0.5 0.25 0.25 0.5 0.5 1 0.4 0.6 0.3 0.7 1 0.6 0.4 0.7 0.3 0.7 0.3 0.7 0.3 1 0.7 0.3 1 0.8 0.2 0.8 0.1 0.1 0.8 0.2 0.7 0.3 1 0.3 0.7 1 1 0.3 0.7 1 0.3 0.7 0.3 0.7 0.2 0.8 1 1 1 0.3 0.7 0.2 0.8 1 0.2 0.8 1 0.2 0.8 1 0.3 0.7 0.5 0.5 0.5 0.5 0.3 0.7 0.3 0.7 0.3 0.7 0.5 0.5 0.3 0.7 0.3 0.7 0.3 0.7 0.3 0.7 0.3 0.7 1 0.3 0.7 1 0.3 0.7 0.3 0.7 1 1 1 0.3 0.7 0.3 0.7 0.2 0.8 1 0.2 0.8 0.2 0.8 1 1 0.2 0.8 1 0.3 0.7 0.5 0.5 0.5 0.5 0.3 0.7 0.3 0.7 0.3 0.7 0.5 0.5 0.3 0.7 0.3 0.7 0.3 0.7 0.3 0.7 0.3 0.7 1 1 1 1 1 1 1 1 1 1 1 1 1 1 1 1 1 1 1 1 1 1 1 1 1 1 1 1 1 1 1 1 1 1 1 1 1 1 1 1 1 1 1 1 1 1 1 1 1 1 1 1 1 1 1 1 1 1 1 1 1 1 1 1 1 1 1 1 1 1 1 1 1 1 1 1 1 1 1 1 0.2 0.8 0.6 0.4 0.2 0.8 0.2 0.8 0.6 0.4 0.2 0.8 0.2 0.8 0.2 0.8 0.6 0.4 0.2 0.8 0.2 0.8 0.6 0.4</float_array>
          <technique_common>
            <accessor source="#Armature_Skl_Root__miiFighterB24A-skin-weights-array" count="875" stride="1">
              <param name="WEIGHT" type="float"/>
            </accessor>
          </technique_common>
        </source>
        <joints>
          <input semantic="JOINT" source="#Armature_Skl_Root__miiFighterB24A-skin-joints"/>
          <input semantic="INV_BIND_MATRIX" source="#Armature_Skl_Root__miiFighterB24A-skin-bind_poses"/>
        </joints>
        <vertex_weights count="533">
          <input semantic="JOINT" source="#Armature_Skl_Root__miiFighterB24A-skin-joints" offset="0"/>
          <input semantic="WEIGHT" source="#Armature_Skl_Root__miiFighterB24A-skin-weights" offset="1"/>
          <vcount>3 2 3 2 2 2 2 2 2 2 2 3 2 3 2 2 2 2 2 3 2 3 2 2 2 2 2 3 2 2 2 2 2 2 2 2 2 2 2 1 1 2 2 2 2 2 2 1 2 2 1 2 2 2 2 2 2 2 2 1 2 2 2 2 2 2 2 2 2 1 2 2 2 2 1 2 1 1 1 2 2 2 1 1 2 2 1 2 2 2 1 2 2 2 1 2 2 2 2 2 2 2 2 2 2 2 2 1 1 1 2 1 2 2 2 1 1 2 2 1 2 1 2 2 2 1 2 2 1 2 2 1 2 2 2 1 1 2 2 2 1 1 1 1 1 1 1 1 1 1 1 1 1 2 2 1 1 1 1 1 1 1 1 1 1 2 2 2 2 2 1 2 2 2 1 1 2 1 2 1 2 2 1 1 2 2 1 2 1 1 2 2 2 1 2 1 2 2 2 2 1 2 2 1 2 2 1 2 1 1 1 1 1 1 1 1 1 1 1 1 2 2 1 1 1 1 1 1 1 2 2 1 1 2 2 2 1 1 2 2 2 3 3 2 1 2 2 1 2 2 3 3 2 1 2 1 1 2 3 2 1 1 3 1 2 3 1 2 3 2 3 2 1 1 2 2 2 3 3 1 1 1 2 2 2 3 1 1 2 2 3 1 1 3 2 2 2 2 2 2 2 2 2 2 2 2 2 2 2 2 2 2 2 2 2 2 2 2 2 2 2 2 2 2 2 2 2 2 2 2 2 2 2 2 2 2 2 2 2 2 2 2 2 2 2 2 2 2 2 2 2 1 2 1 2 2 2 2 1 2 2 2 1 3 2 1 2 2 1 2 2 2 2 1 2 1 2 3 2 2 1 2 1 1 2 1 2 2 2 1 1 1 2 2 1 2 1 2 1 2 2 2 2 2 2 2 2 2 2 2 2 1 2 1 2 2 1 1 1 2 2 2 1 2 2 1 1 2 1 2 2 2 2 2 2 2 2 2 2 2 2 1 1 1 1 1 1 1 1 1 1 1 1 1 1 1 1 1 1 1 1 1 1 1 1 1 1 1 1 1 1 1 1 1 1 1 1 1 1 1 1 1 1 1 1 1 1 1 1 1 1 1 1 1 1 1 1 1 1 1 1 1 1 1 1 1 1 1 1 1 1 1 1 1 1 1 1 1 1 1 1 2 2 2 2 2 2 2 2 2 2 2 2 </vcount>
          <v>0 0 1 1 2 2 0 3 1 4 0 5 1 6 2 7 0 8 1 9 0 10 2 11 0 12 1 13 0 14 2 15 0 16 1 17 0 18 2 19 0 20 1 21 0 22 2 23 0 24 1 25 2 26 0 27 2 28 0 29 1 30 2 31 0 32 1 33 0 34 1 35 0 36 1 37 0 38 2 39 0 40 2 41 0 42 1 43 2 44 0 45 1 46 0 47 1 48 2 49 0 50 2 51 0 52 1 53 0 54 1 55 0 56 2 57 0 58 2 59 0 60 1 61 2 62 0 63 2 64 0 65 3 66 0 67 3 68 0 69 3 70 0 71 3 72 0 73 3 74 0 75 3 76 0 77 3 78 0 79 3 80 0 81 3 82 0 83 3 84 0 85 0 86 3 87 4 88 3 89 4 90 3 91 4 92 3 93 5 94 3 95 5 96 3 97 5 98 0 99 0 100 3 101 0 102 3 103 0 104 0 105 3 106 3 107 4 108 3 109 5 110 0 111 3 112 3 113 5 114 3 115 5 116 3 117 5 118 3 119 4 120 0 121 3 122 4 123 3 124 5 125 3 126 5 127 3 128 5 129 3 130 4 131 0 132 3 133 3 134 4 135 3 136 5 137 0 138 3 139 0 140 3 141 5 142 3 143 5 144 3 145 5 146 0 147 3 148 0 149 0 150 3 151 3 152 3 153 3 154 3 155 5 156 0 157 3 158 0 159 3 160 0 161 3 162 3 163 5 164 0 165 3 166 3 167 3 168 5 169 3 170 5 171 0 172 3 173 0 174 3 175 4 176 3 177 4 178 3 179 4 180 3 181 0 182 3 183 0 184 3 185 3 186 4 187 3 188 4 189 3 190 4 191 0 192 3 193 3 194 4 195 3 196 4 197 3 198 4 199 3 200 4 201 3 202 4 203 4 204 6 205 4 206 6 207 4 208 6 209 7 210 4 211 6 212 7 213 4 214 6 215 4 216 6 217 4 218 6 219 6 220 7 221 4 222 6 223 4 224 6 225 7 226 6 227 6 228 7 229 4 230 6 231 4 232 6 233 4 234 6 235 7 236 6 237 7 238 4 239 4 240 6 241 4 242 6 243 4 244 6 245 7 246 4 247 6 248 6 249 7 250 4 251 7 252 6 253 7 254 6 255 7 256 6 257 7 258 7 259 7 260 7 261 7 262 7 263 7 264 7 265 7 266 7 267 7 268 7 269 7 270 7 271 6 272 7 273 6 274 7 275 7 276 7 277 7 278 7 279 7 280 7 281 7 282 7 283 7 284 7 285 6 286 7 287 6 288 7 289 6 290 7 291 6 292 7 293 6 294 7 295 7 296 6 297 7 298 6 299 7 300 5 301 8 302 8 303 5 304 8 305 9 306 5 307 8 308 9 309 5 310 5 311 8 312 5 313 8 314 5 315 8 316 8 317 9 318 5 319 8 320 5 321 8 322 9 323 8 324 5 325 8 326 9 327 5 328 8 329 5 330 8 331 5 332 5 333 8 334 5 335 8 336 9 337 8 338 9 339 5 340 8 341 5 342 8 343 5 344 8 345 9 346 8 347 9 348 9 349 8 350 9 351 8 352 9 353 9 354 8 355 9 356 9 357 9 358 9 359 9 360 9 361 9 362 9 363 9 364 9 365 9 366 9 367 9 368 8 369 9 370 8 371 9 372 9 373 9 374 9 375 9 376 9 377 9 378 9 379 8 380 9 381 8 382 9 383 9 384 9 385 8 386 9 387 8 388 9 389 8 390 9 391 9 392 9 393 8 394 9 395 8 396 9 397 1 398 10 399 0 400 1 401 10 402 0 403 1 404 10 405 1 406 10 407 1 408 1 409 10 410 1 411 10 412 10 413 1 414 10 415 1 416 10 417 0 418 1 419 10 420 0 421 1 422 10 423 1 424 10 425 1 426 1 427 10 428 10 429 10 430 1 431 10 432 0 433 1 434 10 435 1 436 10 437 10 438 10 439 0 440 1 441 10 442 10 443 1 444 10 445 0 446 1 447 10 448 10 449 2 450 11 451 0 452 2 453 11 454 2 455 11 456 0 457 2 458 11 459 2 460 11 461 2 462 11 463 2 464 11 465 2 466 11 467 2 468 11 469 0 470 2 471 11 472 0 473 2 474 11 475 11 476 11 477 2 478 2 479 11 480 2 481 11 482 2 483 11 484 0 485 2 486 11 487 11 488 11 489 2 490 11 491 2 492 11 493 0 494 2 495 11 496 11 497 11 498 0 499 2 500 11 501 3 502 4 503 3 504 4 505 3 506 4 507 3 508 4 509 3 510 4 511 3 512 4 513 3 514 4 515 3 516 4 517 3 518 4 519 3 520 4 521 3 522 4 523 3 524 4 525 3 526 4 527 3 528 4 529 3 530 4 531 3 532 4 533 3 534 4 535 3 536 4 537 3 538 4 539 3 540 4 541 3 542 4 543 3 544 4 545 3 546 4 547 3 548 4 549 3 550 4 551 3 552 4 553 3 554 4 555 3 556 4 557 3 558 5 559 3 560 5 561 3 562 5 563 3 564 5 565 3 566 5 567 3 568 5 569 3 570 5 571 3 572 5 573 3 574 5 575 3 576 5 577 3 578 5 579 3 580 5 581 3 582 5 583 3 584 5 585 3 586 5 587 3 588 5 589 3 590 5 591 3 592 5 593 3 594 5 595 3 596 5 597 3 598 5 599 3 600 5 601 3 602 5 603 3 604 5 605 3 606 5 607 3 608 5 609 3 610 5 611 3 612 5 613 3 614 5 615 0 616 0 617 1 618 0 619 0 620 1 621 0 622 1 623 0 624 1 625 0 626 1 627 0 628 0 629 1 630 0 631 1 632 0 633 1 634 0 635 0 636 1 637 2 638 0 639 2 640 0 641 0 642 2 643 0 644 2 645 0 646 0 647 2 648 0 649 2 650 0 651 2 652 0 653 2 654 0 655 0 656 2 657 0 658 0 659 2 660 0 661 1 662 2 663 0 664 1 665 0 666 1 667 0 668 3 669 4 670 4 671 4 672 3 673 4 674 4 675 3 676 4 677 3 678 4 679 3 680 4 681 4 682 4 683 4 684 3 685 4 686 3 687 4 688 4 689 3 690 4 691 4 692 3 693 4 694 4 695 3 696 4 697 3 698 4 699 3 700 4 701 3 702 4 703 3 704 4 705 3 706 4 707 3 708 4 709 3 710 4 711 3 712 4 713 3 714 4 715 3 716 4 717 3 718 4 719 5 720 3 721 5 722 5 723 3 724 5 725 3 726 5 727 5 728 5 729 5 730 3 731 5 732 3 733 5 734 3 735 5 736 5 737 3 738 5 739 3 740 5 741 5 742 5 743 3 744 5 745 5 746 3 747 5 748 3 749 5 750 3 751 5 752 3 753 5 754 3 755 5 756 3 757 5 758 3 759 5 760 3 761 5 762 3 763 5 764 3 765 5 766 3 767 5 768 3 769 5 770 4 771 4 772 4 773 4 774 4 775 4 776 4 777 4 778 4 779 4 780 4 781 4 782 4 783 4 784 4 785 4 786 4 787 4 788 4 789 4 790 4 791 4 792 4 793 4 794 4 795 4 796 4 797 4 798 4 799 4 800 4 801 4 802 4 803 4 804 5 805 5 806 5 807 5 808 5 809 5 810 5 811 5 812 5 813 5 814 5 815 5 816 5 817 5 818 5 819 5 820 5 821 5 822 5 823 5 824 5 825 5 826 5 827 5 828 5 829 5 830 5 831 5 832 5 833 5 834 5 835 5 836 5 837 5 838 10 839 10 840 10 841 10 842 10 843 10 844 11 845 11 846 11 847 11 848 11 849 11 850 3 851 4 852 3 853 4 854 3 855 4 856 3 857 4 858 3 859 4 860 3 861 4 862 3 863 5 864 3 865 5 866 3 867 5 868 3 869 5 870 3 871 5 872 3 873 5 874</v>
        </vertex_weights>
      </skin>
    </controller>
    <controller id="Armature_shadow00__miiShadow-skin" name="Armature">
      <skin source="#shadow00__miiShadow-mesh">
        <bind_shape_matrix>1 0 0 0 0 1 0 0 0 0 1 0 0 0 0 1</bind_shape_matrix>
        <source id="Armature_shadow00__miiShadow-skin-joints">
          <Name_array id="Armature_shadow00__miiShadow-skin-joints-array" count="1">shadow00</Name_array>
          <technique_common>
            <accessor source="#Armature_shadow00__miiShadow-skin-joints-array" count="1" stride="1">
              <param name="JOINT" type="name"/>
            </accessor>
          </technique_common>
        </source>
        <source id="Armature_shadow00__miiShadow-skin-bind_poses">
          <float_array id="Armature_shadow00__miiShadow-skin-bind_poses-array" count="16">1 0 0 0 0 -1.62921e-7 1 1.19209e-7 0 -1 -1.62921e-7 0 0 0 0 1</float_array>
          <technique_common>
            <accessor source="#Armature_shadow00__miiShadow-skin-bind_poses-array" count="1" stride="16">
              <param name="TRANSFORM" type="float4x4"/>
            </accessor>
          </technique_common>
        </source>
        <source id="Armature_shadow00__miiShadow-skin-weights">
          <float_array id="Armature_shadow00__miiShadow-skin-weights-array" count="4">1 1 1 1</float_array>
          <technique_common>
            <accessor source="#Armature_shadow00__miiShadow-skin-weights-array" count="4" stride="1">
              <param name="WEIGHT" type="float"/>
            </accessor>
          </technique_common>
        </source>
        <joints>
          <input semantic="JOINT" source="#Armature_shadow00__miiShadow-skin-joints"/>
          <input semantic="INV_BIND_MATRIX" source="#Armature_shadow00__miiShadow-skin-bind_poses"/>
        </joints>
        <vertex_weights count="4">
          <input semantic="JOINT" source="#Armature_shadow00__miiShadow-skin-joints" offset="0"/>
          <input semantic="WEIGHT" source="#Armature_shadow00__miiShadow-skin-weights" offset="1"/>
          <vcount>1 1 1 1 </vcount>
          <v>0 0 0 1 0 2 0 3</v>
        </vertex_weights>
      </skin>
    </controller>
  </library_controllers>
  <library_visual_scenes>
    <visual_scene id="Scene" name="Scene">
      <node id="Armature" name="Armature" type="NODE">
        <matrix sid="transform">1 0 0 0 0 -1.62921e-7 -1 0 0 1 -1.62921e-7 0 0 0 0 1</matrix>
        <node id="Armature_Skl_Root" name="Skl_Root" sid="Skl_Root" type="JOINT">
          <matrix sid="transform">1 0 0 0 0 0.9999999 0 0 0 0 1 0 0 0 0 1</matrix>
          <node id="Armature_Shadow" name="Shadow" sid="Shadow" type="JOINT">
            <matrix sid="transform">1 0 0 0 0 1 0 -1.19209e-7 0 0 1 0 0 0 0 1</matrix>
            <node id="Armature_shadow00" name="shadow00" sid="shadow00" type="JOINT">
              <matrix sid="transform">1 0 0 0 0 1 0 0 0 0 1 0 0 0 0 1</matrix>
              <extra>
                <technique profile="blender">
                  <layer sid="layer" type="string">0</layer>
                  <tip_x sid="tip_x" type="float">0</tip_x>
                  <tip_y sid="tip_y" type="float">0.8602325</tip_y>
                  <tip_z sid="tip_z" type="float">0</tip_z>
                </technique>
              </extra>
            </node>
            <extra>
              <technique profile="blender">
                <layer sid="layer" type="string">0</layer>
                <tip_x sid="tip_x" type="float">0</tip_x>
                <tip_y sid="tip_y" type="float">0.8602325</tip_y>
                <tip_z sid="tip_z" type="float">0</tip_z>
              </technique>
            </extra>
          </node>
          <node id="Armature_Waist" name="Waist" sid="Waist" type="JOINT">
            <matrix sid="transform">-7.19627e-6 0 1 1.81899e-12 0 1 0 3.000001 -1 0 -7.19627e-6 1.77636e-14 0 0 0 1</matrix>
            <node id="Armature_Leg_1_L" name="Leg_1_L" sid="Leg_1_L" type="JOINT">
              <matrix sid="transform">-1 0 2.53518e-6 -2.55189e-6 0 1 0 -0.4999976 -2.53518e-6 0 -1 0.7000018 0 0 0 1</matrix>
              <node id="Armature_Leg_2_L" name="Leg_2_L" sid="Leg_2_L" type="JOINT">
                <matrix sid="transform">1 0 -5.56352e-8 3.04195e-6 0 1 0 -1.146 5.56352e-8 0 1 -4.05312e-6 0 0 0 1</matrix>
                <extra>
                  <technique profile="blender">
                    <layer sid="layer" type="string">0</layer>
                    <roll sid="roll" type="float">-1.570792</roll>
                    <tip_x sid="tip_x" type="float">0</tip_x>
                    <tip_y sid="tip_y" type="float">0.8602325</tip_y>
                    <tip_z sid="tip_z" type="float">0</tip_z>
                  </technique>
                </extra>
              </node>
              <extra>
                <technique profile="blender">
                  <layer sid="layer" type="string">0</layer>
                  <roll sid="roll" type="float">-1.570792</roll>
                  <tip_x sid="tip_x" type="float">0</tip_x>
                  <tip_y sid="tip_y" type="float">0.8602324</tip_y>
                  <tip_z sid="tip_z" type="float">0</tip_z>
                </technique>
              </extra>
            </node>
            <node id="Armature_Leg_1_R" name="Leg_1_R" sid="Leg_1_R" type="JOINT">
              <matrix sid="transform">-1 0 2.53518e-6 2.43265e-6 0 0.9999997 0 -0.5000026 -2.53518e-6 0 -1 -0.6999981 0 0 0 1</matrix>
              <node id="Armature_Leg_2_R" name="Leg_2_R" sid="Leg_2_R" type="JOINT">
                <matrix sid="transform">1 0 6.35728e-8 -2.76869e-6 0 1 0 -1.146001 -6.35728e-8 0 1 -4.29153e-6 0 0 0 1</matrix>
                <extra>
                  <technique profile="blender">
                    <layer sid="layer" type="string">0</layer>
                    <roll sid="roll" type="float">-1.570792</roll>
                    <tip_x sid="tip_x" type="float">0</tip_x>
                    <tip_y sid="tip_y" type="float">0.8602326</tip_y>
                    <tip_z sid="tip_z" type="float">0</tip_z>
                  </technique>
                </extra>
              </node>
              <extra>
                <technique profile="blender">
                  <layer sid="layer" type="string">0</layer>
                  <roll sid="roll" type="float">-1.570792</roll>
                  <tip_x sid="tip_x" type="float">0</tip_x>
                  <tip_y sid="tip_y" type="float">0.8602326</tip_y>
                  <tip_z sid="tip_z" type="float">0</tip_z>
                </technique>
              </extra>
            </node>
            <node id="Armature_Spine" name="Spine" sid="Spine" type="JOINT">
              <matrix sid="transform">1 0 4.54747e-13 1.07312e-7 0 0.9999999 0 0.9000003 -4.54747e-13 0 1 -3.2723e-6 0 0 0 1</matrix>
              <node id="Armature_Arm_1_L" name="Arm_1_L" sid="Arm_1_L" type="JOINT">
                <matrix sid="transform">-3.50078e-6 0 -1 -3.37557e-6 0 1 0 1.550004 1 0 -3.50078e-6 0.9999944 0 0 0 1</matrix>
                <node id="Armature_Arm_2_L" name="Arm_2_L" sid="Arm_2_L" type="JOINT">
                  <matrix sid="transform">1 0 -5.5212e-8 1.92304 0 1 0 0 5.5212e-8 0 1 7.75199e-8 0 0 0 1</matrix>
                  <node id="Armature_Wrist_L" name="Wrist_L" sid="Wrist_L" type="JOINT">
                    <matrix sid="transform">1 0 0 1.999999 0 1 0 0 0 0 1 -2.9795e-8 0 0 0 1</matrix>
                    <node id="Armature_Item_L" name="Item_L" sid="Item_L" type="JOINT">
                      <matrix sid="transform">1 0 -5.10017e-6 0 0 1 0 0 5.10017e-6 0 1 1.81899e-12 0 0 0 1</matrix>
                      <extra>
                        <technique profile="blender">
                          <layer sid="layer" type="string">0</layer>
                          <roll sid="roll" type="float">-1.4599e-6</roll>
                          <tip_x sid="tip_x" type="float">0</tip_x>
                          <tip_y sid="tip_y" type="float">0.8602324</tip_y>
                          <tip_z sid="tip_z" type="float">0</tip_z>
                        </technique>
                      </extra>
                    </node>
                    <extra>
                      <technique profile="blender">
                        <layer sid="layer" type="string">0</layer>
                        <roll sid="roll" type="float">3.64028e-6</roll>
                        <tip_x sid="tip_x" type="float">0</tip_x>
                        <tip_y sid="tip_y" type="float">0.8602324</tip_y>
                        <tip_z sid="tip_z" type="float">0</tip_z>
                      </technique>
                    </extra>
                  </node>
                  <extra>
                    <technique profile="blender">
                      <layer sid="layer" type="string">0</layer>
                      <roll sid="roll" type="float">3.64028e-6</roll>
                      <tip_x sid="tip_x" type="float">0</tip_x>
                      <tip_y sid="tip_y" type="float">0.8602324</tip_y>
                      <tip_z sid="tip_z" type="float">0</tip_z>
                    </technique>
                  </extra>
                </node>
                <extra>
                  <technique profile="blender">
                    <layer sid="layer" type="string">0</layer>
                    <roll sid="roll" type="float">3.64028e-6</roll>
                    <tip_x sid="tip_x" type="float">0</tip_x>
                    <tip_y sid="tip_y" type="float">0.8602324</tip_y>
                    <tip_z sid="tip_z" type="float">0</tip_z>
                  </technique>
                </extra>
              </node>
              <node id="Armature_Arm_1_R" name="Arm_1_R" sid="Arm_1_R" type="JOINT">
                <matrix sid="transform">-3.7392e-6 0 1 3.7452e-6 0 1 0 1.549997 -1 0 -3.7392e-6 -1.000006 0 0 0 1</matrix>
                <node id="Armature_Arm_2_R" name="Arm_2_R" sid="Arm_2_R" type="JOINT">
                  <matrix sid="transform">1 0 -5.56365e-8 1.92304 0 1 0 -1.38283e-5 5.56365e-8 0 1 1.40374e-5 0 0 0 1</matrix>
                  <node id="Armature_Wrist_R" name="Wrist_R" sid="Wrist_R" type="JOINT">
                    <matrix sid="transform">1 0 0 2 0 1 0 -1.4782e-5 0 0 1 1.44879e-5 0 0 0 1</matrix>
                    <node id="Armature_Item_R" name="Item_R" sid="Item_R" type="JOINT">
                      <matrix sid="transform">-1 0 2.53518e-6 0 0 1 0 0 -2.53518e-6 0 -1 0 0 0 0 1</matrix>
                      <extra>
                        <technique profile="blender">
                          <layer sid="layer" type="string">0</layer>
                          <roll sid="roll" type="float">8.31187e-6</roll>
                          <tip_x sid="tip_x" type="float">0</tip_x>
                          <tip_y sid="tip_y" type="float">0.8602324</tip_y>
                          <tip_z sid="tip_z" type="float">0</tip_z>
                        </technique>
                      </extra>
                    </node>
                    <extra>
                      <technique profile="blender">
                        <layer sid="layer" type="string">0</layer>
                        <roll sid="roll" type="float">-3.141582</roll>
                        <tip_x sid="tip_x" type="float">0</tip_x>
                        <tip_y sid="tip_y" type="float">0.8602324</tip_y>
                        <tip_z sid="tip_z" type="float">0</tip_z>
                      </technique>
                    </extra>
                  </node>
                  <extra>
                    <technique profile="blender">
                      <layer sid="layer" type="string">0</layer>
                      <roll sid="roll" type="float">-3.141582</roll>
                      <tip_x sid="tip_x" type="float">0</tip_x>
                      <tip_y sid="tip_y" type="float">0.8602324</tip_y>
                      <tip_z sid="tip_z" type="float">0</tip_z>
                    </technique>
                  </extra>
                </node>
                <extra>
                  <technique profile="blender">
                    <layer sid="layer" type="string">0</layer>
                    <roll sid="roll" type="float">-3.141582</roll>
                    <tip_x sid="tip_x" type="float">0</tip_x>
                    <tip_y sid="tip_y" type="float">0.8602324</tip_y>
                    <tip_z sid="tip_z" type="float">0</tip_z>
                  </technique>
                </extra>
              </node>
              <node id="Armature_Head" name="Head" sid="Head" type="JOINT">
                <matrix sid="transform">1 0 -4.54747e-13 2.42167e-7 0 1 0 2.031001 4.54747e-13 0 1 -7.38448e-6 0 0 0 1</matrix>
                <extra>
                  <technique profile="blender">
                    <layer sid="layer" type="string">0</layer>
                    <roll sid="roll" type="float">1.570803</roll>
                    <tip_x sid="tip_x" type="float">0</tip_x>
                    <tip_y sid="tip_y" type="float">0.8602324</tip_y>
                    <tip_z sid="tip_z" type="float">0</tip_z>
                  </technique>
                </extra>
              </node>
              <node id="Armature_Mant_1" name="Mant_1" sid="Mant_1" type="JOINT">
                <matrix sid="transform">-1 0 -5.15779e-6 0.8877609 0 1 0 1.92116 5.15779e-6 0 -1 -3.79789e-6 0 0 0 1</matrix>
                <node id="Armature_Mant_2" name="Mant_2" sid="Mant_2" type="JOINT">
                  <matrix sid="transform">1 0 -3.57629e-7 -0.7160028 0 1 0 -1.91527 3.57629e-7 0 1 -1.31032e-5 0 0 0 1</matrix>
                  <node id="Armature_Mant_L" name="Mant_L" sid="Mant_L" type="JOINT">
                    <matrix sid="transform">0.9803917 0 0.1970588 -0.3237724 0 1 0 -1.121401 -0.1970588 0 0.9803917 -1.605418 0 0 0 1</matrix>
                    <extra>
                      <technique profile="blender">
                        <layer sid="layer" type="string">0</layer>
                        <roll sid="roll" type="float">-1.372427</roll>
                        <tip_x sid="tip_x" type="float">0</tip_x>
                        <tip_y sid="tip_y" type="float">0.8602324</tip_y>
                        <tip_z sid="tip_z" type="float">0</tip_z>
                      </technique>
                    </extra>
                  </node>
                  <node id="Armature_Mant_R" name="Mant_R" sid="Mant_R" type="JOINT">
                    <matrix sid="transform">0.9803911 0 -0.1970616 -0.323792 0 1 0 -1.121415 0.1970616 0 0.9803911 1.605404 0 0 0 1</matrix>
                    <extra>
                      <technique profile="blender">
                        <layer sid="layer" type="string">0</layer>
                        <roll sid="roll" type="float">-1.769144</roll>
                        <tip_x sid="tip_x" type="float">0</tip_x>
                        <tip_y sid="tip_y" type="float">0.8602324</tip_y>
                        <tip_z sid="tip_z" type="float">0</tip_z>
                      </technique>
                    </extra>
                  </node>
                  <extra>
                    <technique profile="blender">
                      <layer sid="layer" type="string">0</layer>
                      <roll sid="roll" type="float">-1.570784</roll>
                      <tip_x sid="tip_x" type="float">0</tip_x>
                      <tip_y sid="tip_y" type="float">0.8602326</tip_y>
                      <tip_z sid="tip_z" type="float">0</tip_z>
                    </technique>
                  </extra>
                </node>
                <extra>
                  <technique profile="blender">
                    <layer sid="layer" type="string">0</layer>
                    <roll sid="roll" type="float">-1.570784</roll>
                    <tip_x sid="tip_x" type="float">0</tip_x>
                    <tip_y sid="tip_y" type="float">0.8602324</tip_y>
                    <tip_z sid="tip_z" type="float">0</tip_z>
                  </technique>
                </extra>
              </node>
              <extra>
                <technique profile="blender">
                  <layer sid="layer" type="string">0</layer>
                  <roll sid="roll" type="float">1.570803</roll>
                  <tip_x sid="tip_x" type="float">0</tip_x>
                  <tip_y sid="tip_y" type="float">0.8602324</tip_y>
                  <tip_z sid="tip_z" type="float">0</tip_z>
                </technique>
              </extra>
            </node>
            <extra>
              <technique profile="blender">
                <layer sid="layer" type="string">0</layer>
                <roll sid="roll" type="float">1.570803</roll>
                <tip_x sid="tip_x" type="float">0</tip_x>
                <tip_y sid="tip_y" type="float">0.8602324</tip_y>
                <tip_z sid="tip_z" type="float">0</tip_z>
              </technique>
            </extra>
          </node>
          <extra>
            <technique profile="blender">
              <layer sid="layer" type="string">0</layer>
              <tip_x sid="tip_x" type="float">0</tip_x>
              <tip_y sid="tip_y" type="float">0.8602325</tip_y>
              <tip_z sid="tip_z" type="float">0</tip_z>
            </technique>
          </extra>
        </node>
        <node id="shadow00__miiShadow" name="shadow00__miiShadow" type="NODE">
          <matrix sid="transform">1 0 0 0 0 1 0 0 0 0 1 0 0 0 0 1</matrix>
          <instance_controller url="#Armature_shadow00__miiShadow-skin">
            <skeleton>#Armature_Skl_Root</skeleton>
            <bind_material>
              <technique_common>
                <instance_material symbol="miiShadow-material" target="#miiShadow-material">
                  <bind_vertex_input semantic="shadow00__miiShadow-texcoord" input_semantic="TEXCOORD" input_set="0"/>
                </instance_material>
              </technique_common>
            </bind_material>
          </instance_controller>
        </node>
        <node id="Skl_Root__miiFighterB24A" name="Skl_Root__miiFighterB24A" type="NODE">
          <matrix sid="transform">1 0 0 0 0 1 0 0 0 0 1 0 0 0 0 1</matrix>
          <instance_controller url="#Armature_Skl_Root__miiFighterB24A-skin">
            <skeleton>#Armature_Skl_Root</skeleton>
            <bind_material>
              <technique_common>
                <instance_material symbol="miiFighterB24A-material" target="#miiFighterB24A-material">
                  <bind_vertex_input semantic="Skl_Root__miiFighterB24A-texcoord" input_semantic="TEXCOORD" input_set="0"/>
                </instance_material>
              </technique_common>
            </bind_material>
          </instance_controller>
        </node>
        <node id="Skl_Root__miiFighterB24B" name="Skl_Root__miiFighterB24B" type="NODE">
          <matrix sid="transform">1 0 0 0 0 1 0 0 0 0 1 0 0 0 0 1</matrix>
          <instance_controller url="#Armature_Skl_Root__miiFighterB24B-skin">
            <skeleton>#Armature_Skl_Root</skeleton>
            <bind_material>
              <technique_common>
                <instance_material symbol="miiFighterB24B-material" target="#miiFighterB24B-material">
                  <bind_vertex_input semantic="Skl_Root__miiFighterB24B-texcoord" input_semantic="TEXCOORD" input_set="0"/>
                </instance_material>
              </technique_common>
            </bind_material>
          </instance_controller>
        </node>
      </node>
    </visual_scene>
  </library_visual_scenes>
  <scene>
    <instance_visual_scene url="#Scene"/>
  </scene>
</COLLADA>