<?xml version="1.0" encoding="utf-8"?>
<COLLADA xmlns="http://www.collada.org/2005/11/COLLADASchema" version="1.4.1" xmlns:xsi="http://www.w3.org/2001/XMLSchema-instance">
  <asset>
    <contributor>
      <author>Blender User</author>
      <authoring_tool>Blender 3.0.1 commit date:2022-01-25, commit time:17:19, hash:dc2d18018171</authoring_tool>
    </contributor>
    <created>2026-02-27T19:44:53</created>
    <modified>2026-02-27T19:44:53</modified>
    <unit name="meter" meter="1"/>
    <up_axis>Z_UP</up_axis>
  </asset>
  <library_effects>
    <effect id="EnShadow-effect">
      <profile_COMMON>
        <newparam sid="EnShadow_png-surface">
          <surface type="2D">
            <init_from>EnShadow_png</init_from>
          </surface>
        </newparam>
        <newparam sid="EnShadow_png-sampler">
          <sampler2D>
            <source>EnShadow_png-surface</source>
          </sampler2D>
        </newparam>
        <technique sid="common">
          <lambert>
            <emission>
              <color sid="emission">0 0 0 1</color>
            </emission>
            <diffuse>
              <texture texture="EnShadow_png-sampler" texcoord="Shadow__EnShadow-texcoord"/>
            </diffuse>
            <index_of_refraction>
              <float sid="ior">1.45</float>
            </index_of_refraction>
          </lambert>
        </technique>
      </profile_COMMON>
    </effect>
    <effect id="EnAlienA01-effect">
      <profile_COMMON>
        <newparam sid="EnAlienC01_ALB_png-surface">
          <surface type="2D">
            <init_from>EnAlienC01_ALB_png</init_from>
          </surface>
        </newparam>
        <newparam sid="EnAlienC01_ALB_png-sampler">
          <sampler2D>
            <source>EnAlienC01_ALB_png-surface</source>
          </sampler2D>
        </newparam>
        <technique sid="common">
          <lambert>
            <emission>
              <color sid="emission">0 0 0 1</color>
            </emission>
            <diffuse>
              <texture texture="EnAlienC01_ALB_png-sampler" texcoord="Gun__EnAlienA01-texcoord"/>
            </diffuse>
            <index_of_refraction>
              <float sid="ior">1.45</float>
            </index_of_refraction>
          </lambert>
        </technique>
      </profile_COMMON>
    </effect>
    <effect id="EnFace01-effect">
      <profile_COMMON>
        <newparam sid="EnMiiMask_Dummy_png-surface">
          <surface type="2D">
            <init_from>EnMiiMask_Dummy_png</init_from>
          </surface>
        </newparam>
        <newparam sid="EnMiiMask_Dummy_png-sampler">
          <sampler2D>
            <source>EnMiiMask_Dummy_png-surface</source>
          </sampler2D>
        </newparam>
        <technique sid="common">
          <lambert>
            <emission>
              <color sid="emission">0 0 0 1</color>
            </emission>
            <diffuse>
              <texture texture="EnMiiMask_Dummy_png-sampler" texcoord="Eye__EnFace01-texcoord"/>
            </diffuse>
            <index_of_refraction>
              <float sid="ior">1.45</float>
            </index_of_refraction>
          </lambert>
        </technique>
      </profile_COMMON>
    </effect>
    <effect id="EnFace00-effect">
      <profile_COMMON>
        <newparam sid="EnBothEye00_Dummy_png-surface">
          <surface type="2D">
            <init_from>EnBothEye00_Dummy_png</init_from>
          </surface>
        </newparam>
        <newparam sid="EnBothEye00_Dummy_png-sampler">
          <sampler2D>
            <source>EnBothEye00_Dummy_png-surface</source>
          </sampler2D>
        </newparam>
        <technique sid="common">
          <lambert>
            <emission>
              <color sid="emission">0 0 0 1</color>
            </emission>
            <diffuse>
              <texture texture="EnBothEye00_Dummy_png-sampler" texcoord="Eye__EnFace00-texcoord"/>
            </diffuse>
            <index_of_refraction>
              <float sid="ior">1.45</float>
            </index_of_refraction>
          </lambert>
        </technique>
      </profile_COMMON>
    </effect>
    <effect id="EnAlienA00-effect">
      <profile_COMMON>
        <newparam sid="EnAlienC00_ALB_png-surface">
          <surface type="2D">
            <init_from>EnAlienC00_ALB_png</init_from>
          </surface>
        </newparam>
        <newparam sid="EnAlienC00_ALB_png-sampler">
          <sampler2D>
            <source>EnAlienC00_ALB_png-surface</source>
          </sampler2D>
        </newparam>
        <technique sid="common">
          <lambert>
            <emission>
              <color sid="emission">0 0 0 1</color>
            </emission>
            <diffuse>
              <texture texture="EnAlienC00_ALB_png-sampler" texcoord="Skl_Root__EnAlienA00-texcoord"/>
            </diffuse>
            <index_of_refraction>
              <float sid="ior">1.45</float>
            </index_of_refraction>
          </lambert>
        </technique>
      </profile_COMMON>
    </effect>
  </library_effects>
  <library_images>
    <image id="EnAlienC00_ALB_png" name="EnAlienC00_ALB_png">
      <init_from>EnAlienC00_ALB.png</init_from>
    </image>
    <image id="EnAlienC01_ALB_png" name="EnAlienC01_ALB_png">
      <init_from>EnAlienC01_ALB.png</init_from>
    </image>
    <image id="EnBothEye00_Dummy_png" name="EnBothEye00_Dummy_png">
      <init_from>EnBothEye00_Dummy.png</init_from>
    </image>
    <image id="EnMiiMask_Dummy_png" name="EnMiiMask_Dummy_png">
      <init_from>EnMiiMask_Dummy.png</init_from>
    </image>
    <image id="EnShadow_png" name="EnShadow_png">
      <init_from>EnShadow.png</init_from>
    </image>
  </library_images>
  <library_materials>
    <material id="EnShadow-material" name="EnShadow">
      <instance_effect url="#EnShadow-effect"/>
    </material>
    <material id="EnAlienA01-material" name="EnAlienA01">
      <instance_effect url="#EnAlienA01-effect"/>
    </material>
    <material id="EnFace01-material" name="EnFace01">
      <instance_effect url="#EnFace01-effect"/>
    </material>
    <material id="EnFace00-material" name="EnFace00">
      <instance_effect url="#EnFace00-effect"/>
    </material>
    <material id="EnAlienA00-material" name="EnAlienA00">
      <instance_effect url="#EnAlienA00-effect"/>
    </material>
  </library_materials>
  <library_geometries>
    <geometry id="Shadow__EnShadow-mesh" name="Shadow__EnShadow">
      <mesh>
        <source id="Shadow__EnShadow-mesh-positions">
          <float_array id="Shadow__EnShadow-mesh-positions-array" count="12">5.90356 0 -5.90356 -5.90356 0 -5.90356 5.90356 0 5.90356 -5.90356 0 5.90356</float_array>
          <technique_common>
            <accessor source="#Shadow__EnShadow-mesh-positions-array" count="4" stride="3">
              <param name="X" type="float"/>
              <param name="Y" type="float"/>
              <param name="Z" type="float"/>
            </accessor>
          </technique_common>
        </source>
        <source id="Shadow__EnShadow-mesh-normals">
          <float_array id="Shadow__EnShadow-mesh-normals-array" count="3">0 1 0</float_array>
          <technique_common>
            <accessor source="#Shadow__EnShadow-mesh-normals-array" count="1" stride="3">
              <param name="X" type="float"/>
              <param name="Y" type="float"/>
              <param name="Z" type="float"/>
            </accessor>
          </technique_common>
        </source>
        <source id="Shadow__EnShadow-mesh-map-0">
          <float_array id="Shadow__EnShadow-mesh-map-0-array" count="12">2 1.000031 0 1.000031 2 -1.000031 2 -1.000031 0 1.000031 0 -1.000031</float_array>
          <technique_common>
            <accessor source="#Shadow__EnShadow-mesh-map-0-array" count="6" stride="2">
              <param name="S" type="float"/>
              <param name="T" type="float"/>
            </accessor>
          </technique_common>
        </source>
        <vertices id="Shadow__EnShadow-mesh-vertices">
          <input semantic="POSITION" source="#Shadow__EnShadow-mesh-positions"/>
        </vertices>
        <triangles material="EnShadow-material" count="2">
          <input semantic="VERTEX" source="#Shadow__EnShadow-mesh-vertices" offset="0"/>
          <input semantic="NORMAL" source="#Shadow__EnShadow-mesh-normals" offset="1"/>
          <input semantic="TEXCOORD" source="#Shadow__EnShadow-mesh-map-0" offset="2" set="0"/>
          <p>0 0 0 1 0 1 2 0 2 2 0 3 1 0 4 3 0 5</p>
        </triangles>
      </mesh>
    </geometry>
    <geometry id="Gun__EnAlienA01-mesh" name="Gun__EnAlienA01">
      <mesh>
        <source id="Gun__EnAlienA01-mesh-positions">
          <float_array id="Gun__EnAlienA01-mesh-positions-array" count="261">0.9388106 -4.363107 -1.007257 -1.23894e-5 -3.82108 -1.007257 1.047139 -4.300556 -0.586429 -1.28422e-5 -3.69599 -0.586429 -1.23894e-5 -3.82108 -1.007257 -0.9388304 -4.363113 -1.007257 -1.28422e-5 -3.69599 -0.586429 -1.047161 -4.300564 -0.586429 -0.9388275 -5.447164 -1.007257 -1.047156 -5.509714 -0.586429 -4.54088e-6 -5.98919 -1.007257 -4.08805e-6 -6.11428 -0.586429 -4.54088e-6 -5.98919 -1.007257 0.9388135 -5.447156 -1.007257 -4.08805e-6 -6.11428 -0.586429 1.047144 -5.509706 -0.586429 -1.23894e-5 -3.82108 -1.007257 0.9388106 -4.363107 -1.007257 -8.46513e-6 -4.90514 -1.358078 -0.9388304 -4.363113 -1.007257 -0.9388275 -5.447164 -1.007257 -4.54088e-6 -5.98919 -1.007257 0.9388135 -5.447156 -1.007257 0.8469273 -5.394107 1.711652 0.8469238 -4.416157 1.711652 -4.92496e-6 -5.88309 1.711652 -0.8469407 -5.394113 1.711652 -4.92496e-6 -5.88309 1.711652 -0.8469443 -4.416163 1.711652 -1.20053e-5 -3.92718 1.711652 -1.20053e-5 -3.92718 1.711652 3.26298e-6 -8.144957 0.3627599 -2.72069e-6 -6.492007 0.4408189 -0.2977054 -7.97638 0.218119 -0.2977108 -6.465267 0.269655 3.26298e-6 -8.144957 0.3627599 0.2977107 -7.976378 0.218119 -2.72069e-6 -6.492007 0.4408189 0.2977052 -6.465265 0.269655 -0.2977123 -6.059721 0.561729 -3.88233e-6 -6.17111 0.6944089 0.2977037 -6.059719 0.561729 -3.88233e-6 -6.17111 0.6944089 -0.2977135 -5.739841 0.9082819 -5.44352e-6 -5.73984 1.078182 0.2977026 -5.739839 0.9082819 -5.44352e-6 -5.73984 1.078182 -0.2977135 -5.739841 -0.478374 -5.44352e-6 -5.73984 -0.621721 -0.2977054 -7.97638 -0.8006899 3.26298e-6 -8.144957 -0.9588059 0.2977026 -5.739839 -0.478374 0.2977107 -7.976378 -0.8006899 -5.44352e-6 -5.73984 -0.621721 3.26298e-6 -8.144957 -0.9588059 0.9164262 -3.988697 1.604682 1.296032 -4.905135 1.604682 -1.31568e-5 -3.6091 1.604682 0.9164329 -5.821567 1.604682 -3.77348e-6 -6.20118 1.604682 -0.9164431 -5.821573 1.604682 -1.296049 -4.905145 1.604682 -0.9164498 -3.988703 1.604682 0.9164262 -3.988697 1.604682 -1.31568e-5 -3.6091 1.604682 -8.46513e-6 -4.90514 4.079792 -1.31568e-5 -3.6091 1.604682 -0.9164498 -3.988703 1.604682 -8.46513e-6 -4.90514 4.079792 -0.9164498 -3.988703 1.604682 -1.296049 -4.905145 1.604682 -8.46513e-6 -4.90514 4.079792 -1.296049 -4.905145 1.604682 -0.9164431 -5.821573 1.604682 -8.46513e-6 -4.90514 4.079792 -0.9164431 -5.821573 1.604682 -3.77348e-6 -6.20118 1.604682 -8.46513e-6 -4.90514 4.079792 -3.77348e-6 -6.20118 1.604682 0.9164329 -5.821567 1.604682 -8.46513e-6 -4.90514 4.079792 0.9164329 -5.821567 1.604682 1.296032 -4.905135 1.604682 -8.46513e-6 -4.90514 4.079792 1.296032 -4.905135 1.604682 0.9164262 -3.988697 1.604682 -8.46513e-6 -4.90514 4.079792</float_array>
          <technique_common>
            <accessor source="#Gun__EnAlienA01-mesh-positions-array" count="87" stride="3">
              <param name="X" type="float"/>
              <param name="Y" type="float"/>
              <param name="Z" type="float"/>
            </accessor>
          </technique_common>
        </source>
        <source id="Gun__EnAlienA01-mesh-normals">
          <float_array id="Gun__EnAlienA01-mesh-normals-array" count="189">0.8301266 0.4792761 -0.2849287 0.4842123 0.8386889 -0.249278 0.8626016 0.4980163 -0.08887261 0.4985042 0.8634554 -0.07706153 -0.4842123 0.8386889 -0.249278 -0.8301266 0.4792761 -0.2849287 -0.4985042 0.8634554 -0.07706153 -0.8626016 0.4980163 -0.08887261 -0.8301266 -0.4792761 -0.2849287 -0.8626016 -0.4980163 -0.08887261 -0.4842123 -0.8386889 -0.249278 -0.4985042 -0.8634554 -0.07706153 0.4842123 -0.8386889 -0.249278 0.8301266 -0.4792761 -0.2849287 0.4985042 -0.8634554 -0.07706153 0.8626016 -0.4980163 -0.08887261 0 0.3078747 -0.951427 0.2666425 0.1539367 -0.9514228 0 0 -1 -0.2666425 0.1539367 -0.9514228 -0.2666425 -0.1539367 -0.9514228 0 -0.3078747 -0.951427 0.2666425 -0.1539367 -0.9514228 0.8616769 -0.4974922 0.1000722 0.8616769 0.4974922 0.1000722 0.4981117 -0.8627609 0.08676743 -0.8616769 -0.4974922 0.1000722 -0.4980972 -0.8627663 0.08679544 -0.8616769 0.4974922 0.1000722 -0.4981117 0.8627609 0.08676743 0.4980972 0.8627663 0.08679544 -0.597657 -0.585663 0.5475445 -0.5024083 -0.3028427 0.8098595 -0.8099753 -0.4147232 0.4146621 -0.9056305 -0.1313246 0.4032213 0.597657 -0.585663 0.5475445 0.8099753 -0.4147232 0.4146621 0.5024083 -0.3028427 0.8098595 0.9056305 -0.1313246 0.4032213 -0.8781415 -0.3211581 0.3545771 -0.4821178 -0.5831987 0.6537904 0.8781415 -0.3211581 0.3545771 0.4821178 -0.5831987 0.6537904 -0.668741 -0.5115357 0.5395524 -0.3921733 -0.6115157 0.6872035 0.6687684 -0.5115027 0.5395498 0.3921733 -0.6115157 0.6872035 -0.8663774 0.07120114 -0.494288 -0.4282748 0.128577 -0.8944544 -0.8062897 -0.3637902 -0.4664266 -0.6119989 -0.5313675 -0.5857525 0.8663756 0.07123148 -0.494287 0.8062897 -0.3637902 -0.4664266 0.4282748 0.128577 -0.8944544 0.6119989 -0.5313675 -0.5857525 0.3444718 0.8316826 0.4354805 -0.3444718 0.8316826 0.4354805 -0.8316826 0.3444718 0.4354805 -0.8316739 -0.3444987 0.435476 -0.3444987 -0.8316739 0.435476 0.3444987 -0.8316739 0.435476 0.8316826 -0.3444718 0.4354805 0.8316739 0.3444987 0.435476</float_array>
          <technique_common>
            <accessor source="#Gun__EnAlienA01-mesh-normals-array" count="63" stride="3">
              <param name="X" type="float"/>
              <param name="Y" type="float"/>
              <param name="Z" type="float"/>
            </accessor>
          </technique_common>
        </source>
        <source id="Gun__EnAlienA01-mesh-map-0">
          <float_array id="Gun__EnAlienA01-mesh-map-0-array" count="432">0.6709059 0.9809867 0.5098152 0.9809867 0.6709059 0.9185321 0.6709059 0.9185321 0.5098152 0.9809867 0.5098152 0.9185321 0.5098152 0.9809867 0.3487546 0.9809867 0.5098152 0.9185321 0.5098152 0.9185321 0.3487546 0.9809867 0.3487546 0.9185321 0.3487546 0.9809867 0.1893153 0.9809867 0.3487546 0.9185321 0.3487546 0.9185321 0.1893153 0.9809867 0.1893153 0.9185321 0.1893153 0.9809867 0.03552097 0.9809867 0.1893153 0.9185321 0.1893153 0.9185321 0.03552097 0.9809867 0.03552097 0.9185321 0.9838691 0.9809867 0.830225 0.9809867 0.9838691 0.9185321 0.9838691 0.9185321 0.830225 0.9809867 0.830225 0.9185321 0.830225 0.9809867 0.6709059 0.9809867 0.830225 0.9185321 0.830225 0.9185321 0.6709059 0.9809867 0.6709059 0.9185321 0.08359301 0.01828598 0.2260374 0.01828598 0.1548151 0.1359587 0.01237076 0.1416337 0.08359301 0.01828598 0.1548151 0.1359587 0.08359301 0.2650114 0.01237076 0.1416337 0.1548151 0.1359587 0.2260374 0.2650114 0.08359301 0.2650114 0.1548151 0.1359587 0.2972596 0.1416337 0.2260374 0.2650114 0.1548151 0.1359587 0.2260374 0.01828598 0.2972596 0.1416337 0.1548151 0.1359587 0.830225 0.6107633 0.830225 0.9185321 0.6709059 0.6107633 0.6709059 0.6107633 0.830225 0.9185321 0.6709059 0.9185321 0.9838691 0.6107633 0.9838691 0.9185321 0.830225 0.6107633 0.830225 0.6107633 0.9838691 0.9185321 0.830225 0.9185321 0.1893153 0.6107633 0.1893153 0.9185321 0.03552097 0.6107633 0.03552097 0.6107633 0.1893153 0.9185321 0.03552097 0.9185321 0.3487546 0.6107633 0.3487546 0.9185321 0.1893153 0.6107633 0.1893153 0.6107633 0.3487546 0.9185321 0.1893153 0.9185321 0.5098152 0.6107633 0.5098152 0.9185321 0.3487546 0.6107633 0.3487546 0.6107633 0.5098152 0.9185321 0.3487546 0.9185321 0.6709059 0.6107633 0.6709059 0.9185321 0.5098152 0.6107633 0.5098152 0.6107633 0.6709059 0.9185321 0.5098152 0.9185321 0.7261241 0.1888049 0.7387351 0.4559481 0.7027637 0.2160386 0.7027637 0.2160386 0.7387351 0.4559481 0.711081 0.460272 0.2927256 0.1888049 0.316116 0.2160386 0.2801146 0.4559481 0.2801146 0.4559481 0.316116 0.2160386 0.3077988 0.460272 0.711081 0.460272 0.7387351 0.4559481 0.7582822 0.5258192 0.7582822 0.5258192 0.7387351 0.4559481 0.7797209 0.5078034 0.3077988 0.460272 0.2605675 0.5258192 0.2801146 0.4559481 0.2801146 0.4559481 0.2605675 0.5258192 0.2391288 0.5078034 0.7582822 0.5258192 0.7797209 0.5078034 0.8143111 0.5775243 0.8143111 0.5775243 0.7797209 0.5078034 0.841755 0.5775243 0.2605675 0.5258192 0.2045686 0.5775243 0.2391288 0.5078034 0.2391288 0.5078034 0.2045686 0.5775243 0.1771247 0.5775243 0.5901954 0.5775243 0.5670151 0.5775243 0.5380999 0.2160386 0.5380999 0.2160386 0.5670151 0.5775243 0.5125476 0.1888049 0.4286844 0.5775243 0.4807798 0.2160386 0.4518646 0.5775243 0.4518646 0.5775243 0.4807798 0.2160386 0.5063322 0.1888049 0.5125476 0.1888049 0.7261241 0.1888049 0.5380999 0.2160386 0.5380999 0.2160386 0.7261241 0.1888049 0.7027637 0.2160386 0.5063322 0.1888049 0.4807798 0.2160386 0.2927256 0.1888049 0.2927256 0.1888049 0.4807798 0.2160386 0.316116 0.2160386 0.316116 0.2160386 0.4807798 0.2160386 0.3077988 0.460272 0.4807798 0.2160386 0.4286844 0.5775243 0.3077988 0.460272 0.3077988 0.460272 0.4286844 0.5775243 0.2605675 0.5258192 0.2605675 0.5258192 0.4286844 0.5775243 0.2045686 0.5775243 0.5380999 0.2160386 0.7027637 0.2160386 0.711081 0.460272 0.5380999 0.2160386 0.711081 0.460272 0.5901954 0.5775243 0.5901954 0.5775243 0.711081 0.460272 0.7582822 0.5258192 0.5901954 0.5775243 0.7582822 0.5258192 0.8143111 0.5775243 0.2211731 0.3215508 0.2558534 0.4052639 0.1374599 0.2868705 0.2211731 0.488977 0.1374599 0.5236573 0.2558534 0.4052639 0.05374687 0.488977 0.01906663 0.4052639 0.1374599 0.5236573 0.05374687 0.3215508 0.1374599 0.2868705 0.01906663 0.4052639 0.2558534 0.4052639 0.1374599 0.5236573 0.1374599 0.2868705 0.1374599 0.5236573 0.01906663 0.4052639 0.1374599 0.2868705 0.7643474 0.0139622 0.9641419 0.0139622 0.8707003 0.5689068 0.7643474 0.0139622 0.9641419 0.0139622 0.8707003 0.5689068 0.7643474 0.0139622 0.9641419 0.0139622 0.8707003 0.5689068 0.7643474 0.0139622 0.9641419 0.0139622 0.8707003 0.5689068 0.7643474 0.0139622 0.9641419 0.0139622 0.8707003 0.5689068 0.7643474 0.0139622 0.9641419 0.0139622 0.8707003 0.5689068 0.7643474 0.0139622 0.9641419 0.0139622 0.8707003 0.5689068 0.7643474 0.0139622 0.9641419 0.0139622 0.8707003 0.5689068</float_array>
          <technique_common>
            <accessor source="#Gun__EnAlienA01-mesh-map-0-array" count="216" stride="2">
              <param name="S" type="float"/>
              <param name="T" type="float"/>
            </accessor>
          </technique_common>
        </source>
        <vertices id="Gun__EnAlienA01-mesh-vertices">
          <input semantic="POSITION" source="#Gun__EnAlienA01-mesh-positions"/>
        </vertices>
        <triangles material="EnAlienA01-material" count="72">
          <input semantic="VERTEX" source="#Gun__EnAlienA01-mesh-vertices" offset="0"/>
          <input semantic="NORMAL" source="#Gun__EnAlienA01-mesh-normals" offset="1"/>
          <input semantic="TEXCOORD" source="#Gun__EnAlienA01-mesh-map-0" offset="2" set="0"/>
          <p>0 0 0 1 1 1 2 2 2 2 2 3 1 1 4 3 3 5 4 4 6 5 5 7 6 6 8 6 6 9 5 5 10 7 7 11 5 5 12 8 8 13 7 7 14 7 7 15 8 8 16 9 9 17 8 8 18 10 10 19 9 9 20 9 9 21 10 10 22 11 11 23 12 12 24 13 13 25 14 14 26 14 14 27 13 13 28 15 15 29 13 13 30 0 0 31 15 15 32 15 15 33 0 0 34 2 2 35 16 16 36 17 17 37 18 18 38 19 19 39 16 16 40 18 18 41 20 20 42 19 19 43 18 18 44 21 21 45 20 20 46 18 18 47 22 22 48 21 21 49 18 18 50 17 17 51 22 22 52 18 18 53 23 23 54 15 15 55 24 24 56 24 24 57 15 15 58 2 2 59 25 25 60 14 14 61 23 23 62 23 23 63 14 14 64 15 15 65 26 26 66 9 9 67 27 27 68 27 27 69 9 9 70 11 11 71 28 28 72 7 7 73 26 26 74 26 26 75 7 7 76 9 9 77 29 29 78 6 6 79 28 28 80 28 28 81 6 6 82 7 7 83 24 24 84 2 2 85 30 30 86 30 30 87 2 2 88 3 3 89 31 31 90 32 32 91 33 33 92 33 33 93 32 32 94 34 34 95 35 35 96 36 36 97 37 37 98 37 37 99 36 36 100 38 38 101 34 34 102 32 32 103 39 39 104 39 39 105 32 32 106 40 40 107 38 38 108 41 41 109 37 37 110 37 37 111 41 41 112 42 42 113 39 39 114 40 40 115 43 43 116 43 43 117 40 40 118 44 44 119 41 41 120 45 45 121 42 42 122 42 42 123 45 45 124 46 46 125 47 47 126 48 48 127 49 49 128 49 49 129 48 48 130 50 50 131 51 51 132 52 52 133 53 53 134 53 53 135 52 52 136 54 54 137 50 50 138 31 31 139 49 49 140 49 49 141 31 31 142 33 33 143 54 54 144 52 52 145 35 35 146 35 35 147 52 52 148 36 36 149 36 36 150 52 52 151 38 38 152 52 52 153 51 51 154 38 38 155 38 38 156 51 51 157 41 41 158 41 41 159 51 51 160 45 45 161 49 49 162 33 33 163 34 34 164 49 49 165 34 34 166 47 47 167 47 47 168 34 34 169 39 39 170 47 47 171 39 39 172 43 43 173 55 18 174 56 18 175 57 18 176 58 18 177 59 18 178 56 18 179 60 18 180 61 18 181 59 18 182 62 18 183 57 18 184 61 18 185 56 18 186 59 18 187 57 18 188 59 18 189 61 18 190 57 18 191 63 55 192 64 55 193 65 55 194 66 56 195 67 56 196 68 56 197 69 57 198 70 57 199 71 57 200 72 58 201 73 58 202 74 58 203 75 59 204 76 59 205 77 59 206 78 60 207 79 60 208 80 60 209 81 61 210 82 61 211 83 61 212 84 62 213 85 62 214 86 62 215</p>
        </triangles>
      </mesh>
    </geometry>
    <geometry id="Eye__EnFace01-mesh" name="Eye__EnFace01">
      <mesh>
        <source id="Eye__EnFace01-mesh-positions">
          <float_array id="Eye__EnFace01-mesh-positions-array" count="48">4.35e-5 14.59944 5.04319 2.639683 14.59941 4.632854 6.74023e-5 17.04875 4.379872 2.639707 17.04873 3.969537 1.6664e-5 11.85649 5.213928 2.639657 11.85646 4.803593 4.35e-5 14.59944 5.04319 2.639683 14.59941 4.632854 4.35e-5 14.59944 5.04319 6.74023e-5 17.04875 4.379872 -2.639597 14.59947 4.632854 -2.639573 17.04878 3.969537 1.6664e-5 11.85649 5.213928 4.35e-5 14.59944 5.04319 -2.639624 11.85652 4.803594 -2.639597 14.59947 4.632854</float_array>
          <technique_common>
            <accessor source="#Eye__EnFace01-mesh-positions-array" count="16" stride="3">
              <param name="X" type="float"/>
              <param name="Y" type="float"/>
              <param name="Z" type="float"/>
            </accessor>
          </technique_common>
        </source>
        <source id="Eye__EnFace01-mesh-normals">
          <float_array id="Eye__EnFace01-mesh-normals-array" count="24">0.1483886 0.2585071 0.9545444 0.1483867 0.2585053 0.9545452 0.1533175 0.06138992 0.9862682 0.1533172 0.06139028 0.9862682 -0.1483823 0.2585095 0.9545447 -0.148382 0.2585091 0.9545449 -0.1533154 0.0613929 0.9862685 -0.1533161 0.06139361 0.9862682</float_array>
          <technique_common>
            <accessor source="#Eye__EnFace01-mesh-normals-array" count="8" stride="3">
              <param name="X" type="float"/>
              <param name="Y" type="float"/>
              <param name="Z" type="float"/>
            </accessor>
          </technique_common>
        </source>
        <source id="Eye__EnFace01-mesh-map-0">
          <float_array id="Eye__EnFace01-mesh-map-0-array" count="48">0.5000141 0.5000141 0.9947867 0.5000141 0.5000141 0.998535 0.5000141 0.998535 0.9947867 0.5000141 0.9947867 0.998535 0.5000141 0.001462757 0.9947867 0.001462757 0.5000141 0.5000141 0.5000141 0.5000141 0.9947867 0.001462757 0.9947867 0.5000141 0.5000141 0.5000141 0.5000141 0.998535 0.005210995 0.5000141 0.005210995 0.5000141 0.5000141 0.998535 0.005210995 0.998535 0.5000141 0.001462757 0.5000141 0.5000141 0.005210995 0.001462757 0.005210995 0.001462757 0.5000141 0.5000141 0.005210995 0.5000141</float_array>
          <technique_common>
            <accessor source="#Eye__EnFace01-mesh-map-0-array" count="24" stride="2">
              <param name="S" type="float"/>
              <param name="T" type="float"/>
            </accessor>
          </technique_common>
        </source>
        <vertices id="Eye__EnFace01-mesh-vertices">
          <input semantic="POSITION" source="#Eye__EnFace01-mesh-positions"/>
        </vertices>
        <triangles material="EnFace01-material" count="8">
          <input semantic="VERTEX" source="#Eye__EnFace01-mesh-vertices" offset="0"/>
          <input semantic="NORMAL" source="#Eye__EnFace01-mesh-normals" offset="1"/>
          <input semantic="TEXCOORD" source="#Eye__EnFace01-mesh-map-0" offset="2" set="0"/>
          <p>0 0 0 1 0 1 2 0 2 2 1 3 1 1 4 3 1 5 4 2 6 5 2 7 6 2 8 6 3 9 5 3 10 7 3 11 8 4 12 9 4 13 10 4 14 10 5 15 9 5 16 11 5 17 12 6 18 13 6 19 14 6 20 14 7 21 13 7 22 15 7 23</p>
        </triangles>
      </mesh>
    </geometry>
    <geometry id="Eye__EnFace00-mesh" name="Eye__EnFace00">
      <mesh>
        <source id="Eye__EnFace00-mesh-positions">
          <float_array id="Eye__EnFace00-mesh-positions-array" count="36">4.242194 10.60787 5.236601 4.242227 13.97963 5.236613 0.03112012 10.60791 5.236601 0.03115314 13.97968 5.236613 -4.242186 10.60795 5.236601 -0.03111124 10.60791 5.236601 -4.242153 13.97972 5.236613 -0.03107821 13.97968 5.236613 -2.105501 14.10201 4.937562 2.105579 14.10196 4.937562 -2.105469 17.47377 4.937574 2.105612 17.47373 4.937573</float_array>
          <technique_common>
            <accessor source="#Eye__EnFace00-mesh-positions-array" count="12" stride="3">
              <param name="X" type="float"/>
              <param name="Y" type="float"/>
              <param name="Z" type="float"/>
            </accessor>
          </technique_common>
        </source>
        <source id="Eye__EnFace00-mesh-normals">
          <float_array id="Eye__EnFace00-mesh-normals-array" count="18">0 -3.53552e-6 1 0 -3.53551e-6 1 -2.68664e-7 -3.53551e-6 1 0 -3.53551e-6 1 0 -3.53552e-6 1 -2.68663e-7 -3.25267e-6 1</float_array>
          <technique_common>
            <accessor source="#Eye__EnFace00-mesh-normals-array" count="6" stride="3">
              <param name="X" type="float"/>
              <param name="Y" type="float"/>
              <param name="Z" type="float"/>
            </accessor>
          </technique_common>
        </source>
        <source id="Eye__EnFace00-mesh-map-0">
          <float_array id="Eye__EnFace00-mesh-map-0-array" count="36">1.00451 0.297242 1.00451 0.6888437 0.5000938 0.297242 0.5000938 0.297242 1.00451 0.6888437 0.5000938 0.6888437 -0.004506409 0.297242 0.4999098 0.297242 -0.004506409 0.6888437 -0.004506409 0.6888437 0.4999098 0.297242 0.4999098 0.6888437 -0.004506409 0.2983457 0.4999098 0.2983457 -0.004506409 0.6899779 -0.004506409 0.6899779 0.4999098 0.2983457 0.4999098 0.6899779</float_array>
          <technique_common>
            <accessor source="#Eye__EnFace00-mesh-map-0-array" count="18" stride="2">
              <param name="S" type="float"/>
              <param name="T" type="float"/>
            </accessor>
          </technique_common>
        </source>
        <vertices id="Eye__EnFace00-mesh-vertices">
          <input semantic="POSITION" source="#Eye__EnFace00-mesh-positions"/>
        </vertices>
        <triangles material="EnFace00-material" count="6">
          <input semantic="VERTEX" source="#Eye__EnFace00-mesh-vertices" offset="0"/>
          <input semantic="NORMAL" source="#Eye__EnFace00-mesh-normals" offset="1"/>
          <input semantic="TEXCOORD" source="#Eye__EnFace00-mesh-map-0" offset="2" set="0"/>
          <p>0 0 0 1 0 1 2 0 2 2 1 3 1 1 4 3 1 5 4 2 6 5 2 7 6 2 8 6 3 9 5 3 10 7 3 11 8 4 12 9 4 13 10 4 14 10 5 15 9 5 16 11 5 17</p>
        </triangles>
      </mesh>
    </geometry>
    <geometry id="Skl_Root__EnAlienA00-mesh" name="Skl_Root__EnAlienA00">
      <mesh>
        <source id="Skl_Root__EnAlienA00-mesh-positions">
          <float_array id="Skl_Root__EnAlienA00-mesh-positions-array" count="1668">2.15836 1.34509 2.1 1.86265 2.27057 1.3 2.53534 2.26926 2.1 1.57241 1.50473 1.3 1.63243 2.23462 3 1.81736 0.719214 1.2 1.33965 1.39952 2.9 2.18987 0.759433 2.1 1.66542 0.482608 2.7 1.92395 3.36568 1.3 0.622139 1.664 2.2 1.80203 3.36547 3 0.869864 2.96119 2.2 2.69817 0.52022 1.6 0.564812 0.68634 2.2 2.8305 0.512729 2.4 0.835362 0.214938 2.2 2.25722 -0.04750257 2.3 1.54906 -0.04750269 2.4 2.64375 3.36547 2.1 2.46924 4.28007 2.1 1.65138 4.27959 1.3 1.35323 2.70193 1.3 1.70116 4.28007 3 0.863141 4.75859 1.4 0.589312 4.52566 2.3 2.74489 0.706164 2.1 3.51125 0.746396 1.8 1.44817 -0.04750275 1.2 1.00773 1.00896 1.3 1.16588 0.185541 1.2 2.91791 0.08118957 2 2.25722 -0.04750269 1.6 2.1699 5.21449 2.1 1.48676 5.12749 1.3 0.337145 5.02299 2.2 0.807828 5.47656 2.9 3.42388 0.894775 2 4.14592 1.27775 2 3.57832 0.545846 2 3.51125 0.746396 2.3 1.81736 0.719214 1.2 1.45597 5.91697 1.3 0.551832 5.02311 1.3 1.51063 5.32689 2.8 3.51125 0.746396 1.8 2.69817 0.52022 1.6 1.79524 6.1156 2.1 1.33627 6.89362 1.4 0 5.19465 1.3 0 5.51008 2.9 0 5.13905 2.2 0.804788 6.87607 2.5 1.33255 5.9529 2.7 0.465874 5.0206 0.5 0.555433 4.60332 0.5 0.863141 4.75859 1.4 0 6.23455 2.9 0 5.44061 0.5 0.844982 3.04086 0.5 1.34134 5.00285 -0.1 1.52921 4.35774 -0.2 1.15784 5.5544 -0.1 1.35323 2.70193 1.3 1.90396 5.06537 0.6 1.78167 3.44452 -0.2 2.18511 4.30915 0.5 0.702828 1.6863 0.5 1.00773 1.00896 1.3 2.40486 3.44404 0.5 1.65138 4.27959 1.3 1.92395 3.36568 1.3 1.704 5.80555 0.7 1.3078 6.59072 0.6 0.751359 6.2847 -0.2 1.67593 2.34954 -0.3 0.583036 0.768805 0.5 1.16588 0.185541 1.2 2.34313 2.34954 0.5 1.48676 5.12749 1.3 1.33627 6.89362 1.4 1.43105 1.50126 -0.2 0.890659 0.214938 0.5 1.44817 -0.04750275 1.2 1.86265 2.27057 1.3 1.45597 5.91697 1.3 1.90902 1.45266 0.5 1.28156 0.58342 -0.1 1.3651 0.01811146 -0.1 2.25722 -0.04750269 0.8 1.81736 0.719214 1.2 1.57241 1.50473 1.3 2.06241 0.83418 0.5 2.71317 0.486339 0.8 2.25722 -0.04750269 0.1 2.90503 0.115229 0.4 1.81736 0.719214 1.2 3.51125 0.746396 0.6 2.7795 0.559554 0 2.71317 0.486339 0.8 3.57832 0.545845 0.4 4.14592 1.27775 0.4 2.72353 0.754416 0.4 3.51125 0.746396 0.6 3.51125 0.746396 0.2 3.42388 0.894775 0.4 0 7.52069 2.6 0 6.23455 2.9 0.804788 6.87607 2.5 -0.804788 6.87607 2.5 1.02297 7.59196 1.5 -1.02297 7.59196 1.5 0.807786 8.40801 1.5 -0.807786 8.40801 1.5 0 8.940711 2.2 1.33627 6.89362 1.4 -1.33627 6.89362 1.4 0.589952 9.50295 1.5 0 8.43079 0.6 0.599418 9.48529 1 0 8.43079 0.6 -0.589952 9.50295 1.5 -0.599418 9.48529 1 0.795852 7.06666 0.4 1.3078 6.59072 0.6 -0.795852 7.06666 0.4 -1.3078 6.59072 0.6 0 10.2948 1.9 0.550302 10.1221 1.7 0 9.45038 0.7 0 7.4838 0.15 0 9.45038 0.7 0 7.4838 0.15 0.751359 6.2847 -0.2 -0.751359 6.2847 -0.2 0 11.0522 2.1 0.510303 11.1896 1.8 0.587047 10.5866 1.2 -0.550302 10.1221 1.7 0.550302 10.0935 0.8 0 10.9171 0.5 0 6.87392 -0.4 -0.550302 10.0935 0.8 0 6.87392 -0.4 0.723647 11.2137 0.8 -0.510303 11.1896 1.8 0 10.9171 0.5 -0.587047 10.5866 1.2 0 11.4987 -0.3 -0.723647 11.2137 0.8 0 11.4987 -0.3 -2.15836 1.34509 2.1 -2.53534 2.26926 2.1 -1.86265 2.27057 1.3 -1.63243 2.23462 3 -1.57241 1.50473 1.3 -1.33965 1.39952 2.9 -1.81736 0.719214 1.2 -1.66542 0.482608 2.7 -2.18987 0.759433 2.1 -1.92395 3.36568 1.3 -1.80203 3.36547 3 -2.64375 3.36547 2.1 -0.564812 0.68634 2.2 -0.622139 1.664 2.2 -2.69817 0.52022 1.6 -2.46924 4.28007 2.1 -1.65138 4.27959 1.3 -0.835362 0.214938 2.2 -2.8305 0.512729 2.4 -1.54906 -0.04750269 2.4 -2.25722 -0.04750257 2.3 -0.869864 2.96119 2.2 -2.74489 0.706164 2.1 -3.51125 0.746396 1.8 -2.1699 5.21449 2.1 -1.48676 5.12749 1.3 -1.00773 1.00896 1.3 -2.25722 -0.04750269 1.6 -2.91791 0.08118957 2 -1.70116 4.28007 3 -1.35323 2.70193 1.3 -0.589312 4.52566 2.3 -0.863141 4.75859 1.4 -3.42388 0.894775 2 -4.14592 1.27775 2 -1.45597 5.91697 1.3 -1.44817 -0.04750275 1.2 -1.16588 0.185541 1.2 -3.57832 0.545846 2 -3.51125 0.746396 2.3 -0.337145 5.02299 2.2 -0.551832 5.02311 1.3 -1.51063 5.32689 2.8 -0.807828 5.47656 2.9 -1.79524 6.1156 2.1 -1.33627 6.89362 1.4 -1.81736 0.719214 1.2 -2.69817 0.52022 1.6 -3.51125 0.746396 1.8 0 5.19465 1.3 -0.465874 5.0206 0.5 -0.555433 4.60332 0.5 -0.863141 4.75859 1.4 -1.33255 5.9529 2.7 0 5.51008 2.9 0 6.23455 2.9 -0.804788 6.87607 2.5 0 5.44061 0.5 0 5.13905 2.2 -0.844982 3.04086 0.5 -1.35323 2.70193 1.3 -1.15784 5.5544 -0.1 -1.34134 5.00285 -0.1 -0.702828 1.6863 0.5 -1.00773 1.00896 1.3 -1.52921 4.35774 -0.2 -1.90396 5.06537 0.6 -1.704 5.80555 0.7 -1.3078 6.59072 0.6 -0.751359 6.2847 -0.2 -0.583036 0.768805 0.5 -1.16588 0.185541 1.2 -1.78167 3.44452 -0.2 -1.67593 2.34954 -0.3 -1.33627 6.89362 1.4 -1.48676 5.12749 1.3 -1.45597 5.91697 1.3 -0.890659 0.214938 0.5 -1.44817 -0.04750275 1.2 -2.18511 4.30915 0.5 -1.43105 1.50126 -0.2 -1.65138 4.27959 1.3 -1.3651 0.01811146 -0.1 -2.25722 -0.04750269 0.8 -1.81736 0.719214 1.2 -2.34313 2.34954 0.5 -2.40486 3.44404 0.5 -1.28156 0.58342 -0.1 -1.92395 3.36568 1.3 -2.71317 0.486339 0.8 -1.90902 1.45266 0.5 -2.25722 -0.04750269 0.1 -1.86265 2.27057 1.3 -2.90503 0.115229 0.4 -3.51125 0.746396 0.6 -2.06241 0.83418 0.5 -1.57241 1.50473 1.3 -3.57832 0.545845 0.4 -4.14592 1.27775 0.4 -2.7795 0.559554 0 -1.81736 0.719214 1.2 -3.51125 0.746396 0.2 -3.42388 0.894775 0.4 -3.51125 0.746396 0.6 -2.71317 0.486339 0.8 -2.72353 0.754416 0.4 5.13224 10.3282 1.2 3.55333 10.4236 1.2 3.55333 10.1106 1.7 3.55333 10.0863 0.8 5.13224 10.0556 1.7 5.13224 10.0373 0.8 5.68363 10.0507 1.6 5.68363 10.034 0.9 5.68363 10.2847 1.2 3.1093 10.1224 1.7 3.1093 10.0938 0.8 3.1093 10.448 1.2 5.13224 9.7074 1.5 3.55333 9.69521 1.5 6.23755 10.2107 1.2 1 10.1221 1.7 3.1093 9.68332 1.5 1 10.0935 0.8 5.77363 9.71167 1.5 5.13224 9.69612 1.1 5.77363 9.701331 1.1 6.23755 10.0246 0.9 1 9.57162 1.5 1 10.5406 1.2 0.550302 10.1221 1.7 6.23755 10.0397 1.6 3.55333 9.680191 1.1 6.26755 9.70876 1.1 5.68363 10.034 0.9 6.23755 10.0246 0.9 6.73919 10.0587 1 0.589952 9.50295 1.5 3.1093 9.66565 1.1 1 9.55395 1.1 0.550302 10.0935 0.8 6.26755 9.71814 1.5 6.73919 10.0683 1.5 5.13224 10.0373 0.8 6.73919 10.0587 1 0.587047 10.5866 1.2 0.599418 9.48529 1 3.1093 10.0938 0.8 1 10.0935 0.8 7.18515 9.870841 1.2 6.73919 9.756711 1.2 7.18515 9.870841 1.2 3.55333 10.0863 0.8 0.550302 10.0935 0.8 7.18515 9.870841 1.2 0 17.8884 1.4 1.83425 18.0483 -1.1 0 18.5287 -1.1 1.92359 17.4806 1.3 -1.83425 18.0483 -1.1 1.77279 16.5297 2.8 -1.92359 17.4806 1.3 0 16.7079 3.4 -1.77279 16.5297 2.8 1.67768 17.9554 -2.9 3.18225 16.5684 -1.2 2.77853 16.8215 -2.9 -3.18225 16.5684 -1.2 -1.67768 17.9554 -2.9 -2.77853 16.8215 -2.9 0 15.2658 4.4 3.36954 16.0583 1.2 2.55516 15.5377 3.3 1.57828 17.0307 -4.2 0 18.264 -2.9 -3.36954 16.0583 1.2 -1.57828 17.0307 -4.2 -3.07048 15.571 -3.1 -1.57061 15.8027 -4.6 3.783 14.6537 1.2 1.40289 13.8097 4.7 2.86612 14.1176 3.6 3.07048 15.571 -3.1 3.60155 15.1348 -1.3 0 17.0698 -4.8 1.57061 15.8027 -4.6 -2.55516 15.5377 3.3 -3.60155 15.1348 -1.3 -3.783 14.6537 1.2 0 17.0698 -4.8 -2.56683 14.0542 -3.1 0 15.9012 -5.1 0 14.3445 -4.9 2.68243 12.8087 3.6 -1.40289 13.8097 4.7 1.37287 12.4425 4.6 0 12.5872 4.6 3.22266 13.6841 -1.2 3.4288 13.2417 1.3 0 15.9012 -5.1 2.56683 14.0542 -3.1 -3.22266 13.6841 -1.2 -2.86612 14.1176 3.6 -3.4288 13.2417 1.3 -1.50754 13.2319 -2.9 0 12.9685 -3.6 0.538843 11.4051 3.7 -1.37287 12.4425 4.6 0 11.6864 3.6 -0.538843 11.4051 3.7 2.65567 11.8604 1.6 2.20111 11.787 3.3 0 14.3445 -4.9 2.55216 12.1172 -0.2 2.17637 12.4709 -1.9 -2.68243 12.8087 3.6 -2.55216 12.1172 -0.2 -2.65567 11.8604 1.6 -2.17637 12.4709 -1.9 0 12.0062 -1.9 1.28481 11.4533 4.1 1.06472 11.216 3.6 -1.28481 11.4533 4.1 -1.06472 11.216 3.6 1.50754 13.2319 -2.9 0 12.9685 -3.6 1.26185 11.6379 -0.2 1.59558 11.2578 2 -2.20111 11.787 3.3 -1.26185 11.6379 -0.2 -1.59558 11.2578 2 1.51385 11.2044 2.9 -1.51385 11.2044 2.9 0 12.0062 -1.9 0 11.4987 -0.3 0.824655 11.0105 2.5 0.723647 11.2137 0.8 0.510303 11.1896 1.8 -0.824655 11.0105 2.5 -0.723647 11.2137 0.8 -0.510303 11.1896 1.8 0 11.4987 -0.3 0 11.0522 2.1 0 10.639 3 0 11.0522 2.1 0 10.639 3 -1.45344 4.22147 -0.8 -1.29446 5.54136 -0.7 -0.71913 5.49259 -1.4 -1.15784 5.5544 -0.1 -0.745867 4.22147 -1.70698 -0.785654 4.22147 -0.3 -0.742724 2.68661 -1.6 -0.785473 2.66075 -0.3 -1.4742 2.68661 -0.9 -0.781423 6.2282 -0.8 -0.751359 6.2847 -0.2 -0.06409215 2.68661 -0.9 -0.04044556 4.22147 -0.8 0 5.44061 0.5 -1.4162 1.1704 -1 -0.740466 1.37652 -1.5 0 6.45502 -0.8 0 6.87392 -0.4 -0.785654 4.22147 -0.3 -0.126337 5.4572 -0.7 -0.786868 1.05128 -0.5 -0.122088 1.15847 -1 -1.3397 0.45621 -1.9 -0.347543 0.418467 -1.95 -0.821634 0.839452 -2.1 0 5.44061 0.5 -0.785473 2.66075 -0.3 0 5.4572 -0.7 -0.783598 0.07870006 -1.1 -0.994157 0.577647 -3.55 -0.783598 0.07870006 -1.1 -0.93082 -0.02387315 -2.4 -0.786868 1.05128 -0.5 -0.93082 -0.02387315 -2.4 -1.22971 1.02472 -3.2 -1.25837 0.1861529 -3.2 -1.66188 0.613406 -3.35 -1.25837 0.1861529 -3.2 -1.72994 1.57802 -4.09423 -1.66188 0.613406 -3.35 1.45344 4.22147 -0.8 0.742724 2.68661 -1.6 0.745867 4.22147 -1.70698 1.4742 2.68661 -0.9 0.71913 5.49259 -1.4 0.785473 2.66075 -0.3 1.29446 5.54136 -0.7 0.785654 4.22147 -0.3 1.15784 5.5544 -0.1 0.06409215 2.68661 -0.9 0.740466 1.37652 -1.5 0.781423 6.2282 -0.8 0.04044556 4.22147 -0.8 0 6.45502 -0.8 0.126337 5.4572 -0.7 1.4162 1.1704 -1 0.786868 1.05128 -0.5 0 5.44061 0.5 0.751359 6.2847 -0.2 0.785654 4.22147 -0.3 0 5.4572 -0.7 0 5.44061 0.5 0.783598 0.07870006 -1.1 0.122088 1.15847 -1 1.3397 0.45621 -1.9 0.347543 0.418467 -1.95 0.821634 0.839452 -2.1 0 6.87392 -0.4 0.785473 2.66075 -0.3 0.994157 0.577647 -3.55 1.22971 1.02472 -3.2 0.93082 -0.02387315 -2.4 0.786868 1.05128 -0.5 0.783598 0.07870006 -1.1 1.72994 1.57802 -4.09423 1.66188 0.613406 -3.35 1.25837 0.1861529 -3.2 0.93082 -0.02387315 -2.4 1.66188 0.613406 -3.35 1.25837 0.1861529 -3.2 -5.13224 10.3282 1.2 -5.13224 10.0556 1.7 -3.55333 10.1106 1.7 -5.68363 10.0507 1.6 -3.55333 10.4236 1.2 -5.68363 10.2847 1.2 -3.55333 10.0863 0.8 -5.68363 10.034 0.9 -5.13224 10.0373 0.8 -3.55333 9.69521 1.5 -5.13224 9.7074 1.5 -3.1093 10.0938 0.8 -3.1093 10.1224 1.7 -3.1093 10.448 1.2 -6.23755 10.2107 1.2 -5.13224 9.69612 1.1 -5.77363 9.71167 1.5 -5.77363 9.701331 1.1 -3.1093 9.68332 1.5 -1 10.0935 0.8 -6.23755 10.0246 0.9 -6.23755 10.0397 1.6 -5.68363 10.034 0.9 -3.55333 9.680191 1.1 -5.13224 10.0373 0.8 -1 10.1221 1.7 -1 10.5406 1.2 -0.550302 10.0935 0.8 -6.73919 10.0587 1 -6.26755 9.71814 1.5 -6.26755 9.70876 1.1 -6.23755 10.0246 0.9 -3.55333 10.0863 0.8 -1 9.57162 1.5 -3.1093 9.66565 1.1 -0.587047 10.5866 1.2 -6.73919 10.0683 1.5 -7.18515 9.870841 1.2 -6.73919 10.0587 1 -6.73919 9.756711 1.2 -3.1093 10.0938 0.8 -0.550302 10.1221 1.7 -7.18515 9.870841 1.2 -7.18515 9.870841 1.2 -1 10.0935 0.8 -0.589952 9.50295 1.5 -1 9.55395 1.1 -0.599418 9.48529 1 -0.550302 10.0935 0.8 -0.506304 10.7389 3.2 -0.826672 11.0201 3.6 -1.08265 10.8354 3.1 0 11.6864 3.6 -0.824655 11.0105 2.5 0 10.639 3 0 10.7389 3.2 -0.39829 10.6681 3.4 -0.489531 10.736 3.3 -0.538843 11.4051 3.7 0.826672 11.0201 3.6 0.538843 11.4051 3.7 0.506304 10.7389 3.2 -1.51385 11.2044 2.9 -1.06472 11.216 3.6 0.824655 11.0105 2.5 -0.445419 10.7856 3.5 0.39829 10.6681 3.4 0 11.4706 3.8 1.06472 11.216 3.6 1.08265 10.8354 3.1 1.51385 11.2044 2.9 0 11.6864 3.6 0 11.6864 3.6 -0.489531 10.736 3.3 0.489531 10.736 3.3 0.445419 10.7856 3.5 -0.506304 10.7389 3.2 0.489531 10.736 3.3 0.506304 10.7389 3.2</float_array>
          <technique_common>
            <accessor source="#Skl_Root__EnAlienA00-mesh-positions-array" count="556" stride="3">
              <param name="X" type="float"/>
              <param name="Y" type="float"/>
              <param name="Z" type="float"/>
            </accessor>
          </technique_common>
        </source>
        <source id="Skl_Root__EnAlienA00-mesh-normals">
          <float_array id="Skl_Root__EnAlienA00-mesh-normals-array" count="1662">0.987492 -0.1135599 0.1093788 0.756479 -0.1776521 -0.6294277 0.9736217 -0.2262994 0.02914577 0.8065308 -0.002349972 -0.5911874 0.05325639 -0.0721479 0.9959712 0.740332 0.5272173 -0.4170739 -0.09164774 -0.09906381 0.9908518 0.6469082 0.7258605 0.2337439 0.08618634 -0.182322 0.9794543 0.7345088 0.0649451 -0.6754844 -0.9769782 0.1417918 0.1594014 0.1136829 0.002990841 0.9935126 -0.9776596 -0.009644091 0.2099737 0.06445562 0.9576792 -0.2805286 -0.9396908 -0.2774819 0.1999627 0.2563905 0.1406622 0.9562835 -0.7294921 -0.615962 0.2973757 0.1996265 -0.8391274 0.505979 -0.1763077 -0.8270623 0.5337451 0.9990598 0.0423904 0.009094536 0.9695701 0.2435752 -0.02459859 0.7024929 0.1904403 -0.6857378 -0.8798034 0.0222789 -0.4748155 0.1768604 0.02249282 0.9839789 -0.8291968 -0.4731335 -0.2976197 -0.89393 -0.329635 0.3036939 -0.05795508 0.9916458 0.1152388 -0.2991815 0.7505021 -0.5892683 -0.1220462 -0.9055652 -0.4062713 -0.9000395 -0.03253334 -0.4345923 -0.8109619 -0.5278028 -0.2525177 0.539395 -0.8418701 -0.0175485 0.3023245 -0.7983248 -0.520843 0.954982 0.2965568 0.007965505 0.7528219 0.08749908 -0.6523826 -0.5690977 -0.7878007 0.2355802 -0.06506621 -0.1227163 0.9903066 -0.3732197 0.9187814 -0.1286385 0.7651733 0.6427309 -0.03750789 0.6479117 -0.7588471 -0.06604242 0.2549576 0.06753903 0.9645907 0.3975399 -0.2346907 -0.8870639 0.8476967 0.1702046 -0.5024349 -0.5470288 -0.8356198 0.04999065 0.4836066 0.2603284 0.8356757 0.4863572 -0.5150454 -0.7058222 0.4101807 -0.4140262 -0.8126095 0.8781319 0.4482675 0.1671542 0.8548198 0.5186784 0.01599216 -0.3843942 -0.9204403 -0.0709275 -0.05584961 -0.4696557 0.8810814 -0.3180734 -0.9240059 0.212232 0.4736917 0.5077514 0.7195866 0.4667929 0.3352851 0.8183449 -0.7126531 -0.4677062 -0.5228543 -0.9181923 -0.2199193 -0.3294823 -0.8262713 -0.4182018 0.3773369 0.1284855 0.1758206 0.9760014 -0.5815465 -0.6450268 -0.4957261 -0.9762339 -0.06048816 -0.2081074 0.1243667 0.1169505 -0.98532 0.09216916 0.1152725 -0.9890486 0.4031256 0.1312623 -0.9056821 -0.8617424 -0.01553428 0.5071084 0.9530864 0.2955486 -0.0654028 0.1864687 0.04110854 -0.9816005 0.9490656 0.3022043 -0.0891475 -0.9768073 0.1425871 -0.1597391 -0.8734682 -0.001922726 0.4868776 0.9918944 0.09470009 -0.08472043 0.8185863 0.2165948 0.5319803 0.8454973 0.08771145 0.5267268 0.9593192 0.2525488 -0.1261981 0.8340546 0.3763912 -0.4033395 0.7184537 0.3149586 -0.6201817 0.1165825 -0.06466972 -0.9910734 -0.975206 -0.1528394 -0.1600419 -0.7496705 -0.575376 0.3270118 0.970835 -0.2248628 -0.08316385 0.8746222 0.1331862 0.4661518 0.9540874 0.2968896 0.03967475 0.0361343 -0.05905395 -0.9976006 -0.7592697 -0.6340168 -0.1467388 -0.1116394 -0.9133804 0.3915011 0.8560764 -0.2255707 0.4650281 0.9263635 0.05893152 0.3719919 0.9907888 -0.0735805 -0.113682 -0.2665874 -0.02328634 -0.9635295 -0.2825157 -0.6120614 -0.7386243 0.2923386 -0.8124689 0.5044131 0.3912195 -0.2391752 0.8886746 0.9178582 -0.06973582 0.3907344 0.6255224 0.7679252 -0.1378859 0.425839 -0.4577319 0.7804759 0.1597377 -0.7940499 -0.5864884 0.5488066 -0.8356009 -0.02414113 0.7793104 0.5121749 0.3610433 0.4857479 -0.5293298 0.6955999 0.2320358 0.2465934 -0.940931 0.1093496 0.8661909 0.4876024 0.6477354 -0.7618459 -0.005462884 0.765714 0.6431814 0 -0.009674429 0.9991828 0.03924703 -0.2400664 0.7392741 0.6291597 0.2222077 0.07126152 -0.9723917 -0.3243556 0.9459353 0 0 0.411585 0.9113714 0 0.2271524 0.9738593 0.5414325 0.4290626 0.7230188 -0.5414325 0.4290626 0.7230188 0.8968634 0.438925 0.05459856 -0.8968634 0.438925 0.05459856 0.9846761 0.1634311 0.06085556 -0.9846761 0.1634311 0.06085556 0 0.2314898 0.9728373 0.8820892 0.4683438 -0.05072247 -0.8820892 0.4683438 -0.05072247 0.81974 0.1261044 0.5586805 0.7148702 0.1086771 -0.6907604 0.7356387 -0.05136406 -0.675424 -0.7148702 0.1086771 -0.6907604 -0.81974 0.1261044 0.5586805 -0.7356387 -0.05136406 -0.675424 0.6216462 0.5839855 -0.5220315 0.6997418 0.5738811 -0.4254667 -0.6216462 0.5839855 -0.5220315 -0.6997418 0.5738811 -0.4254667 0 -0.168525 0.9856974 0.5116208 -0.2034093 0.8347867 0.4197927 -0.04892235 -0.9063006 0.609376 0.5237087 -0.5953067 -0.4197927 -0.04892235 -0.9063006 -0.609376 0.5237087 -0.5953067 0.5939555 0.4681878 -0.6542301 -0.5939555 0.4681878 -0.6542301 0 -0.1326954 0.9911569 0.8355979 -0.04996067 0.547065 0.9793257 -0.02938979 -0.2001439 -0.5116208 -0.2034093 0.8347867 0.5284975 -0.01367247 -0.8488248 0.5815215 -0.438659 -0.6851358 0.5329048 0.5317145 -0.6582493 -0.5284975 -0.01367247 -0.8488248 -0.5329048 0.5317145 -0.6582493 0.752359 -0.511349 -0.4153051 -0.8355979 -0.04996067 0.547065 -0.5815215 -0.438659 -0.6851358 -0.9793257 -0.02938979 -0.2001439 0.4986599 -0.7010964 -0.509708 -0.7523494 -0.5113425 -0.4153304 -0.4986599 -0.7010964 -0.509708 -0.987492 -0.1135599 0.1093788 -0.9736217 -0.2262994 0.02914577 -0.756479 -0.1776521 -0.6294277 -0.05325639 -0.0721479 0.9959712 -0.8065308 -0.002349972 -0.5911874 0.09164774 -0.09906381 0.9908518 -0.740332 0.5272173 -0.4170739 -0.08618634 -0.182322 0.9794543 -0.6469082 0.7258605 0.2337439 -0.7345088 0.0649451 -0.6754844 -0.1136829 0.002990841 0.9935126 -0.9990598 0.0423904 0.009094536 0.9396908 -0.2774819 0.1999627 0.9769782 0.1417918 0.1594014 -0.06445562 0.9576792 -0.2805286 -0.9695701 0.2435752 -0.02459859 -0.7024929 0.1904403 -0.6857378 0.7294921 -0.615962 0.2973757 -0.2563905 0.1406622 0.9562835 0.1763077 -0.8270623 0.5337451 -0.1996265 -0.8391274 0.505979 0.9776596 -0.009644091 0.2099737 0.05795508 0.9916458 0.1152388 0.2991815 0.7505021 -0.5892683 -0.954982 0.2965568 0.007965505 -0.7528219 0.08749908 -0.6523826 0.9000395 -0.03253334 -0.4345923 -0.3023245 -0.7983248 -0.520843 -0.539395 -0.8418701 -0.0175485 -0.1768604 0.02249282 0.9839789 0.8798034 0.0222789 -0.4748155 0.89393 -0.329635 0.3036939 0.8291968 -0.4731335 -0.2976197 0.3732197 0.9187814 -0.1286385 -0.7651733 0.6427309 -0.03750789 -0.8476967 0.1702046 -0.5024349 0.1220462 -0.9055652 -0.4062713 0.8109619 -0.5278028 -0.2525177 -0.6479117 -0.7588471 -0.06604242 -0.2549576 0.06753903 0.9645907 0.5690977 -0.7878007 0.2355802 0.5470288 -0.8356198 0.04999065 -0.4836066 0.2603284 0.8356757 0.06506621 -0.1227163 0.9903066 -0.8781319 0.4482675 0.1671542 -0.8548198 0.5186784 0.01599216 -0.3975399 -0.2346907 -0.8870639 -0.4101807 -0.4140262 -0.8126095 -0.4863572 -0.5150454 -0.7058222 0.3843942 -0.9204403 -0.0709275 0.7126531 -0.4677062 -0.5228543 0.9181923 -0.2199193 -0.3294823 0.8262713 -0.4182018 0.3773369 -0.4667929 0.3352851 0.8183449 0.05584961 -0.4696557 0.8810814 -0.1284855 0.1758206 0.9760014 -0.4736917 0.5077514 0.7195866 0.5815465 -0.6450268 -0.4957261 0.3180734 -0.9240059 0.212232 0.9762339 -0.06048816 -0.2081074 0.8617424 -0.01553428 0.5071084 -0.4031256 0.1312623 -0.9056821 -0.1243667 0.1169505 -0.98532 0.9768073 0.1425871 -0.1597391 0.8734682 -0.001922726 0.4868776 -0.09216916 0.1152725 -0.9890486 -0.9530864 0.2955486 -0.0654028 -0.9593192 0.2525488 -0.1261981 -0.8340546 0.3763912 -0.4033395 -0.7184537 0.3149586 -0.6201817 0.975206 -0.1528394 -0.1600419 0.7496705 -0.575376 0.3270118 -0.1864687 0.04110854 -0.9816005 -0.1165825 -0.06466972 -0.9910734 -0.9540874 0.2968896 0.03967475 -0.8746222 0.1331862 0.4661518 -0.9263635 0.05893152 0.3719919 0.7592697 -0.6340168 -0.1467388 0.1116394 -0.9133804 0.3915011 -0.9490656 0.3022043 -0.0891475 -0.0361343 -0.05905395 -0.9976006 -0.8185863 0.2165948 0.5319803 0.2825157 -0.6120614 -0.7386243 -0.2923386 -0.8124689 0.5044131 -0.3912195 -0.2391752 0.8886746 -0.970835 -0.2248628 -0.08316385 -0.9918944 0.09470009 -0.08472043 0.2665874 -0.02328634 -0.9635295 -0.8454973 0.08771145 0.5267268 -0.425839 -0.4577319 0.7804759 -0.9907888 -0.0735805 -0.113682 -0.1597377 -0.7940499 -0.5864884 -0.8560764 -0.2255707 0.4650281 -0.5488066 -0.8356009 -0.02414113 -0.4857479 -0.5293298 0.6955999 -0.6255224 0.7679252 -0.1378859 -0.9178582 -0.06973582 0.3907344 -0.6477354 -0.7618459 -0.005462884 -0.765714 0.6431814 0 -0.2320358 0.2465934 -0.940931 -0.7793104 0.5121749 0.3610433 -0.2222077 0.07126152 -0.9723917 0.3243556 0.9459353 0 0.2400664 0.7392741 0.6291597 -0.1093496 0.8661909 0.4876024 0.009674429 0.9991828 0.03924703 0.07043731 0.9952169 -0.06769061 0.0502339 0.9961942 -0.07123082 0.01825028 0.284894 0.9583854 0.02765023 0.7686526 -0.6390687 0.09524989 0.2585573 0.9612886 0.06622779 0.8069724 -0.5868641 0.07098752 0.3746227 0.9244559 0.07745629 0.7902496 -0.6078702 0.1041926 0.9911427 -0.08234089 0.007110953 0.2868814 0.9579398 0.01275694 0.7530258 -0.6578675 0.03070181 0.9968637 -0.07293975 0.03402858 -0.8472054 0.5301747 0.01049864 -0.8373276 0.5466007 0.09167832 0.9927142 -0.07818901 0.01327598 0.261919 0.9649986 0.02526998 -0.8270738 0.5615251 0.01229923 0.6734995 -0.7390854 0.006073296 -0.7946584 0.6070265 0.02923721 -0.9095892 -0.4144789 0.00665313 -0.8782748 -0.4781101 0.02975589 0.8494012 -0.5269083 0.08011281 -0.7911484 0.6063548 0.05581873 0.9958266 -0.07220733 0.02987813 0.2586796 0.9655011 0.08035731 0.3967815 0.914389 0.008942067 -0.9008628 -0.4340121 0.09784412 -0.8675655 -0.4876031 0.02755844 -0.5494296 -0.8350855 0.09451627 -0.5219607 -0.8477169 0.284285 0.9494782 -0.132941 0.1317536 -0.7973884 0.5889083 0.03100723 -0.8938079 -0.447377 0.1586983 -0.8753433 -0.4567154 0.02700978 0.6512876 -0.7583502 0.1420993 -0.7782195 0.6117045 0.5175995 0.4019331 0.7553413 0.06344854 -0.6524308 -0.7551876 0.1866883 -0.5347644 -0.8241206 0.1104484 0.9915637 -0.06784379 0.201122 -0.8071128 -0.5550846 0.001617491 -0.5793479 -0.8150789 0.06491428 -0.4380725 -0.8965929 0.3948597 0.9185721 -0.01764017 0.3286656 -0.935151 -0.1321803 0.1747539 -0.6829013 0.7093005 -0.01416099 -0.594123 -0.8042497 0 -0.3123614 -0.9499633 0.1399 -0.5467212 -0.8255447 0 0.9237285 0.3830481 0.5039896 0.8618545 0.05658209 0 0.9976522 0.06848365 0.4672781 0.8168746 0.3381823 -0.5039896 0.8618545 0.05658209 0.4034922 0.7026093 0.5861181 -0.4672781 0.8168746 0.3381823 0 0.7173923 0.6966695 -0.4034922 0.7026093 0.5861181 0.4371307 0.8373633 -0.3282371 0.8685797 0.4935888 -0.04403936 0.8091838 0.4659964 -0.3578671 -0.8685797 0.4935888 -0.04403936 -0.4371307 0.8373633 -0.3282371 -0.8091838 0.4659964 -0.3578671 0 0.4629769 0.8863704 0.8442569 0.4850746 0.227888 0.6120696 0.483033 0.6261391 0.4864763 0.5226721 -0.7001107 0 0.9355506 -0.3531929 -0.8442569 0.4850746 0.227888 -0.4864763 0.5226721 -0.7001107 -0.8684304 0.01532071 -0.4955745 -0.5326181 -0.007416069 -0.8463232 0.9898164 0.0200203 0.1409358 0.3183141 0.1256471 0.9396218 0.797936 0.07568866 0.5979713 0.8684304 0.01532071 -0.4955745 0.9827476 0.004974603 -0.1848851 0.2960061 0.5408619 -0.7873048 0.5326181 -0.007416069 -0.8463232 -0.6120696 0.483033 0.6261391 -0.9827476 0.004974603 -0.1848851 -0.9898164 0.0200203 0.1409358 -0.2960061 0.5408619 -0.7873048 -0.6743798 -0.442557 -0.5910628 -0.306325 0.06314498 -0.9498304 -0.4156376 -0.4139895 -0.8098508 0.8039913 -0.2877022 0.5204091 -0.3183141 0.1256471 0.9396218 0.2917615 -0.325607 0.8993639 0 -0.3664076 0.9304545 0.8908869 -0.3761495 -0.2546219 0.9355382 -0.3481029 0.05993986 0.306325 0.06314498 -0.9498304 0.6743798 -0.442557 -0.5910628 -0.8908869 -0.3761495 -0.2546219 -0.797936 0.07568866 0.5979713 -0.9355382 -0.3481029 0.05993986 -0.3313793 -0.6897683 -0.6437451 -0.3943694 -0.7114336 -0.5816659 -0.2979016 -0.6565983 0.6929166 -0.2917615 -0.325607 0.8993639 0 -0.7429982 0.6692935 0.2979016 -0.6565983 0.6929166 0.7038969 -0.7102755 -0.006164848 0.6987757 -0.6308086 0.3373326 0.4156376 -0.4139895 -0.8098508 0.6353055 -0.7439823 -0.2070686 0.4912921 -0.7338557 -0.4691354 -0.8039913 -0.2877022 0.5204091 -0.6353055 -0.7439823 -0.2070686 -0.7038969 -0.7102755 -0.006164848 -0.4912921 -0.7338557 -0.4691354 -0.2198927 -0.8706287 -0.4400601 0.1677917 -0.6794377 0.7142901 0.1272946 -0.9166063 0.3789843 -0.1677917 -0.6794377 0.7142901 -0.1272946 -0.9166063 0.3789843 0.3313793 -0.6897683 -0.6437451 0.3943694 -0.7114336 -0.5816659 0.2547757 -0.9284602 -0.2702795 0.3686074 -0.9258522 -0.08322507 -0.6987757 -0.6308086 0.3373326 -0.2547757 -0.9284602 -0.2702795 -0.3686074 -0.9258522 -0.08322507 0.5113576 -0.8545516 0.09085714 -0.5113576 -0.8545516 0.09085714 0.2198927 -0.8706287 -0.4400601 -0.1284864 -0.9419491 -0.3101986 0.1659951 -0.9515348 -0.2588963 0.2237078 -0.953795 -0.2005741 0.08685737 -0.9794803 -0.1818633 -0.1659951 -0.9515348 -0.2588963 -0.2237078 -0.953795 -0.2005741 -0.08685737 -0.9794803 -0.1818633 0.1284864 -0.9419491 -0.3101986 0.1244558 -0.9272232 -0.353225 0.1545498 -0.8978784 -0.4122244 -0.1244558 -0.9272232 -0.353225 -0.1545498 -0.8978784 -0.4122244 -0.998094 -0.01443547 0.06000036 -0.9230064 0.3215247 -0.2113792 -0.04574775 0.2861145 -0.9571027 -0.8421689 0.1010786 0.5296554 -0.01388621 0.09433472 -0.9954437 -0.5664629 -0.1619337 0.8080207 0.003296017 -0.04907423 -0.9987897 -0.644081 -0.05404978 0.7630456 -0.9994831 -0.03009128 0.01132237 -0.5221552 0.7506229 -0.4048694 -0.6629393 0.7402752 -0.1118226 0.9967799 -0.05008161 0.06262487 0.9885053 0.02203458 0.1495728 -0.4644374 -0.2568475 0.8475419 -0.988339 -0.06525039 0.1375812 0.04761022 0.3970572 -0.9165582 -0.1913857 0.6332424 -0.7499172 -0.5917665 0.5566999 -0.5830075 0.7191812 -0.1596146 0.6762409 0.7095358 -0.431752 -0.5569104 -0.6307629 -0.2522685 0.7338249 0.9844501 -0.1072741 0.1391054 -0.99059 -0.1100519 0.08136397 0.9489122 -0.1959046 -0.2473605 0.1364831 0.9328888 -0.3333032 0.8199571 -0.5646342 -0.09412091 0.6350432 -0.04071259 0.771403 0 -0.7368792 -0.6760245 -0.7390415 -0.5534876 0.3840171 0.6145322 -0.1941623 -0.764625 0.737077 -0.6055989 0.2999459 0.6800652 -0.6830256 -0.2664349 0.6070844 -0.2560241 0.7522634 -0.6951755 -0.709886 0.1131056 0.1626985 0.9673707 0.1942249 -0.7295604 -0.6772811 0.09503662 -0.8822805 0.226941 0.4124064 0.268292 -0.736361 -0.6211215 -0.3576523 0.6984582 -0.6198717 -0.2626491 -0.5763876 -0.773817 0.998094 -0.01443547 0.06000036 -0.003296017 -0.04907423 -0.9987897 0.01388621 0.09433472 -0.9954437 0.9994831 -0.03009128 0.01132237 0.04574775 0.2861145 -0.9571027 0.644081 -0.05404978 0.7630456 0.9230064 0.3215247 -0.2113792 0.5664629 -0.1619337 0.8080207 0.8421689 0.1010786 0.5296554 -0.9967799 -0.05008161 0.06262487 -0.04761022 0.3970572 -0.9165582 0.5221552 0.7506229 -0.4048694 -0.9885053 0.02203458 0.1495728 0.1913857 0.6332424 -0.7499172 -0.7095358 -0.431752 -0.5569104 0.988339 -0.06525039 0.1375812 0.6307629 -0.2522685 0.7338249 0.4644374 -0.2568475 0.8475419 0.6629393 0.7402752 -0.1118226 -0.7191812 -0.1596146 0.6762409 -0.8199571 -0.5646342 -0.09412091 0.7390415 -0.5534876 0.3840171 -0.9844501 -0.1072741 0.1391054 0.99059 -0.1100519 0.08136397 -0.9489122 -0.1959046 -0.2473605 -0.1364831 0.9328888 -0.3333032 0.5917665 0.5566999 -0.5830075 -0.6350432 -0.04071259 0.771403 -0.6145322 -0.1941623 -0.764625 -0.1626985 0.9673707 0.1942249 0.6951755 -0.709886 0.1131056 -0.6070844 -0.2560241 0.7522634 -0.737077 -0.6055989 0.2999459 0.3576523 0.6984582 -0.6198717 0.8822805 0.226941 0.4124064 0.7295604 -0.6772811 0.09503662 -0.6800652 -0.6830256 -0.2664349 0.2626491 -0.5763876 -0.773817 -0.268292 -0.736361 -0.6211215 -0.07043731 0.9952169 -0.06769061 -0.09524989 0.2585573 0.9612886 -0.01825028 0.284894 0.9583854 -0.07098752 0.3746227 0.9244559 -0.0502339 0.9961942 -0.07123082 -0.1041926 0.9911427 -0.08234089 -0.02765023 0.7686526 -0.6390687 -0.07745629 0.7902496 -0.6078702 -0.06622779 0.8069724 -0.5868641 -0.01049864 -0.8373276 0.5466007 -0.03402858 -0.8472054 0.5301747 -0.01275694 0.7530258 -0.6578675 -0.007110953 0.2868814 0.9579398 -0.03070181 0.9968637 -0.07293975 -0.09167832 0.9927142 -0.07818901 -0.02923721 -0.9095892 -0.4144789 -0.006073296 -0.7946584 0.6070265 -0.00665313 -0.8782748 -0.4781101 -0.02526998 -0.8270738 0.5615251 -0.01229923 0.6734995 -0.7390854 -0.02975589 0.8494012 -0.5269083 -0.08035731 0.3967815 0.914389 -0.02755844 -0.5494296 -0.8350855 -0.008942067 -0.9008628 -0.4340121 -0.06344854 -0.6524308 -0.7551876 -0.01327598 0.261919 0.9649986 -0.05581873 0.9958266 -0.07220733 -0.02700978 0.6512876 -0.7583502 -0.284285 0.9494782 -0.132941 -0.1420993 -0.7782195 0.6117045 -0.09784412 -0.8675655 -0.4876031 -0.09451627 -0.5219607 -0.8477169 0.01416099 -0.594123 -0.8042497 -0.08011281 -0.7911484 0.6063548 -0.03100723 -0.8938079 -0.447377 -0.1104484 0.9915637 -0.06784379 -0.5175995 0.4019331 0.7553413 -0.3948597 0.9185721 -0.01764017 -0.1866883 -0.5347644 -0.8241206 -0.3286656 -0.935151 -0.1321803 -0.001617491 -0.5793479 -0.8150789 -0.02987813 0.2586796 0.9655011 -0.1399 -0.5467212 -0.8255447 -0.1747539 -0.6829013 0.7093005 -0.06491428 -0.4380725 -0.8965929 -0.1317536 -0.7973884 0.5889083 -0.1586983 -0.8753433 -0.4567154 -0.201122 -0.8071128 -0.5550846 -0.09836149 -0.9919774 0.07940942 -0.09003162 -0.6037613 0.7920649 -0.4605382 -0.8849108 0.06955373 0 -0.579921 0.8146728 -0.2882584 -0.8937386 -0.3437127 0 -0.9871254 0.1599482 0 -0.9981093 0.06146436 -0.2514197 -0.9093593 0.3314419 -0.6893655 -0.7092639 0.1473767 0.3168184 -0.4532691 0.8331705 0.09003162 -0.6037613 0.7920649 -0.3168184 -0.4532691 0.8331705 0.09836149 -0.9919774 0.07940942 -0.6472429 -0.7622073 -0.01080363 -0.4797908 -0.503138 0.7187859 0.2882584 -0.8937386 -0.3437127 -0.6221976 -0.2334728 0.7472354 0.2514197 -0.9093593 0.3314419 0 0.3448411 0.9386611 0.4797908 -0.503138 0.7187859 0.4605382 -0.8849108 0.06955373 0.6472429 -0.7622073 -0.01080363 0 0.6797555 0.7334389 0 0.9662 0.2577937 -0.8975663 0.4188134 0.1377326 0.6893655 -0.7092639 0.1473767 0.6221976 -0.2334728 0.7472354 -0.8971388 0.4108173 0.162392 0.8975663 0.4188134 0.1377326 0.8971388 0.4108173 0.162392</float_array>
          <technique_common>
            <accessor source="#Skl_Root__EnAlienA00-mesh-normals-array" count="554" stride="3">
              <param name="X" type="float"/>
              <param name="Y" type="float"/>
              <param name="Z" type="float"/>
            </accessor>
          </technique_common>
        </source>
        <source id="Skl_Root__EnAlienA00-mesh-map-0">
          <float_array id="Skl_Root__EnAlienA00-mesh-map-0-array" count="4920">0.2553462 0.2963303 0.2977435 0.3020434 0.2661109 0.3131689 0.2553462 0.2963303 0.2917899 0.2963303 0.2977435 0.3020434 0.2553462 0.2963303 0.2661109 0.3131689 0.2278631 0.3198142 0.2553462 0.2963303 0.2833705 0.2531211 0.2917899 0.2963303 0.2553462 0.2963303 0.2278631 0.3198142 0.2187221 0.2963303 0.2553462 0.2963303 0.2488211 0.2559476 0.2833705 0.2531211 0.2553462 0.2963303 0.2187221 0.2963303 0.2190529 0.2630138 0.2553462 0.2963303 0.2190529 0.2630138 0.2488211 0.2559476 0.2977435 0.3020434 0.3082076 0.3395395 0.2661109 0.3131689 0.2278631 0.3198142 0.1888335 0.3057119 0.2187221 0.2963303 0.2278631 0.3198142 0.2661109 0.3131689 0.2363426 0.3546342 0.2278631 0.3198142 0.1925019 0.3483798 0.1888335 0.3057119 0.2278631 0.3198142 0.2363426 0.3546342 0.1925019 0.3483798 0.2833705 0.2531211 0.2488211 0.2559476 0.2660207 0.2353202 0.2190529 0.2630138 0.2187221 0.2963303 0.186879 0.2811154 0.2190529 0.2630138 0.2367334 0.2270513 0.2488211 0.2559476 0.2190529 0.2630138 0.186879 0.2811154 0.1883524 0.2672235 0.2190529 0.2630138 0.2095209 0.233937 0.2367334 0.2270513 0.2190529 0.2630138 0.1883524 0.2672235 0.2013422 0.2522792 0.2190529 0.2630138 0.2013422 0.2522792 0.2095209 0.233937 0.2187221 0.2963303 0.1888335 0.3057119 0.186879 0.2811154 0.3082076 0.3395395 0.2747107 0.3457036 0.2661109 0.3131689 0.3082076 0.3395395 0.2797623 0.373728 0.2747107 0.3457036 0.3082076 0.3395395 0.3167472 0.3737581 0.2797623 0.373728 0.2747107 0.3457036 0.2363426 0.3546342 0.2661109 0.3131689 0.2747107 0.3457036 0.2797623 0.373728 0.2363426 0.3546342 0.1925019 0.3483798 0.1591253 0.3396297 0.1888335 0.3057119 0.1925019 0.3483798 0.2363426 0.3546342 0.2403418 0.3848234 0.1925019 0.3483798 0.1591253 0.4105926 0.1591253 0.3396297 0.1925019 0.3483798 0.2403418 0.3848234 0.1930732 0.4073752 0.1925019 0.3483798 0.1930732 0.4073752 0.1591253 0.4105926 0.2363426 0.3546342 0.2797623 0.373728 0.2403418 0.3848234 0.2660207 0.2353202 0.2488211 0.2559476 0.2493625 0.232614 0.2660207 0.2353202 0.2493625 0.232614 0.2667724 0.2080476 0.2488211 0.2559476 0.2367334 0.2270513 0.2493625 0.232614 0.1883524 0.2672235 0.1591253 0.2392592 0.2013422 0.2522792 0.1883524 0.2672235 0.186879 0.2811154 0.1591253 0.2855054 0.1883524 0.2672235 0.1591253 0.2548651 0.1591253 0.2392592 0.1883524 0.2672235 0.1591253 0.2855054 0.1591253 0.2548651 0.1591253 0.2855054 0.186879 0.2811154 0.1888335 0.3057119 0.1591253 0.2855054 0.1888335 0.3057119 0.1591253 0.3396297 0.2095209 0.233937 0.2165572 0.2124076 0.2367334 0.2270513 0.2095209 0.233937 0.2013422 0.2522792 0.1902467 0.2204661 0.2095209 0.233937 0.1902467 0.2204661 0.2165572 0.2124076 0.2013422 0.2522792 0.1591253 0.2392592 0.1902467 0.2204661 0.3167472 0.3737581 0.2834006 0.4054207 0.2797623 0.373728 0.3167472 0.3737581 0.3184611 0.4056011 0.2834006 0.4054207 0.2797623 0.373728 0.2834006 0.4054207 0.2403418 0.3848234 0.1930732 0.4073752 0.1909985 0.4282732 0.1591253 0.4105926 0.1930732 0.4073752 0.2403418 0.3848234 0.2297875 0.4371135 0.1930732 0.4073752 0.2297875 0.4371135 0.1909985 0.4282732 0.2667724 0.2080476 0.2493625 0.232614 0.2570601 0.2066945 0.2667724 0.2080476 0.2570601 0.2066945 0.2651788 0.1781589 0.2367334 0.2270513 0.2165572 0.2124076 0.2389585 0.1965312 0.2367334 0.2270513 0.2479793 0.202966 0.2493625 0.232614 0.2367334 0.2270513 0.2389585 0.1965312 0.2479793 0.202966 0.2479793 0.202966 0.2651788 0.1781589 0.2570601 0.2066945 0.2479793 0.202966 0.2570601 0.2066945 0.2493625 0.232614 0.2479793 0.202966 0.2389585 0.1965312 0.2651788 0.1781589 0.1591253 0.2392592 0.1591253 0.2020639 0.1902467 0.2204661 0.3184611 0.4056011 0.3159052 0.4345576 0.2834006 0.4054207 0.1591253 0.4105926 0.1909985 0.4282732 0.1591253 0.4240636 0.2403418 0.3848234 0.2506855 0.4200944 0.2297875 0.4371135 0.2403418 0.3848234 0.2834006 0.4054207 0.2506855 0.4200944 0.2165572 0.2124076 0.234358 0.186428 0.2389585 0.1965312 0.2165572 0.2124076 0.1902467 0.2204661 0.2002597 0.1969522 0.2165572 0.2124076 0.2002597 0.1969522 0.234358 0.186428 0.234358 0.186428 0.2651788 0.1781589 0.2389585 0.1965312 0.2002597 0.1969522 0.1902467 0.2204661 0.1591253 0.2020639 0.3159052 0.4345576 0.284453 0.4381058 0.2834006 0.4054207 0.3159052 0.4345576 0.3091397 0.4703999 0.284453 0.4381058 0.2834006 0.4054207 0.284453 0.4381058 0.2506855 0.4200944 0.1909985 0.4282732 0.1591253 0.4437287 0.1591253 0.4240636 0.1909985 0.4282732 0.2297875 0.4371135 0.209942 0.4580115 0.1909985 0.4282732 0.1892545 0.4411126 0.1591253 0.4437287 0.1909985 0.4282732 0.209942 0.4580115 0.1892545 0.4411126 0.3091397 0.4703999 0.2662312 0.4797814 0.284453 0.4381058 0.2506855 0.4200944 0.2578119 0.4415336 0.2297875 0.4371135 0.2506855 0.4200944 0.284453 0.4381058 0.2578119 0.4415336 0.284453 0.4381058 0.2662312 0.4797814 0.2578119 0.4415336 0.1591253 0.4240636 0.1591253 0.4437287 0.1273123 0.4271606 0.1591253 0.4240636 0.1273123 0.4271606 0.1252977 0.4114045 0.1591253 0.4240636 0.1252977 0.4114045 0.1591253 0.4105926 0.209942 0.4580115 0.2297875 0.4371135 0.2253674 0.4780675 0.2253674 0.4780675 0.2578119 0.4415336 0.2662312 0.4797814 0.2253674 0.4780675 0.2297875 0.4371135 0.2578119 0.4415336 0.1591253 0.4437287 0.1338673 0.4495621 0.1273123 0.4271606 0.1252977 0.4114045 0.1266808 0.3520783 0.1591253 0.4105926 0.1252977 0.4114045 0.1273123 0.4271606 0.08879381 0.4174483 0.1252977 0.4114045 0.08759105 0.3941749 0.1266808 0.3520783 0.1252977 0.4114045 0.08879381 0.4174483 0.08759105 0.3941749 0.1338673 0.4495621 0.08945536 0.4377149 0.1273123 0.4271606 0.1273123 0.4271606 0.08945536 0.4377149 0.08879381 0.4174483 0.1591253 0.4105926 0.1266808 0.3520783 0.1591253 0.3396297 0.08759105 0.3941749 0.08879381 0.4174483 0.05442494 0.4172078 0.08759105 0.3941749 0.08557641 0.36155 0.1266808 0.3520783 0.08759105 0.3941749 0.05442494 0.4172078 0.05373334 0.3885219 0.08759105 0.3941749 0.05373334 0.3885219 0.08557641 0.36155 0.08879381 0.4174483 0.08945536 0.4377149 0.05442494 0.4172078 0.1591253 0.3396297 0.1266808 0.3520783 0.13068 0.3059825 0.1591253 0.3396297 0.13068 0.3059825 0.1591253 0.2855054 0.05373334 0.3885219 0.05457526 0.3586935 0.08557641 0.36155 0.05373334 0.3885219 0.05442494 0.4172078 0.02026653 0.3929721 0.05373334 0.3885219 0.02228111 0.3555964 0.05457526 0.3586935 0.05373334 0.3885219 0.02026653 0.3929721 0.02228111 0.3555964 0.08945536 0.4377149 0.05499625 0.4446007 0.05442494 0.4172078 0.08945536 0.4377149 0.06467849 0.4749704 0.05499625 0.4446007 0.08945536 0.4377149 0.09793478 0.466942 0.06467849 0.4749704 0.1266808 0.3520783 0.09014695 0.3249861 0.13068 0.3059825 0.1266808 0.3520783 0.08557641 0.36155 0.09014695 0.3249861 0.1591253 0.2855054 0.13068 0.3059825 0.1349799 0.2804538 0.1591253 0.2855054 0.1349799 0.2804538 0.1591253 0.2548651 0.05457526 0.3586935 0.02228111 0.3555964 0.05869472 0.3230315 0.05457526 0.3586935 0.05869472 0.3230315 0.08557641 0.36155 0.08557641 0.36155 0.05869472 0.3230315 0.09014695 0.3249861 0.02026653 0.3929721 0.05442494 0.4172078 0.02432584 0.4258677 0.05442494 0.4172078 0.05499625 0.4446007 0.02432584 0.4258677 0.06467849 0.4749704 0.03596252 0.4898245 0.05499625 0.4446007 0.13068 0.3059825 0.09607052 0.2963002 0.1349799 0.2804538 0.13068 0.3059825 0.09014695 0.3249861 0.09607052 0.2963002 0.1591253 0.2548651 0.1349799 0.2804538 0.1362127 0.2628334 0.1591253 0.2548651 0.1362127 0.2628334 0.1591253 0.2392592 0.02228111 0.3555964 0.02877604 0.3134095 0.05869472 0.3230315 0.02432584 0.4258677 0.05499625 0.4446007 0.03109133 0.4543431 0.03109133 0.4543431 0.05499625 0.4446007 0.03596252 0.4898245 0.09014695 0.3249861 0.06681334 0.2963303 0.09607052 0.2963002 0.09014695 0.3249861 0.05869472 0.3230315 0.06681334 0.2963303 0.05869472 0.3230315 0.02877604 0.3134095 0.06681334 0.2963303 0.1349799 0.2804538 0.1065947 0.2689976 0.1362127 0.2628334 0.1349799 0.2804538 0.09607052 0.2963002 0.1065947 0.2689976 0.1591253 0.2392592 0.1362127 0.2628334 0.1179909 0.2545344 0.1591253 0.2392592 0.1179909 0.2545344 0.1309506 0.2197745 0.1591253 0.2392592 0.1309506 0.2197745 0.1591253 0.2020639 0.1362127 0.2628334 0.1065947 0.2689976 0.1179909 0.2545344 0.02877604 0.3134095 0.03361713 0.2963002 0.06681334 0.2963303 0.09607052 0.2963002 0.07063215 0.2595559 0.1065947 0.2689976 0.09607052 0.2963002 0.06681334 0.2963303 0.07063215 0.2595559 0.1309506 0.2197745 0.1183216 0.1972829 0.1591253 0.2020639 0.1309506 0.2197745 0.1179909 0.2545344 0.1091506 0.2318022 0.1309506 0.2197745 0.1013627 0.2115657 0.1183216 0.1972829 0.1309506 0.2197745 0.1091506 0.2318022 0.1013627 0.2115657 0.1179909 0.2545344 0.1065947 0.2689976 0.1091506 0.2318022 0.03361713 0.2963002 0.04239732 0.2600369 0.06681334 0.2963303 0.06681334 0.2963303 0.04239732 0.2600369 0.07063215 0.2595559 0.1183216 0.1972829 0.1013627 0.2115657 0.08542609 0.185105 0.1065947 0.2689976 0.08232897 0.2256079 0.1091506 0.2318022 0.1065947 0.2689976 0.07063215 0.2595559 0.08232897 0.2256079 0.1091506 0.2318022 0.08232897 0.2256079 0.1013627 0.2115657 0.04239732 0.2600369 0.05298161 0.2345986 0.07063215 0.2595559 0.08542609 0.185105 0.1013627 0.2115657 0.08028429 0.1949676 0.08542609 0.185105 0.08028429 0.1949676 0.0558983 0.1754227 0.1013627 0.2115657 0.08232897 0.2256079 0.08028429 0.1949676 0.05298161 0.2345986 0.06985032 0.2311406 0.07063215 0.2595559 0.05298161 0.2345986 0.05418437 0.2055218 0.06985032 0.2311406 0.07063215 0.2595559 0.06985032 0.2311406 0.08232897 0.2256079 0.0558983 0.1754227 0.08028429 0.1949676 0.07177472 0.2005304 0.0558983 0.1754227 0.0635659 0.204289 0.05418437 0.2055218 0.0558983 0.1754227 0.07177472 0.2005304 0.0635659 0.204289 0.07177472 0.2005304 0.08232897 0.2256079 0.06985032 0.2311406 0.07177472 0.2005304 0.08028429 0.1949676 0.08232897 0.2256079 0.07177472 0.2005304 0.06985032 0.2311406 0.0635659 0.204289 0.0635659 0.204289 0.06985032 0.2311406 0.05418437 0.2055218 0.8483375 0.8143294 0.8483375 0.7566571 0.8760912 0.7857338 0.8483375 0.8143294 0.8206139 0.7857338 0.8483375 0.7566571 0.8483375 0.8143294 0.8760912 0.7857338 0.9014094 0.8188097 0.8483375 0.8143294 0.7952958 0.8188097 0.8206139 0.7857338 0.8483375 0.8143294 0.9014094 0.8188097 0.8913363 0.8437971 0.8483375 0.8143294 0.8053389 0.8437971 0.7952958 0.8188097 0.8483375 0.8143294 0.8913363 0.8437971 0.8483375 0.8610567 0.8483375 0.8143294 0.8483375 0.8610567 0.8053389 0.8437971 0.8760912 0.7857338 0.9119636 0.7931609 0.9014094 0.8188097 0.8206139 0.7857338 0.7952958 0.8188097 0.7847415 0.7931609 0.8913363 0.8437971 0.8779556 0.8799101 0.8483375 0.8610567 0.8913363 0.8437971 0.9014094 0.8188097 0.9329518 0.8527877 0.8913363 0.8437971 0.8994549 0.8820149 0.8779556 0.8799101 0.8913363 0.8437971 0.9329518 0.8527877 0.8994549 0.8820149 0.8053389 0.8437971 0.7637534 0.8527877 0.7952958 0.8188097 0.8053389 0.8437971 0.8483375 0.8610567 0.8187496 0.8799101 0.8053389 0.8437971 0.7972503 0.8820149 0.7637534 0.8527877 0.8053389 0.8437971 0.8187496 0.8799101 0.7972503 0.8820149 0.9119636 0.7931609 0.9477157 0.8061507 0.9014094 0.8188097 0.9119636 0.7931609 0.9430851 0.7816445 0.9477157 0.8061507 0.7847415 0.7931609 0.7952958 0.8188097 0.7489895 0.8061507 0.7847415 0.7931609 0.7489895 0.8061507 0.7536201 0.7816445 0.8779556 0.8799101 0.8483375 0.9004171 0.8483375 0.8610567 0.8779556 0.8799101 0.8710397 0.9004171 0.8483375 0.9004171 0.8483375 0.8610567 0.8483375 0.9004171 0.8187496 0.8799101 0.9329518 0.8527877 0.9237807 0.883819 0.8994549 0.8820149 0.9329518 0.8527877 0.9014094 0.8188097 0.9588112 0.8320702 0.9014094 0.8188097 0.9477157 0.8061507 0.9588112 0.8320702 0.7637534 0.8527877 0.7972503 0.8820149 0.7729244 0.883819 0.7637534 0.8527877 0.737894 0.8320702 0.7952958 0.8188097 0.7952958 0.8188097 0.737894 0.8320702 0.7489895 0.8061507 0.9430851 0.7816445 0.9765218 0.7887408 0.9477157 0.8061507 0.7536201 0.7816445 0.7489895 0.8061507 0.7201833 0.7887408 0.8710397 0.9004171 0.8483375 0.94089 0.8483375 0.9004171 0.8710397 0.9004171 0.8690551 0.94089 0.8483375 0.94089 0.8710397 0.9004171 0.8897727 0.9213151 0.8690551 0.94089 0.8187496 0.8799101 0.8483375 0.9004171 0.8256655 0.9004171 0.8483375 0.9004171 0.8483375 0.94089 0.8256655 0.9004171 0.9237807 0.883819 0.903424 0.902552 0.8994549 0.8820149 0.9237807 0.883819 0.9252241 0.9309973 0.903424 0.902552 0.903424 0.902552 0.9252241 0.9309973 0.8897727 0.9213151 0.9588112 0.8320702 0.9477157 0.8061507 0.9852719 0.8230495 0.9852719 0.8230495 0.9477157 0.8061507 0.9765218 0.7887408 0.7972503 0.8820149 0.7932511 0.902552 0.7729244 0.883819 0.737894 0.8320702 0.7114332 0.8230495 0.7489895 0.8061507 0.7489895 0.8061507 0.7114332 0.8230495 0.7201833 0.7887408 0.8690551 0.94089 0.8897727 0.9213151 0.9017101 0.94089 0.8897727 0.9213151 0.9252241 0.9309973 0.9017101 0.94089 0.8483375 0.94089 0.8276501 0.94089 0.8256655 0.9004171 0.7932511 0.902552 0.7714811 0.9309973 0.7729244 0.883819 0.7932511 0.902552 0.8069325 0.9213151 0.7714811 0.9309973 0.8256655 0.9004171 0.8276501 0.94089 0.8069325 0.9213151 0.9252241 0.9309973 0.9454605 0.94089 0.9017101 0.94089 0.7714811 0.9309973 0.8069325 0.9213151 0.7949951 0.94089 0.7714811 0.9309973 0.7949951 0.94089 0.7512447 0.94089 0.7949951 0.94089 0.8069325 0.9213151 0.8276501 0.94089 0.406413 0.2963002 0.3956483 0.3131689 0.3640457 0.3020133 0.406413 0.2963002 0.4339262 0.3197842 0.3956483 0.3131689 0.406413 0.2963002 0.3640457 0.3020133 0.3699994 0.2963002 0.406413 0.2963002 0.4430672 0.2963002 0.4339262 0.3197842 0.406413 0.2963002 0.3699994 0.2963002 0.3783887 0.253091 0.406413 0.2963002 0.4427364 0.2629837 0.4430672 0.2963002 0.406413 0.2963002 0.3783887 0.253091 0.4129681 0.2559175 0.406413 0.2963002 0.4129681 0.2559175 0.4427364 0.2629837 0.3956483 0.3131689 0.3535817 0.3395395 0.3640457 0.3020133 0.3956483 0.3131689 0.4339262 0.3197842 0.4254467 0.3546342 0.3956483 0.3131689 0.3870786 0.3456736 0.3535817 0.3395395 0.3956483 0.3131689 0.4254467 0.3546342 0.3870786 0.3456736 0.4430672 0.2963002 0.4427364 0.2629837 0.4749103 0.2810853 0.4430672 0.2963002 0.4729558 0.3056818 0.4339262 0.3197842 0.4430672 0.2963002 0.4749103 0.2810853 0.4729558 0.3056818 0.3783887 0.253091 0.3957686 0.2352902 0.4129681 0.2559175 0.3535817 0.3395395 0.3870786 0.3456736 0.382027 0.373728 0.3535817 0.3395395 0.382027 0.373728 0.3450421 0.373728 0.3870786 0.3456736 0.4254467 0.3546342 0.382027 0.373728 0.4427364 0.2629837 0.4734369 0.2671934 0.4749103 0.2810853 0.4427364 0.2629837 0.4129681 0.2559175 0.4250558 0.2270212 0.4427364 0.2629837 0.460417 0.2522792 0.4734369 0.2671934 0.4427364 0.2629837 0.4250558 0.2270212 0.4522382 0.233937 0.4427364 0.2629837 0.4522382 0.233937 0.460417 0.2522792 0.4339262 0.3197842 0.4729558 0.3056818 0.4692874 0.3483497 0.4339262 0.3197842 0.4692874 0.3483497 0.4254467 0.3546342 0.3957686 0.2352902 0.4123968 0.2325839 0.4129681 0.2559175 0.3957686 0.2352902 0.3950168 0.2080175 0.4123968 0.2325839 0.4129681 0.2559175 0.4123968 0.2325839 0.4250558 0.2270212 0.3450421 0.373728 0.382027 0.373728 0.3783887 0.4053906 0.3450421 0.373728 0.3783887 0.4053906 0.3433282 0.4055711 0.4749103 0.2810853 0.4734369 0.2671934 0.502664 0.2854754 0.4749103 0.2810853 0.502664 0.2854754 0.4729558 0.3056818 0.4522382 0.233937 0.4715425 0.2204661 0.460417 0.2522792 0.4522382 0.233937 0.4250558 0.2270212 0.4452321 0.2123775 0.4522382 0.233937 0.4452321 0.2123775 0.4715425 0.2204661 0.4692874 0.3483497 0.4214475 0.3847934 0.4254467 0.3546342 0.4692874 0.3483497 0.4729558 0.3056818 0.502664 0.3395996 0.4692874 0.3483497 0.468716 0.4073452 0.4214475 0.3847934 0.4692874 0.3483497 0.502664 0.3395996 0.502664 0.4105625 0.4692874 0.3483497 0.502664 0.4105625 0.468716 0.4073452 0.382027 0.373728 0.4214475 0.3847934 0.3783887 0.4053906 0.382027 0.373728 0.4254467 0.3546342 0.4214475 0.3847934 0.502664 0.3395996 0.4729558 0.3056818 0.502664 0.2854754 0.3950168 0.2080175 0.4047292 0.2066644 0.4123968 0.2325839 0.3950168 0.2080175 0.3966105 0.178129 0.4047292 0.2066644 0.3433282 0.4055711 0.3783887 0.4053906 0.3458841 0.4345576 0.4734369 0.2671934 0.460417 0.2522792 0.502664 0.2392592 0.4734369 0.2671934 0.502664 0.2548651 0.502664 0.2854754 0.4734369 0.2671934 0.502664 0.2392592 0.502664 0.2548651 0.460417 0.2522792 0.4715425 0.2204661 0.502664 0.2392592 0.4250558 0.2270212 0.4228307 0.1965011 0.4452321 0.2123775 0.4250558 0.2270212 0.4123968 0.2325839 0.41381 0.202966 0.4250558 0.2270212 0.41381 0.202966 0.4228307 0.1965011 0.41381 0.202966 0.4047292 0.2066644 0.3966105 0.178129 0.41381 0.202966 0.4123968 0.2325839 0.4047292 0.2066644 0.41381 0.202966 0.3966105 0.178129 0.4228307 0.1965011 0.502664 0.4105625 0.4707607 0.4282432 0.468716 0.4073452 0.502664 0.4105625 0.502664 0.4240636 0.4707607 0.4282432 0.4214475 0.3847934 0.4111038 0.4200944 0.3783887 0.4053906 0.4214475 0.3847934 0.468716 0.4073452 0.4319717 0.4370834 0.4214475 0.3847934 0.4319717 0.4370834 0.4111038 0.4200944 0.468716 0.4073452 0.4707607 0.4282432 0.4319717 0.4370834 0.3458841 0.4345576 0.3783887 0.4053906 0.3773363 0.4380757 0.3458841 0.4345576 0.3773363 0.4380757 0.3526496 0.4703698 0.3783887 0.4053906 0.4111038 0.4200944 0.3773363 0.4380757 0.4715425 0.2204661 0.502664 0.2020639 0.502664 0.2392592 0.4715425 0.2204661 0.4452321 0.2123775 0.4615296 0.1969221 0.4715425 0.2204661 0.4615296 0.1969221 0.502664 0.2020639 0.3966105 0.178129 0.4274313 0.1863979 0.4228307 0.1965011 0.4274313 0.1863979 0.4615296 0.1969221 0.4452321 0.2123775 0.4274313 0.1863979 0.4452321 0.2123775 0.4228307 0.1965011 0.502664 0.4240636 0.502664 0.4436986 0.4707607 0.4282432 0.502664 0.4240636 0.534477 0.4271606 0.502664 0.4436986 0.502664 0.4240636 0.5364616 0.4113744 0.534477 0.4271606 0.502664 0.4240636 0.502664 0.4105625 0.5364616 0.4113744 0.4319717 0.4370834 0.4039774 0.4415035 0.4111038 0.4200944 0.4319717 0.4370834 0.4707607 0.4282432 0.4518473 0.4580115 0.4319717 0.4370834 0.4363918 0.4780375 0.4039774 0.4415035 0.4319717 0.4370834 0.4518473 0.4580115 0.4363918 0.4780375 0.4111038 0.4200944 0.4039774 0.4415035 0.3773363 0.4380757 0.3526496 0.4703698 0.3773363 0.4380757 0.3955581 0.4797814 0.3955581 0.4797814 0.4039774 0.4415035 0.4363918 0.4780375 0.3955581 0.4797814 0.3773363 0.4380757 0.4039774 0.4415035 0.502664 0.4436986 0.534477 0.4271606 0.527922 0.4495621 0.502664 0.4436986 0.4725348 0.4411126 0.4707607 0.4282432 0.4707607 0.4282432 0.4725348 0.4411126 0.4518473 0.4580115 0.502664 0.4105625 0.5351084 0.3520482 0.5364616 0.4113744 0.502664 0.4105625 0.502664 0.3395996 0.5351084 0.3520482 0.534477 0.4271606 0.5723339 0.4377149 0.527922 0.4495621 0.534477 0.4271606 0.5364616 0.4113744 0.5729954 0.4174182 0.534477 0.4271606 0.5729954 0.4174182 0.5723339 0.4377149 0.502664 0.3395996 0.5311093 0.3059524 0.5351084 0.3520482 0.502664 0.3395996 0.502664 0.2854754 0.5311093 0.3059524 0.5364616 0.4113744 0.5741681 0.3941448 0.5729954 0.4174182 0.5364616 0.4113744 0.5351084 0.3520482 0.5741681 0.3941448 0.5723339 0.4377149 0.5729954 0.4174182 0.6073343 0.4171777 0.5723339 0.4377149 0.6073343 0.4171777 0.606793 0.4445706 0.5723339 0.4377149 0.606793 0.4445706 0.5971108 0.4749403 0.5723339 0.4377149 0.5971108 0.4749403 0.5638244 0.4669119 0.5729954 0.4174182 0.5741681 0.3941448 0.6073343 0.4171777 0.502664 0.2854754 0.5268094 0.2804538 0.5311093 0.3059524 0.502664 0.2854754 0.502664 0.2548651 0.5268094 0.2804538 0.5351084 0.3520482 0.5762128 0.3615199 0.5741681 0.3941448 0.5351084 0.3520482 0.5311093 0.3059524 0.5716423 0.324956 0.5351084 0.3520482 0.5716423 0.324956 0.5762128 0.3615199 0.606793 0.4445706 0.6258267 0.4897944 0.5971108 0.4749403 0.606793 0.4445706 0.6073343 0.4171777 0.6374635 0.4258376 0.606793 0.4445706 0.6306979 0.454313 0.6258267 0.4897944 0.606793 0.4445706 0.6374635 0.4258376 0.6306979 0.454313 0.502664 0.2548651 0.5255766 0.2628334 0.5268094 0.2804538 0.502664 0.2548651 0.502664 0.2392592 0.5255766 0.2628334 0.5741681 0.3941448 0.5762128 0.3615199 0.6080559 0.3885219 0.5741681 0.3941448 0.6080559 0.3885219 0.6073343 0.4171777 0.5311093 0.3059524 0.5657187 0.2963002 0.5716423 0.324956 0.5311093 0.3059524 0.5268094 0.2804538 0.5657187 0.2963002 0.6374635 0.4258376 0.6073343 0.4171777 0.6415228 0.3929421 0.6073343 0.4171777 0.6080559 0.3885219 0.6415228 0.3929421 0.502664 0.2392592 0.5437683 0.2545043 0.5255766 0.2628334 0.502664 0.2392592 0.5308387 0.2197745 0.5437683 0.2545043 0.502664 0.2392592 0.502664 0.2020639 0.5308387 0.2197745 0.5762128 0.3615199 0.5716423 0.324956 0.6030945 0.3230315 0.5762128 0.3615199 0.607214 0.3586935 0.6080559 0.3885219 0.5762128 0.3615199 0.6030945 0.3230315 0.607214 0.3586935 0.5268094 0.2804538 0.5551946 0.2689675 0.5657187 0.2963002 0.5268094 0.2804538 0.5255766 0.2628334 0.5551946 0.2689675 0.5255766 0.2628334 0.5437683 0.2545043 0.5551946 0.2689675 0.6415228 0.3929421 0.6080559 0.3885219 0.6394781 0.3555663 0.607214 0.3586935 0.6030945 0.3230315 0.6394781 0.3555663 0.607214 0.3586935 0.6394781 0.3555663 0.6080559 0.3885219 0.502664 0.2020639 0.5434676 0.1972529 0.5308387 0.2197745 0.5716423 0.324956 0.5657187 0.2963002 0.5949458 0.2963002 0.5716423 0.324956 0.5949458 0.2963002 0.6030945 0.3230315 0.5437683 0.2545043 0.5526387 0.2317721 0.5551946 0.2689675 0.5437683 0.2545043 0.5308387 0.2197745 0.5526387 0.2317721 0.6394781 0.3555663 0.6030945 0.3230315 0.6330132 0.3133794 0.6030945 0.3230315 0.5949458 0.2963002 0.6330132 0.3133794 0.5434676 0.1972529 0.5604266 0.2115657 0.5308387 0.2197745 0.5434676 0.1972529 0.5763631 0.185105 0.5604266 0.2115657 0.5308387 0.2197745 0.5604266 0.2115657 0.5526387 0.2317721 0.5657187 0.2963002 0.5551946 0.2689675 0.591127 0.2595258 0.5657187 0.2963002 0.591127 0.2595258 0.5949458 0.2963002 0.6330132 0.3133794 0.5949458 0.2963002 0.6281721 0.2963002 0.5763631 0.185105 0.581505 0.1949676 0.5604266 0.2115657 0.5763631 0.185105 0.6058909 0.1754227 0.581505 0.1949676 0.5526387 0.2317721 0.5794603 0.2255778 0.5551946 0.2689675 0.5526387 0.2317721 0.5604266 0.2115657 0.5794603 0.2255778 0.5604266 0.2115657 0.581505 0.1949676 0.5794603 0.2255778 0.5551946 0.2689675 0.5794603 0.2255778 0.591127 0.2595258 0.5949458 0.2963002 0.619392 0.2600369 0.6281721 0.2963002 0.5949458 0.2963002 0.591127 0.2595258 0.619392 0.2600369 0.6058909 0.1754227 0.5899844 0.2005304 0.581505 0.1949676 0.6058909 0.1754227 0.5982233 0.2042589 0.5899844 0.2005304 0.6058909 0.1754227 0.6076049 0.2054918 0.5982233 0.2042589 0.581505 0.1949676 0.5899844 0.2005304 0.5794603 0.2255778 0.591127 0.2595258 0.6088076 0.2345685 0.619392 0.2600369 0.591127 0.2595258 0.5794603 0.2255778 0.5919389 0.2311406 0.591127 0.2595258 0.5919389 0.2311406 0.6088076 0.2345685 0.5919389 0.2311406 0.5982233 0.2042589 0.6076049 0.2054918 0.5919389 0.2311406 0.5794603 0.2255778 0.5899844 0.2005304 0.5919389 0.2311406 0.6076049 0.2054918 0.6088076 0.2345685 0.5919389 0.2311406 0.5899844 0.2005304 0.5982233 0.2042589 0.7195218 0.5999072 0.7191911 0.5316806 0.7422841 0.5316806 0.7195218 0.5999072 0.696068 0.5316806 0.7191911 0.5316806 0.7195218 0.5999072 0.7422841 0.5316806 0.7413219 0.5999072 0.7195218 0.5999072 0.6977819 0.5999072 0.696068 0.5316806 0.7195218 0.5999072 0.7413219 0.5999072 0.740059 0.6233009 0.7195218 0.5999072 0.7015706 0.6233009 0.6977819 0.5999072 0.7195218 0.5999072 0.740059 0.6233009 0.7207847 0.6233009 0.7195218 0.5999072 0.7207847 0.6233009 0.7015706 0.6233009 0.7191911 0.5316806 0.7424043 0.5124063 0.7422841 0.5316806 0.7191911 0.5316806 0.696068 0.5316806 0.6954666 0.5124063 0.7191911 0.5316806 0.7189806 0.5124063 0.7424043 0.5124063 0.7191911 0.5316806 0.6954666 0.5124063 0.7189806 0.5124063 0.7413219 0.5999072 0.7580703 0.5999072 0.740059 0.6233009 0.7413219 0.5999072 0.7422841 0.5316806 0.7620394 0.5316806 0.7413219 0.5999072 0.7620394 0.5316806 0.7580703 0.5999072 0.7207847 0.6233009 0.7231301 0.646875 0.7015706 0.6233009 0.7207847 0.6233009 0.740059 0.6233009 0.7231301 0.646875 0.7424043 0.5124063 0.7189806 0.5124063 0.7429456 0.4203349 0.7424043 0.5124063 0.7631219 0.5124063 0.7422841 0.5316806 0.7424043 0.5124063 0.7429456 0.4203349 0.7631219 0.5124063 0.7422841 0.5316806 0.7631219 0.5124063 0.7620394 0.5316806 0.6954666 0.5124063 0.6898437 0.4203349 0.7189806 0.5124063 0.7580703 0.5999072 0.7559655 0.6233009 0.740059 0.6233009 0.7580703 0.5999072 0.7620394 0.5316806 0.7765929 0.5999072 0.7580703 0.5999072 0.7724433 0.6233009 0.7559655 0.6233009 0.7580703 0.5999072 0.7765929 0.5999072 0.7724433 0.6233009 0.7015706 0.6233009 0.7231301 0.646875 0.706953 0.646875 0.7429456 0.4203349 0.7688651 0.4203349 0.7631219 0.5124063 0.7429456 0.4203349 0.7189806 0.5124063 0.7163646 0.4203349 0.7429456 0.4203349 0.7430058 0.4006698 0.7688651 0.4203349 0.7429456 0.4203349 0.7163646 0.4203349 0.7430058 0.4006698 0.7189806 0.5124063 0.6898437 0.4203349 0.7163646 0.4203349 0.740059 0.6233009 0.7559655 0.6233009 0.7393975 0.646845 0.740059 0.6233009 0.7393975 0.646845 0.7231301 0.646875 0.7620394 0.5316806 0.7808025 0.5316806 0.7765929 0.5999072 0.7620394 0.5316806 0.7631219 0.5124063 0.7808025 0.5316806 0.7724433 0.6233009 0.7679631 0.646845 0.7559655 0.6233009 0.7724433 0.6233009 0.7765929 0.5999072 0.7899736 0.6233009 0.7724433 0.6233009 0.7834185 0.646845 0.7679631 0.646845 0.7724433 0.6233009 0.7899736 0.6233009 0.7834185 0.646845 0.706953 0.646875 0.7231301 0.646875 0.7180184 0.669066 0.7688651 0.4203349 0.7430058 0.4006698 0.769256 0.4006698 0.7688651 0.4203349 0.7819151 0.5124063 0.7631219 0.5124063 0.7688651 0.4203349 0.769256 0.4006698 0.7881995 0.4203349 0.7688651 0.4203349 0.7881995 0.4203349 0.7819151 0.5124063 0.7631219 0.5124063 0.7819151 0.5124063 0.7808025 0.5316806 0.6898437 0.4203349 0.6855438 0.4006698 0.7163646 0.4203349 0.7393975 0.646845 0.7559655 0.6233009 0.7538607 0.646845 0.7393975 0.646845 0.7386457 0.669066 0.7231301 0.646875 0.7393975 0.646845 0.7538607 0.646845 0.7386457 0.669066 0.7231301 0.646875 0.7386457 0.669066 0.7180184 0.669066 0.7559655 0.6233009 0.7679631 0.646845 0.7538607 0.646845 0.7765929 0.5999072 0.7945741 0.5999072 0.7899736 0.6233009 0.7765929 0.5999072 0.7808025 0.5316806 0.7945741 0.5999072 0.7834185 0.646845 0.7724734 0.669066 0.7679631 0.646845 0.7430058 0.4006698 0.7163646 0.4203349 0.7147709 0.4006698 0.7147709 0.4006698 0.7163646 0.4203349 0.6855438 0.4006698 0.769256 0.4006698 0.7927098 0.4006698 0.7881995 0.4203349 0.7819151 0.5124063 0.8031137 0.5124063 0.7808025 0.5316806 0.7819151 0.5124063 0.7881995 0.4203349 0.8139386 0.4203349 0.7819151 0.5124063 0.8139386 0.4203349 0.8031137 0.5124063 0.7881995 0.4203349 0.7927098 0.4006698 0.8139386 0.4203349 0.7386457 0.669066 0.7409009 0.6918583 0.7180184 0.669066 0.7386457 0.669066 0.7538607 0.646845 0.7566872 0.669066 0.7386457 0.669066 0.7566872 0.669066 0.7507635 0.6918583 0.7679631 0.646845 0.7724734 0.669066 0.7566872 0.669066 0.7679631 0.646845 0.7566872 0.669066 0.7538607 0.646845 0.7945741 0.5999072 0.7808025 0.5316806 0.8013096 0.5316806 0.8013096 0.5316806 0.7808025 0.5316806 0.8031137 0.5124063 0.7927098 0.4006698 0.8196818 0.4006698 0.8139386 0.4203349 0.7724734 0.669066 0.7534096 0.6918583 0.7566872 0.669066 0.3472672 0.7170562 0.2975932 0.6658787 0.3472672 0.6547832 0.3472672 0.7170562 0.3056517 0.7224085 0.2975932 0.6658787 0.3472672 0.7170562 0.3472672 0.6547832 0.3969413 0.6658787 0.3472672 0.7170562 0.3113648 0.7592731 0.3056517 0.7224085 0.3472672 0.7170562 0.3969413 0.6658787 0.3888828 0.7224085 0.3472672 0.7170562 0.3472672 0.7659785 0.3113648 0.7592731 0.3472672 0.7170562 0.3888828 0.7224085 0.3831697 0.7592731 0.3472672 0.7170562 0.3831697 0.7592731 0.3472672 0.7659785 0.2975932 0.6658787 0.2817769 0.615062 0.3472672 0.6547832 0.2975932 0.6658787 0.3056517 0.7224085 0.2488813 0.6833788 0.2975932 0.6658787 0.2393796 0.6377642 0.2817769 0.615062 0.2975932 0.6658787 0.2488813 0.6833788 0.2393796 0.6377642 0.3969413 0.6658787 0.4456531 0.6833788 0.3888828 0.7224085 0.3969413 0.6658787 0.3472672 0.6547832 0.4127576 0.615062 0.3969413 0.6658787 0.4551549 0.6377642 0.4456531 0.6833788 0.3969413 0.6658787 0.4127576 0.615062 0.4551549 0.6377642 0.3113648 0.7592731 0.3472672 0.7659785 0.3472672 0.8029333 0.3113648 0.7592731 0.2662011 0.7397583 0.3056517 0.7224085 0.3113648 0.7592731 0.3472672 0.8029333 0.2934136 0.7806522 0.3113648 0.7592731 0.2934136 0.7806522 0.2662011 0.7397583 0.3056517 0.7224085 0.2662011 0.7397583 0.2488813 0.6833788 0.3472672 0.7659785 0.3831697 0.7592731 0.3472672 0.8029333 0.2817769 0.615062 0.2393796 0.6377642 0.2357411 0.5826175 0.2817769 0.615062 0.3472672 0.5813847 0.3472672 0.6547832 0.2817769 0.615062 0.2357411 0.5826175 0.3472672 0.5813847 0.3472672 0.6547832 0.3472672 0.5813847 0.4127576 0.615062 0.3888828 0.7224085 0.4456531 0.6833788 0.4283333 0.7397583 0.3888828 0.7224085 0.4283333 0.7397583 0.3831697 0.7592731 0.4551549 0.6377642 0.4127576 0.615062 0.4587933 0.5826175 0.4551549 0.6377642 0.4905762 0.6483485 0.4456531 0.6833788 0.4551549 0.6377642 0.4587933 0.5826175 0.5059716 0.5798512 0.4551549 0.6377642 0.5059716 0.5798512 0.4905762 0.6483485 0.4127576 0.615062 0.3472672 0.5813847 0.4587933 0.5826175 0.2934136 0.7806522 0.2386278 0.7581004 0.2662011 0.7397583 0.2934136 0.7806522 0.3472672 0.8029333 0.3091998 0.8341751 0.2934136 0.7806522 0.2746204 0.8073534 0.2386278 0.7581004 0.2934136 0.7806522 0.3091998 0.8341751 0.2746204 0.8073534 0.2488813 0.6833788 0.2039282 0.6483485 0.2393796 0.6377642 0.2488813 0.6833788 0.2662011 0.7397583 0.2147229 0.7009392 0.2488813 0.6833788 0.2147229 0.7009392 0.2039282 0.6483485 0.2662011 0.7397583 0.2386278 0.7581004 0.2147229 0.7009392 0.2357411 0.5826175 0.2501743 0.5018521 0.3472672 0.5813847 0.2357411 0.5826175 0.2393796 0.6377642 0.1885629 0.5798512 0.2357411 0.5826175 0.1885629 0.5798512 0.2501743 0.5018521 0.2393796 0.6377642 0.2039282 0.6483485 0.1885629 0.5798512 0.4283333 0.7397583 0.4011209 0.7806522 0.3831697 0.7592731 0.4283333 0.7397583 0.4456531 0.6833788 0.4798115 0.7009392 0.4283333 0.7397583 0.4558766 0.7581004 0.4011209 0.7806522 0.4283333 0.7397583 0.4798115 0.7009392 0.4558766 0.7581004 0.4456531 0.6833788 0.4905762 0.6483485 0.4798115 0.7009392 0.3831697 0.7592731 0.4011209 0.7806522 0.3472672 0.8029333 0.5059716 0.5798512 0.4587933 0.5826175 0.4443601 0.5018521 0.5059716 0.5798512 0.5396489 0.6613984 0.4905762 0.6483485 0.5059716 0.5798512 0.4443601 0.5018521 0.5156538 0.5006193 0.5059716 0.5798512 0.6045378 0.5354092 0.5396489 0.6613984 0.5059716 0.5798512 0.5156538 0.5006193 0.6045378 0.5354092 0.4443601 0.5018521 0.4587933 0.5826175 0.3472672 0.5813847 0.4905762 0.6483485 0.5396489 0.6613984 0.4798115 0.7009392 0.3091998 0.8341751 0.2592251 0.8368812 0.2746204 0.8073534 0.3091998 0.8341751 0.3472672 0.8029333 0.3853346 0.8341751 0.3091998 0.8341751 0.2937444 0.8699872 0.2592251 0.8368812 0.3091998 0.8341751 0.3853346 0.8341751 0.3472672 0.868995 0.3091998 0.8341751 0.3472672 0.868995 0.2937444 0.8699872 0.3472672 0.8029333 0.4011209 0.7806522 0.3853346 0.8341751 0.2386278 0.7581004 0.1780087 0.7234308 0.2147229 0.7009392 0.2386278 0.7581004 0.2746204 0.8073534 0.2146929 0.7868764 0.2386278 0.7581004 0.2146929 0.7868764 0.1780087 0.7234308 0.2746204 0.8073534 0.2592251 0.8368812 0.2146929 0.7868764 0.2501743 0.5018521 0.1885629 0.5798512 0.1788807 0.5006193 0.2039282 0.6483485 0.2147229 0.7009392 0.1548856 0.6613984 0.2039282 0.6483485 0.1548856 0.6613984 0.1885629 0.5798512 0.2147229 0.7009392 0.1780087 0.7234308 0.1548856 0.6613984 0.4558766 0.7581004 0.4798115 0.7009392 0.5164957 0.7234308 0.4558766 0.7581004 0.4198839 0.8073534 0.4011209 0.7806522 0.4558766 0.7581004 0.5164957 0.7234308 0.4798416 0.7868764 0.4558766 0.7581004 0.4798416 0.7868764 0.4198839 0.8073534 0.4011209 0.7806522 0.4198839 0.8073534 0.3853346 0.8341751 0.4798115 0.7009392 0.5396489 0.6613984 0.5164957 0.7234308 0.6045378 0.5354092 0.5924501 0.6700583 0.5396489 0.6613984 0.6045378 0.5354092 0.6622704 0.6251953 0.5924501 0.6700583 0.3472672 0.868995 0.287911 0.9320798 0.2937444 0.8699872 0.3472672 0.868995 0.3853346 0.8341751 0.4007901 0.8699872 0.3472672 0.868995 0.3472672 0.9449193 0.287911 0.9320798 0.3472672 0.868995 0.4007901 0.8699872 0.4066235 0.9320798 0.3472672 0.868995 0.4066235 0.9320798 0.3472672 0.9449193 0.2592251 0.8368812 0.1902467 0.8305066 0.2146929 0.7868764 0.2592251 0.8368812 0.2937444 0.8699872 0.2408229 0.8678223 0.2592251 0.8368812 0.2408229 0.8678223 0.1902467 0.8305066 0.1788807 0.5006193 0.1885629 0.5798512 0.08999657 0.5354092 0.1885629 0.5798512 0.1548856 0.6613984 0.08999657 0.5354092 0.1780087 0.7234308 0.2146929 0.7868764 0.1503752 0.7810732 0.1780087 0.7234308 0.1189531 0.7263174 0.1548856 0.6613984 0.1780087 0.7234308 0.1503752 0.7810732 0.1189531 0.7263174 0.2146929 0.7868764 0.1902467 0.8305066 0.1503752 0.7810732 0.4798416 0.7868764 0.4353094 0.8368812 0.4198839 0.8073534 0.4798416 0.7868764 0.5164957 0.7234308 0.5441592 0.7810732 0.4798416 0.7868764 0.5042576 0.8305066 0.4353094 0.8368812 0.4798416 0.7868764 0.5441592 0.7810732 0.5042576 0.8305066 0.3853346 0.8341751 0.4353094 0.8368812 0.4007901 0.8699872 0.3853346 0.8341751 0.4198839 0.8073534 0.4353094 0.8368812 0.5396489 0.6613984 0.5924501 0.6700583 0.5755814 0.7263174 0.5396489 0.6613984 0.5755814 0.7263174 0.5164957 0.7234308 0.5164957 0.7234308 0.5755814 0.7263174 0.5441592 0.7810732 0.6622704 0.6251953 0.6815747 0.7386457 0.5924501 0.6700583 0.5924501 0.6700583 0.6815747 0.7386457 0.5755814 0.7263174 0.287911 0.9320798 0.270501 0.8983423 0.2937444 0.8699872 0.287911 0.9320798 0.2584133 0.9157523 0.270501 0.8983423 0.2937444 0.8699872 0.270501 0.8983423 0.2408229 0.8678223 0.4066235 0.9320798 0.4007901 0.8699872 0.4240335 0.8983423 0.4066235 0.9320798 0.4240335 0.8983423 0.4361212 0.9157523 0.08999657 0.5354092 0.1548856 0.6613984 0.1020542 0.6700583 0.08999657 0.5354092 0.1020542 0.6700583 0.03223395 0.6251953 0.1548856 0.6613984 0.1189531 0.7263174 0.1020542 0.6700583 0.1902467 0.8305066 0.09991937 0.8104506 0.1503752 0.7810732 0.1902467 0.8305066 0.2408229 0.8678223 0.17861 0.8829771 0.1902467 0.8305066 0.17861 0.8829771 0.09991937 0.8104506 0.1503752 0.7810732 0.09991937 0.8104506 0.1189531 0.7263174 0.5042576 0.8305066 0.4537116 0.8678223 0.4353094 0.8368812 0.5042576 0.8305066 0.5441592 0.7810732 0.594615 0.8104506 0.5042576 0.8305066 0.5159244 0.8829771 0.4537116 0.8678223 0.5042576 0.8305066 0.594615 0.8104506 0.5159244 0.8829771 0.4007901 0.8699872 0.4537116 0.8678223 0.4240335 0.8983423 0.4007901 0.8699872 0.4353094 0.8368812 0.4537116 0.8678223 0.5755814 0.7263174 0.6815747 0.7386457 0.594615 0.8104506 0.5755814 0.7263174 0.594615 0.8104506 0.5441592 0.7810732 0.2584133 0.9157523 0.2168579 0.904717 0.270501 0.8983423 0.2408229 0.8678223 0.2168579 0.904717 0.17861 0.8829771 0.2408229 0.8678223 0.270501 0.8983423 0.2168579 0.904717 0.4361212 0.9157523 0.4240335 0.8983423 0.4776766 0.904717 0.4537116 0.8678223 0.5159244 0.8829771 0.4776766 0.904717 0.4537116 0.8678223 0.4776766 0.904717 0.4240335 0.8983423 0.03223395 0.6251953 0.1020542 0.6700583 0.01295971 0.7386457 0.1189531 0.7263174 0.09991937 0.8104506 0.01295971 0.7386457 0.1189531 0.7263174 0.01295971 0.7386457 0.1020542 0.6700583 0.6815747 0.7386457 0.654693 0.8329723 0.594615 0.8104506 0.17861 0.8829771 0.2168579 0.904717 0.1769863 0.9276897 0.17861 0.8829771 0.1049108 0.8682733 0.09991937 0.8104506 0.17861 0.8829771 0.1769863 0.9276897 0.1357015 0.9153314 0.17861 0.8829771 0.1357015 0.9153314 0.1049108 0.8682733 0.5159244 0.8829771 0.5175481 0.9276897 0.4776766 0.904717 0.5159244 0.8829771 0.594615 0.8104506 0.5896236 0.8682733 0.5159244 0.8829771 0.5588028 0.9153314 0.5175481 0.9276897 0.5159244 0.8829771 0.5896236 0.8682733 0.5588028 0.9153314 0.5896236 0.8682733 0.594615 0.8104506 0.654693 0.8329723 0.01295971 0.7386457 0.09991937 0.8104506 0.03984147 0.8329723 0.03984147 0.8329723 0.09991937 0.8104506 0.1049108 0.8682733 0.1769863 0.9276897 0.133747 0.9497303 0.1357015 0.9153314 0.1769863 0.9276897 0.1724158 0.9833174 0.133747 0.9497303 0.5175481 0.9276897 0.5588028 0.9153314 0.5607874 0.9497303 0.5175481 0.9276897 0.5607874 0.9497303 0.5221186 0.9833174 0.6851529 0.1264102 0.6907157 0.08425343 0.7193114 0.08840292 0.6851529 0.1264102 0.6704491 0.07490193 0.6907157 0.08425343 0.6851529 0.1264102 0.7193114 0.08840292 0.7167254 0.1281843 0.6851529 0.1264102 0.6571587 0.1236138 0.6704491 0.07490193 0.6851529 0.1264102 0.7167254 0.1281843 0.7167254 0.1766555 0.6851529 0.1264102 0.6566775 0.1745507 0.6571587 0.1236138 0.6851529 0.1264102 0.7167254 0.1766555 0.6861452 0.1753926 0.6851529 0.1264102 0.6861452 0.1753926 0.6566775 0.1745507 0.6907157 0.08425343 0.7055698 0.0613408 0.7193114 0.08840292 0.6907157 0.08425343 0.6704491 0.07490193 0.6895129 0.04666715 0.6907157 0.08425343 0.6895129 0.04666715 0.7055698 0.0613408 0.7167254 0.1281843 0.7475161 0.1748815 0.7167254 0.1766555 0.7167254 0.1281843 0.7193114 0.08840292 0.7498915 0.1253578 0.7167254 0.1281843 0.7498915 0.1253578 0.7475161 0.1748815 0.6571587 0.1236138 0.6225793 0.07505232 0.6704491 0.07490193 0.6861452 0.1753926 0.6839802 0.224766 0.6566775 0.1745507 0.6861452 0.1753926 0.7167254 0.1766555 0.7167254 0.2254576 0.6861452 0.1753926 0.7167254 0.2254576 0.6839802 0.224766 0.7167254 0.1766555 0.7475161 0.1748815 0.7167254 0.2254576 0.6895129 0.04666715 0.7283621 0.0447427 0.7055698 0.0613408 0.6895129 0.04666715 0.7219574 0.02543842 0.7283621 0.0447427 0.7055698 0.0613408 0.7283621 0.0447427 0.7193114 0.08840292 0.7498915 0.1253578 0.779269 0.1244256 0.7475161 0.1748815 0.7498915 0.1253578 0.7193114 0.08840292 0.7476364 0.08031439 0.7498915 0.1253578 0.7476364 0.08031439 0.779269 0.1244256 0.7193114 0.08840292 0.7283621 0.0447427 0.7476364 0.08031439 0.6566775 0.1745507 0.6839802 0.224766 0.6571887 0.2242247 0.7167254 0.2254576 0.7475161 0.1748815 0.7490196 0.2233828 0.7167254 0.2254576 0.6883101 0.2688773 0.6839802 0.224766 0.7167254 0.2254576 0.7490196 0.2233828 0.7442386 0.2652389 0.7167254 0.2254576 0.7167254 0.2675542 0.6883101 0.2688773 0.7167254 0.2254576 0.7442386 0.2652389 0.7167254 0.2675542 0.779269 0.1244256 0.7476364 0.08031439 0.7902141 0.06642246 0.779269 0.1244256 0.776683 0.1750017 0.7475161 0.1748815 0.7475161 0.1748815 0.776683 0.1750017 0.7490196 0.2233828 0.7283621 0.0447427 0.7491699 0.07580399 0.7476364 0.08031439 0.7476364 0.08031439 0.7491699 0.07580399 0.7902141 0.06642246 0.6571887 0.2242247 0.6839802 0.224766 0.6608271 0.2545043 0.6839802 0.224766 0.6883101 0.2688773 0.6608271 0.2545043 0.7442386 0.2652389 0.7381947 0.3226407 0.7167254 0.2675542 0.7442386 0.2652389 0.7490196 0.2233828 0.7700077 0.2540833 0.7442386 0.2652389 0.7611374 0.2856257 0.7381947 0.3226407 0.7442386 0.2652389 0.7700077 0.2540833 0.7611374 0.2856257 0.776683 0.1750017 0.77536 0.223443 0.7490196 0.2233828 0.7490196 0.2233828 0.77536 0.223443 0.7700077 0.2540833 0.6883101 0.2688773 0.6692464 0.2867984 0.6608271 0.2545043 0.6883101 0.2688773 0.7167254 0.2675542 0.7167254 0.321468 0.6883101 0.2688773 0.6736665 0.317559 0.6692464 0.2867984 0.6883101 0.2688773 0.7167254 0.321468 0.6931212 0.3260385 0.6883101 0.2688773 0.6931212 0.3260385 0.6736665 0.317559 0.7167254 0.2675542 0.7381947 0.3226407 0.7167254 0.321468 0.7611374 0.2856257 0.7580703 0.3176192 0.7381947 0.3226407 0.6931212 0.3260385 0.7167254 0.321468 0.7167254 0.3713225 0.7167254 0.321468 0.7381947 0.3226407 0.7167254 0.3713225 0.7580703 0.3176192 0.7536502 0.3443205 0.7381947 0.3226407 0.7381947 0.3226407 0.7536502 0.3443205 0.7167254 0.3713225 0.9106706 0.1264102 0.8790982 0.1766555 0.8790982 0.1281843 0.9106706 0.1264102 0.9096783 0.1753926 0.8790982 0.1766555 0.9106706 0.1264102 0.8790982 0.1281843 0.8764821 0.08840292 0.9106706 0.1264102 0.9391159 0.1745507 0.9096783 0.1753926 0.9106706 0.1264102 0.8764821 0.08840292 0.9051079 0.08425343 0.9106706 0.1264102 0.9386649 0.1236138 0.9391159 0.1745507 0.9106706 0.1264102 0.9051079 0.08425343 0.9253744 0.07490193 0.9106706 0.1264102 0.9253744 0.07490193 0.9386649 0.1236138 0.8790982 0.1766555 0.8482774 0.1748815 0.8790982 0.1281843 0.8790982 0.1766555 0.9096783 0.1753926 0.8790982 0.2254576 0.8790982 0.1766555 0.8790982 0.2254576 0.8482774 0.1748815 0.8764821 0.08840292 0.8902237 0.0613408 0.9051079 0.08425343 0.8764821 0.08840292 0.8790982 0.1281843 0.845902 0.1253578 0.8764821 0.08840292 0.8674614 0.0447427 0.8902237 0.0613408 0.8764821 0.08840292 0.845902 0.1253578 0.8481872 0.08031439 0.8764821 0.08840292 0.8481872 0.08031439 0.8674614 0.0447427 0.8790982 0.1281843 0.8482774 0.1748815 0.845902 0.1253578 0.9391159 0.1745507 0.9118133 0.224766 0.9096783 0.1753926 0.9391159 0.1745507 0.9386348 0.2242247 0.9118133 0.224766 0.9096783 0.1753926 0.9118133 0.224766 0.8790982 0.2254576 0.9253744 0.07490193 0.9732142 0.07505232 0.9386649 0.1236138 0.9253744 0.07490193 0.9051079 0.08425343 0.9062806 0.04666715 0.8902237 0.0613408 0.8674614 0.0447427 0.9062806 0.04666715 0.8902237 0.0613408 0.9062806 0.04666715 0.9051079 0.08425343 0.8481872 0.08031439 0.845902 0.1253578 0.8165546 0.1244256 0.8481872 0.08031439 0.8466537 0.07580399 0.8674614 0.0447427 0.8481872 0.08031439 0.8165546 0.1244256 0.8056095 0.06642246 0.8481872 0.08031439 0.8056095 0.06642246 0.8466537 0.07580399 0.845902 0.1253578 0.8482774 0.1748815 0.8165546 0.1244256 0.9386348 0.2242247 0.9349664 0.2545043 0.9118133 0.224766 0.8790982 0.2254576 0.846774 0.2233828 0.8482774 0.1748815 0.8790982 0.2254576 0.9118133 0.224766 0.9074833 0.2688773 0.8790982 0.2254576 0.8515549 0.2652389 0.846774 0.2233828 0.8790982 0.2254576 0.9074833 0.2688773 0.8790982 0.2675542 0.8790982 0.2254576 0.8790982 0.2675542 0.8515549 0.2652389 0.9118133 0.224766 0.9349664 0.2545043 0.9074833 0.2688773 0.9062806 0.04666715 0.8674614 0.0447427 0.8738361 0.02543842 0.8165546 0.1244256 0.8482774 0.1748815 0.8191405 0.1750017 0.8482774 0.1748815 0.846774 0.2233828 0.8191405 0.1750017 0.8790982 0.2675542 0.8576289 0.3226407 0.8515549 0.2652389 0.8790982 0.2675542 0.9074833 0.2688773 0.8790982 0.321468 0.8790982 0.2675542 0.8790982 0.321468 0.8576289 0.3226407 0.9349664 0.2545043 0.9265772 0.2867984 0.9074833 0.2688773 0.846774 0.2233828 0.8204335 0.223443 0.8191405 0.1750017 0.846774 0.2233828 0.8515549 0.2652389 0.8257858 0.2540833 0.846774 0.2233828 0.8257858 0.2540833 0.8204335 0.223443 0.8790982 0.321468 0.8790982 0.3713225 0.8576289 0.3226407 0.8790982 0.321468 0.9074833 0.2688773 0.9026723 0.3260385 0.8790982 0.321468 0.9026723 0.3260385 0.8790982 0.3713225 0.9265772 0.2867984 0.922157 0.317559 0.9074833 0.2688773 0.9074833 0.2688773 0.922157 0.317559 0.9026723 0.3260385 0.8515549 0.2652389 0.8346561 0.2856257 0.8257858 0.2540833 0.8515549 0.2652389 0.8576289 0.3226407 0.8346561 0.2856257 0.8790982 0.3713225 0.8421433 0.3443205 0.8576289 0.3226407 0.8346561 0.2856257 0.8576289 0.3226407 0.8377232 0.3176192 0.8377232 0.3176192 0.8576289 0.3226407 0.8421433 0.3443205 0.9448892 0.5999072 0.9230891 0.5999072 0.922157 0.5316806 0.9448892 0.5999072 0.9243821 0.6233009 0.9230891 0.5999072 0.9448892 0.5999072 0.922157 0.5316806 0.94525 0.5316806 0.9448892 0.5999072 0.9436564 0.6233009 0.9243821 0.6233009 0.9448892 0.5999072 0.94525 0.5316806 0.9683731 0.5316806 0.9448892 0.5999072 0.9628705 0.6233009 0.9436564 0.6233009 0.9448892 0.5999072 0.9683731 0.5316806 0.9666291 0.5999072 0.9448892 0.5999072 0.9666291 0.5999072 0.9628705 0.6233009 0.9230891 0.5999072 0.9024017 0.5316806 0.922157 0.5316806 0.9230891 0.5999072 0.9243821 0.6233009 0.9063708 0.5999072 0.9230891 0.5999072 0.9063708 0.5999072 0.9024017 0.5316806 0.94525 0.5316806 0.9689745 0.5124063 0.9683731 0.5316806 0.94525 0.5316806 0.922157 0.5316806 0.9220367 0.5124063 0.94525 0.5316806 0.9454605 0.5124063 0.9689745 0.5124063 0.94525 0.5316806 0.9220367 0.5124063 0.9454605 0.5124063 0.9436564 0.6233009 0.9628705 0.6233009 0.941311 0.646845 0.9436564 0.6233009 0.941311 0.646845 0.9243821 0.6233009 0.9063708 0.5999072 0.8878182 0.5999072 0.9024017 0.5316806 0.9063708 0.5999072 0.9243821 0.6233009 0.9084756 0.6233009 0.9063708 0.5999072 0.8919978 0.6233009 0.8878182 0.5999072 0.9063708 0.5999072 0.9084756 0.6233009 0.8919978 0.6233009 0.922157 0.5316806 0.9012891 0.5124063 0.9220367 0.5124063 0.922157 0.5316806 0.9024017 0.5316806 0.9012891 0.5124063 0.9689745 0.5124063 0.9454605 0.5124063 0.9745674 0.4203349 0.9628705 0.6233009 0.9574881 0.646845 0.941311 0.646845 0.9243821 0.6233009 0.9250436 0.646875 0.9084756 0.6233009 0.9243821 0.6233009 0.941311 0.646845 0.9250436 0.646875 0.8878182 0.5999072 0.8919978 0.6233009 0.8744676 0.6233009 0.8878182 0.5999072 0.8836386 0.5316806 0.9024017 0.5316806 0.8878182 0.5999072 0.8744676 0.6233009 0.869867 0.5999072 0.8878182 0.5999072 0.869867 0.5999072 0.8836386 0.5316806 0.9024017 0.5316806 0.8836386 0.5316806 0.9012891 0.5124063 0.9220367 0.5124063 0.9214955 0.4203349 0.9454605 0.5124063 0.9220367 0.5124063 0.9012891 0.5124063 0.9214955 0.4203349 0.9745674 0.4203349 0.9454605 0.5124063 0.9480765 0.4203349 0.9745674 0.4203349 0.9480765 0.4203349 0.9788973 0.4006698 0.9454605 0.5124063 0.9214955 0.4203349 0.9480765 0.4203349 0.9574881 0.646845 0.9464227 0.669066 0.941311 0.646845 0.9084756 0.6233009 0.9250436 0.646875 0.9105805 0.646845 0.9084756 0.6233009 0.8964781 0.646845 0.8919978 0.6233009 0.9084756 0.6233009 0.9105805 0.646845 0.8964781 0.646845 0.8744676 0.6233009 0.8919978 0.6233009 0.8810226 0.646845 0.8919978 0.6233009 0.8964781 0.646845 0.8810226 0.646845 0.869867 0.5999072 0.8631315 0.5316806 0.8836386 0.5316806 0.9012891 0.5124063 0.8955459 0.4203349 0.9214955 0.4203349 0.9012891 0.5124063 0.8836386 0.5316806 0.882526 0.5124063 0.9012891 0.5124063 0.882526 0.5124063 0.8955459 0.4203349 0.9788973 0.4006698 0.9480765 0.4203349 0.9496401 0.4006698 0.9464227 0.669066 0.9257954 0.669066 0.941311 0.646845 0.9464227 0.669066 0.9235402 0.6918583 0.9257954 0.669066 0.9250436 0.646875 0.9257954 0.669066 0.9105805 0.646845 0.9250436 0.646875 0.941311 0.646845 0.9257954 0.669066 0.8964781 0.646845 0.8919677 0.669066 0.8810226 0.646845 0.8964781 0.646845 0.9105805 0.646845 0.9077239 0.669066 0.8964781 0.646845 0.9077239 0.669066 0.8919677 0.669066 0.9105805 0.646845 0.9257954 0.669066 0.9077239 0.669066 0.8631315 0.5316806 0.8613274 0.5124063 0.8836386 0.5316806 0.8836386 0.5316806 0.8613274 0.5124063 0.882526 0.5124063 0.9214955 0.4203349 0.8955459 0.4203349 0.9214354 0.4006698 0.9214955 0.4203349 0.9214354 0.4006698 0.9480765 0.4203349 0.9480765 0.4203349 0.9214354 0.4006698 0.9496401 0.4006698 0.8919677 0.669066 0.9077239 0.669066 0.9110315 0.6918583 0.9257954 0.669066 0.9136776 0.6918583 0.9077239 0.669066 0.8613274 0.5124063 0.8505025 0.4203349 0.882526 0.5124063 0.8955459 0.4203349 0.8951851 0.4006698 0.9214354 0.4006698 0.8955459 0.4203349 0.882526 0.5124063 0.8762115 0.4203349 0.8955459 0.4203349 0.8762115 0.4203349 0.8951851 0.4006698 0.882526 0.5124063 0.8505025 0.4203349 0.8762115 0.4203349 0.8951851 0.4006698 0.8762115 0.4203349 0.8717312 0.4006698 0.8762115 0.4203349 0.8505025 0.4203349 0.8717312 0.4006698 0.8505025 0.4203349 0.8447593 0.4006698 0.8717312 0.4006698 0.2280735 0.0795927 0.1679055 0.1108946 0.1213887 0.05935627 0.2280735 0.0795927 0.3181303 0.1616511 0.1679055 0.1108946 0.2280735 0.0795927 0.1213887 0.05935627 0.1682662 0.01692885 0.2280735 0.0795927 0.1682662 0.01692885 0.3181303 0.04411125 0.2280735 0.0795927 0.3181303 0.04411125 0.3181303 0.06762522 0.2280735 0.0795927 0.3181303 0.06762522 0.2573307 0.07941234 0.2280735 0.0795927 0.2573307 0.07941234 0.2445514 0.08714002 0.3181303 0.1616511 0.2362223 0.1499543 0.1679055 0.1108946 0.3181303 0.1616511 0.4683251 0.1108946 0.4000083 0.1499543 0.3181303 0.1616511 0.408157 0.0795927 0.4683251 0.1108946 0.1213887 0.05935627 0.04302877 0.06440788 0.1682662 0.01692885 0.1213887 0.05935627 0.1679055 0.1108946 0.1246662 0.1292366 0.1213887 0.05935627 0.1246662 0.1292366 0.04302877 0.06440788 0.1246662 0.1292366 0.1679055 0.1108946 0.2362223 0.1499543 0.3181303 0.04411125 0.408157 0.0795927 0.3181303 0.06762522 0.3181303 0.04411125 0.4679643 0.01692885 0.408157 0.0795927 0.2573307 0.07941234 0.2549253 0.09694254 0.2445514 0.08714002 0.2573307 0.07941234 0.3181303 0.06762522 0.3759831 0.0838024 0.2573307 0.07941234 0.3181303 0.1560884 0.2549253 0.09694254 0.2573307 0.07941234 0.3759831 0.0838024 0.3181303 0.1560884 0.3181303 0.06762522 0.408157 0.0795927 0.3759831 0.0838024 0.4000083 0.1499543 0.4683251 0.1108946 0.5115945 0.1292366 0.4679643 0.01692885 0.5148419 0.05935627 0.408157 0.0795927 0.4679643 0.01692885 0.5932018 0.06440788 0.5148419 0.05935627 0.5148419 0.05935627 0.5115945 0.1292366 0.4683251 0.1108946 0.5148419 0.05935627 0.4683251 0.1108946 0.408157 0.0795927 0.5148419 0.05935627 0.5932018 0.06440788 0.5115945 0.1292366 0.2549253 0.09694254 0.3181303 0.1560884 0.3181303 0.1616511 0.2549253 0.09694254 0.3181303 0.1616511 0.2445514 0.08714002 0.3759831 0.0838024 0.408157 0.0795927 0.3916792 0.09153014 0.3759831 0.0838024 0.3783887 0.09694254 0.3181303 0.1560884 0.3759831 0.0838024 0.3916792 0.09153014 0.3783887 0.09694254 0.3181303 0.1560884 0.3783887 0.09694254 0.3181303 0.1616511 0.3181303 0.1616511 0.2280735 0.0795927 0.2445514 0.08714002 0.3181303 0.1616511 0.3783887 0.09694254 0.3916792 0.09153014 0.3181303 0.1616511 0.3916792 0.09153014 0.408157 0.0795927</float_array>
          <technique_common>
            <accessor source="#Skl_Root__EnAlienA00-mesh-map-0-array" count="2460" stride="2">
              <param name="S" type="float"/>
              <param name="T" type="float"/>
            </accessor>
          </technique_common>
        </source>
        <vertices id="Skl_Root__EnAlienA00-mesh-vertices">
          <input semantic="POSITION" source="#Skl_Root__EnAlienA00-mesh-positions"/>
        </vertices>
        <triangles material="EnAlienA00-material" count="820">
          <input semantic="VERTEX" source="#Skl_Root__EnAlienA00-mesh-vertices" offset="0"/>
          <input semantic="NORMAL" source="#Skl_Root__EnAlienA00-mesh-normals" offset="1"/>
          <input semantic="TEXCOORD" source="#Skl_Root__EnAlienA00-mesh-map-0" offset="2" set="0"/>
          <p>0 0 0 1 1 1 2 2 2 0 0 3 3 3 4 1 1 5 0 0 6 2 2 7 4 4 8 0 0 9 5 5 10 3 3 11 0 0 12 4 4 13 6 6 14 0 0 15 7 7 16 5 5 17 0 0 18 6 6 19 8 8 20 0 0 21 8 8 22 7 7 23 1 1 24 9 9 25 2 2 26 4 4 27 10 10 28 6 6 29 4 4 30 2 2 31 11 11 32 4 4 33 12 12 34 10 10 35 4 4 36 11 11 37 12 12 38 5 5 39 7 7 40 13 13 41 8 8 42 6 6 43 14 14 44 8 8 45 15 15 46 7 7 47 8 8 48 14 14 49 16 16 50 8 8 51 17 17 52 15 15 53 8 8 54 16 16 55 18 18 56 8 8 57 18 18 58 17 17 59 6 6 60 10 10 61 14 14 62 9 9 63 19 19 64 2 2 65 9 9 66 20 20 67 19 19 68 9 9 69 21 21 70 20 20 71 19 19 72 11 11 73 2 2 74 19 19 75 20 20 76 11 11 77 12 12 78 22 22 79 10 10 80 12 12 81 11 11 82 23 23 83 12 12 84 24 24 85 22 22 86 12 12 87 23 23 88 25 25 89 12 12 90 25 25 91 24 24 92 11 11 93 20 20 94 23 23 95 13 13 96 7 7 97 26 26 98 13 13 99 26 26 100 27 27 101 7 7 102 15 15 103 26 26 104 16 16 105 28 28 106 18 18 107 16 16 108 14 14 109 29 29 110 16 16 111 30 30 112 28 28 113 16 16 114 29 29 115 30 30 116 29 29 117 14 14 118 10 10 119 29 29 120 10 10 121 22 22 122 17 17 123 31 31 124 15 15 125 17 17 126 18 18 127 32 32 128 17 17 129 32 32 130 31 31 131 18 18 132 28 28 133 32 32 134 21 21 135 33 33 136 20 20 137 21 21 138 34 34 139 33 33 140 20 20 141 33 33 142 23 23 143 25 25 144 35 35 145 24 24 146 25 25 147 23 23 148 36 36 149 25 25 150 36 36 151 35 35 152 27 27 153 26 26 154 37 37 155 27 27 156 37 37 157 38 38 158 15 15 159 31 31 160 39 39 161 15 15 162 40 40 163 26 26 164 15 15 165 39 39 166 40 40 167 40 40 168 38 38 169 37 37 170 40 40 171 37 37 172 26 26 173 40 40 174 39 39 175 38 38 176 28 28 177 41 41 178 32 32 179 34 34 180 42 42 181 33 33 182 24 24 183 35 35 184 43 43 185 23 23 186 44 44 187 36 36 188 23 23 189 33 33 190 44 44 191 31 31 192 45 45 193 39 39 194 31 31 195 32 32 196 46 46 197 31 31 198 46 46 199 45 45 200 45 45 201 38 38 202 39 39 203 46 46 204 32 32 205 41 41 206 42 42 207 47 47 208 33 33 209 42 42 210 48 48 211 47 47 212 33 33 213 47 47 214 44 44 215 35 35 216 49 49 217 43 43 218 35 35 219 36 36 220 50 50 221 35 35 222 51 51 223 49 49 224 35 35 225 50 50 226 51 51 227 48 48 228 52 52 229 47 47 230 44 44 231 53 53 232 36 36 233 44 44 234 47 47 235 53 53 236 47 47 237 52 52 238 53 53 239 43 43 240 49 49 241 54 54 242 43 43 243 54 54 244 55 55 245 43 43 246 55 55 247 56 56 248 50 50 249 36 36 250 57 57 251 57 57 252 53 53 253 52 52 254 57 57 255 36 36 256 53 53 257 49 49 258 58 58 259 54 54 260 55 55 261 59 59 262 56 56 263 55 55 264 54 54 265 60 60 266 55 55 267 61 61 268 59 59 269 55 55 270 60 60 271 61 61 272 58 58 273 62 62 274 54 54 275 54 54 276 62 62 277 60 60 278 56 56 279 59 59 280 63 63 281 61 61 282 60 60 283 64 64 284 61 61 285 65 65 286 59 59 287 61 61 288 64 64 289 66 66 290 61 61 291 66 66 292 65 65 293 60 60 294 62 62 295 64 64 296 63 63 297 59 59 298 67 67 299 63 63 300 67 67 301 68 68 302 66 66 303 69 69 304 65 65 305 66 66 306 64 64 307 70 70 308 66 66 309 71 71 310 69 69 311 66 66 312 70 70 313 71 71 314 62 62 315 72 72 316 64 64 317 62 62 318 73 73 319 72 72 320 62 62 321 74 74 322 73 73 323 59 59 324 75 75 325 67 67 326 59 59 327 65 65 328 75 75 329 68 68 330 67 67 331 76 76 332 68 68 333 76 76 334 77 77 335 69 69 336 71 71 337 78 78 338 69 69 339 78 78 340 65 65 341 65 65 342 78 78 343 75 75 344 70 70 345 64 64 346 79 79 347 64 64 348 72 72 349 79 79 350 73 73 351 80 80 352 72 72 353 67 67 354 81 81 355 76 76 356 67 67 357 75 75 358 81 81 359 77 77 360 76 76 361 82 82 362 77 77 363 82 82 364 83 83 365 71 71 366 84 84 367 78 78 368 79 79 369 72 72 370 85 85 371 85 85 372 72 72 373 80 80 374 75 75 375 86 86 376 81 81 377 75 75 378 78 78 379 86 86 380 78 78 381 84 84 382 86 86 383 76 76 384 87 87 385 82 82 386 76 76 387 81 81 388 87 87 389 83 83 390 82 82 391 88 88 392 83 83 393 88 88 394 89 89 395 83 83 396 89 89 397 90 90 398 82 82 399 87 87 400 88 88 401 84 84 402 91 91 403 86 86 404 81 81 405 92 92 406 87 87 407 81 81 408 86 86 409 92 92 410 89 89 411 93 93 412 90 90 413 89 89 414 88 88 415 94 94 416 89 89 417 95 95 418 93 93 419 89 89 420 94 94 421 95 95 422 88 88 423 87 87 424 94 94 425 91 91 426 96 96 427 86 86 428 86 86 429 96 96 430 92 92 431 93 93 432 95 95 433 97 97 434 87 87 435 98 98 436 94 94 437 87 87 438 92 92 439 98 98 440 94 94 441 98 98 442 95 95 443 96 96 444 99 99 445 92 92 446 97 97 447 95 95 448 100 100 449 97 97 450 100 100 451 101 101 452 95 95 453 98 98 454 100 100 455 99 99 456 102 102 457 92 92 458 99 99 459 103 103 460 102 102 461 92 92 462 102 102 463 98 98 464 101 101 465 100 100 466 104 104 467 101 101 468 105 105 469 103 103 470 101 101 471 104 104 472 105 105 473 104 104 474 98 98 475 102 102 476 104 104 477 100 100 478 98 98 479 104 104 480 102 102 481 105 105 482 105 105 483 102 102 484 103 103 485 106 106 486 107 107 487 108 108 488 106 106 489 109 109 490 107 107 491 106 106 492 108 108 493 110 110 494 106 106 495 111 111 496 109 109 497 106 106 498 110 110 499 112 112 500 106 106 501 113 113 502 111 111 503 106 106 504 112 112 505 114 114 506 106 106 507 114 114 508 113 113 509 108 108 510 115 115 511 110 110 512 109 109 513 111 111 514 116 116 515 112 112 516 117 117 517 114 114 518 112 112 519 110 110 520 118 118 521 112 112 522 119 119 523 117 117 524 112 112 525 118 118 526 119 119 527 113 113 528 120 120 529 111 111 530 113 113 531 114 114 532 121 121 533 113 113 534 122 122 535 120 120 536 113 113 537 121 121 538 122 122 539 115 115 540 123 123 541 110 110 542 115 115 543 124 124 544 123 123 545 116 116 546 111 111 547 125 125 548 116 116 549 125 125 550 126 126 551 117 117 552 127 127 553 114 114 554 117 117 555 128 128 556 127 127 557 114 114 558 127 127 559 121 121 560 118 118 561 129 129 562 119 119 563 118 118 564 110 110 565 130 130 566 110 110 567 123 123 568 130 130 569 120 120 570 122 122 571 131 131 572 120 120 573 132 132 574 111 111 575 111 111 576 132 132 577 125 125 578 124 124 579 133 133 580 123 123 581 126 126 582 125 125 583 134 134 584 128 128 585 135 135 586 127 127 587 128 128 588 136 136 589 135 135 590 128 128 591 137 137 592 136 136 593 121 121 594 127 127 595 138 138 596 127 127 597 135 135 598 138 138 599 129 129 600 139 139 601 119 119 602 129 129 603 140 140 604 139 139 605 139 139 606 140 140 607 137 137 608 130 130 609 123 123 610 141 141 611 141 141 612 123 123 613 133 133 614 122 122 615 142 142 616 131 131 617 132 132 618 143 143 619 125 125 620 125 125 621 143 143 622 134 134 623 136 136 624 137 137 625 144 144 626 137 137 627 140 140 628 144 144 629 135 135 630 145 145 631 138 138 632 142 142 633 146 146 634 131 131 635 142 142 636 147 147 637 146 146 638 138 138 639 145 145 640 147 147 641 140 140 642 148 148 643 144 144 644 146 146 645 147 147 646 149 149 647 146 146 648 149 149 649 150 150 650 149 149 651 147 147 652 145 145 653 151 151 654 152 152 655 153 153 656 151 151 657 154 154 658 152 152 659 151 151 660 153 153 661 155 155 662 151 151 663 156 156 664 154 154 665 151 151 666 155 155 667 157 157 668 151 151 669 158 158 670 156 156 671 151 151 672 157 157 673 159 159 674 151 151 675 159 159 676 158 158 677 152 152 678 160 160 679 153 153 680 152 152 681 154 154 682 161 161 683 152 152 684 162 162 685 160 160 686 152 152 687 161 161 688 162 162 689 156 156 690 158 158 691 163 163 692 156 156 693 164 164 694 154 154 695 156 156 696 163 163 697 164 164 698 157 157 699 165 165 700 159 159 701 160 160 702 162 162 703 166 166 704 160 160 705 166 166 706 167 167 707 162 162 708 161 161 709 166 166 710 158 158 711 168 168 712 163 163 713 158 158 714 159 159 715 169 169 716 158 158 717 170 170 718 168 168 719 158 158 720 169 169 721 171 171 722 158 158 723 171 171 724 170 170 725 154 154 726 164 164 727 172 172 728 154 154 729 172 172 730 161 161 731 165 165 732 173 173 733 159 159 734 165 165 735 174 174 736 173 173 737 159 159 738 173 173 739 169 169 740 167 167 741 166 166 742 175 175 743 167 167 744 175 175 745 176 176 746 163 163 747 168 168 748 177 177 749 163 163 750 177 177 751 164 164 752 171 171 753 178 178 754 170 170 755 171 171 756 169 169 757 179 179 758 171 171 759 179 179 760 178 178 761 172 172 762 180 180 763 161 161 764 172 172 765 164 164 766 181 181 767 172 172 768 182 182 769 180 180 770 172 172 771 181 181 772 183 183 773 172 172 774 183 183 775 182 182 776 166 166 777 180 180 778 175 175 779 166 166 780 161 161 781 180 180 782 181 181 783 164 164 784 177 177 785 174 174 786 184 184 787 173 173 788 174 174 789 185 185 790 184 184 791 176 176 792 175 175 793 186 186 794 168 168 795 170 170 796 187 187 797 168 168 798 188 188 799 177 177 800 168 168 801 187 187 802 188 188 803 170 170 804 178 178 805 187 187 806 169 169 807 189 189 808 179 179 809 169 169 810 173 173 811 190 190 812 169 169 813 190 190 814 189 189 815 190 190 816 184 184 817 185 185 818 190 190 819 173 173 820 184 184 821 190 190 822 185 185 823 189 189 824 183 183 825 191 191 826 182 182 827 183 183 828 192 192 829 191 191 830 180 180 831 193 193 832 175 175 833 180 180 834 182 182 835 194 194 836 180 180 837 194 194 838 193 193 839 182 182 840 191 191 841 194 194 842 186 186 843 175 175 844 195 195 845 186 186 846 195 195 847 196 196 848 175 175 849 193 193 850 195 195 851 178 178 852 197 197 853 187 187 854 178 178 855 179 179 856 198 198 857 178 178 858 198 198 859 197 197 860 185 185 861 199 199 862 189 189 863 199 199 864 198 198 865 179 179 866 199 199 867 179 179 868 189 189 869 192 192 870 200 200 871 191 191 872 192 192 873 201 201 874 200 200 875 192 192 876 202 202 877 201 201 878 192 192 879 203 203 880 202 202 881 194 194 882 204 204 883 193 193 884 194 194 885 191 191 886 205 205 887 194 194 888 206 206 889 204 204 890 194 194 891 205 205 892 206 206 893 193 193 894 204 204 895 195 195 896 196 196 897 195 195 898 207 207 899 207 207 900 204 204 901 206 206 902 207 207 903 195 195 904 204 204 905 200 200 906 201 201 907 208 208 908 200 200 909 209 209 910 191 191 911 191 191 912 209 209 913 205 205 914 203 203 915 210 210 916 202 202 917 203 203 918 211 211 919 210 210 920 201 201 921 212 212 922 208 208 923 201 201 924 202 202 925 213 213 926 201 201 927 213 213 928 212 212 929 211 211 930 214 214 931 210 210 932 211 211 933 215 215 934 214 214 935 202 202 936 216 216 937 213 213 938 202 202 939 210 210 940 216 216 941 212 212 942 213 213 943 217 217 944 212 212 945 217 217 946 218 218 947 212 212 948 218 218 949 219 219 950 212 212 951 219 219 952 220 220 953 213 213 954 216 216 955 217 217 956 215 215 957 221 221 958 214 214 959 215 215 960 222 222 961 221 221 962 210 210 963 223 223 964 216 216 965 210 210 966 214 214 967 224 224 968 210 210 969 224 224 970 223 223 971 218 218 972 225 225 973 219 219 974 218 218 975 217 217 976 226 226 977 218 218 978 227 227 979 225 225 980 218 218 981 226 226 982 227 227 983 222 222 984 228 228 985 221 221 986 222 222 987 229 229 988 228 228 989 216 216 990 223 223 991 230 230 992 216 216 993 230 230 994 217 217 995 214 214 996 231 231 997 224 224 998 214 214 999 221 221 1000 231 231 1001 226 226 1002 217 217 1003 232 232 1004 217 217 1005 230 230 1006 232 232 1007 229 229 1008 233 233 1009 228 228 1010 229 229 1011 234 234 1012 233 233 1013 229 229 1014 235 235 1015 234 234 1016 223 223 1017 224 224 1018 236 236 1019 223 223 1020 237 237 1021 230 230 1022 223 223 1023 236 236 1024 237 237 1025 221 221 1026 238 238 1027 231 231 1028 221 221 1029 228 228 1030 238 238 1031 228 228 1032 233 233 1033 238 238 1034 232 232 1035 230 230 1036 239 239 1037 237 237 1038 236 236 1039 239 239 1040 237 237 1041 239 239 1042 230 230 1043 235 235 1044 240 240 1045 234 234 1046 224 224 1047 231 231 1048 241 241 1049 224 224 1050 241 241 1051 236 236 1052 233 233 1053 242 242 1054 238 238 1055 233 233 1056 234 234 1057 242 242 1058 239 239 1059 236 236 1060 243 243 1061 236 236 1062 241 241 1063 243 243 1064 240 240 1065 244 244 1066 234 234 1067 240 240 1068 245 245 1069 244 244 1070 234 234 1071 244 244 1072 242 242 1073 231 231 1074 238 238 1075 246 246 1076 231 231 1077 246 246 1078 241 241 1079 243 243 1080 241 241 1081 247 247 1082 245 245 1083 248 248 1084 244 244 1085 245 245 1086 249 249 1087 248 248 1088 242 242 1089 250 250 1090 238 238 1091 242 242 1092 244 244 1093 250 250 1094 244 244 1095 248 248 1096 250 250 1097 238 238 1098 250 250 1099 246 246 1100 241 241 1101 251 251 1102 247 247 1103 241 241 1104 246 246 1105 251 251 1106 249 249 1107 252 252 1108 248 248 1109 249 249 1110 253 253 1111 252 252 1112 249 249 1113 254 254 1114 253 253 1115 248 248 1116 252 252 1117 250 250 1118 246 246 1119 255 255 1120 251 251 1121 246 246 1122 250 250 1123 256 256 1124 246 246 1125 256 256 1126 255 255 1127 256 256 1128 253 253 1129 254 254 1130 256 256 1131 250 250 1132 252 252 1133 256 256 1134 254 254 1135 255 255 1136 256 256 1137 252 252 1138 253 253 1139 257 257 1140 258 258 1141 259 259 1142 257 257 1143 260 260 1144 258 258 1145 257 257 1146 259 259 1147 261 261 1148 257 257 1149 262 262 1150 260 260 1151 257 257 1152 261 261 1153 263 263 1154 257 257 1155 264 264 1156 262 262 1157 257 257 1158 263 263 1159 265 265 1160 257 257 1161 265 265 1162 264 264 1163 258 258 1164 266 266 1165 259 259 1166 258 258 1167 260 260 1168 267 267 1169 258 258 1170 268 268 1171 266 266 1172 258 258 1173 267 267 1174 268 268 1175 261 261 1176 269 269 1177 263 263 1178 261 261 1179 259 259 1180 270 270 1181 261 261 1182 270 270 1183 269 269 1184 265 265 1185 271 271 1186 264 264 1187 265 265 1188 263 263 1189 271 271 1190 266 266 1191 268 268 1192 272 272 1193 266 266 1194 273 273 1195 259 259 1196 266 266 1197 272 272 1198 273 273 1199 259 259 1200 273 273 1201 270 270 1202 267 267 1203 274 274 1204 268 268 1205 269 269 1206 275 275 1207 263 263 1208 269 269 1209 270 270 1210 276 276 1211 269 269 1212 277 277 1213 275 275 1214 269 269 1215 276 276 1216 277 277 1217 264 264 1218 271 271 1219 278 278 1220 272 272 1221 279 279 1222 273 273 1223 272 272 1224 268 268 1225 280 280 1226 272 272 1227 281 281 1228 279 279 1229 272 272 1230 280 280 1231 281 281 1232 268 268 1233 274 274 1234 280 280 1235 263 263 1236 275 275 1237 282 282 1238 263 263 1239 282 282 1240 271 271 1241 270 270 1242 283 283 1243 276 276 1244 270 270 1245 273 273 1246 283 283 1247 277 277 1248 284 284 1249 275 275 1250 277 277 1251 276 276 1252 285 285 1253 277 277 1254 286 286 1255 284 284 1256 277 277 1257 285 285 1258 286 286 1259 278 278 1260 271 271 1261 287 287 1262 279 279 1263 281 281 1264 288 288 1265 279 279 1266 289 289 1267 273 273 1268 279 279 1269 288 288 1270 290 290 1271 279 279 1272 290 290 1273 289 289 1274 273 273 1275 289 289 1276 283 283 1277 274 274 1278 291 291 1279 280 280 1280 282 282 1281 275 275 1282 292 292 1283 282 282 1284 293 293 1285 271 271 1286 282 282 1287 292 292 1288 293 293 1289 271 271 1290 293 293 1291 287 287 1292 275 275 1293 284 284 1294 292 292 1295 276 276 1296 294 294 1297 285 285 1298 276 276 1299 283 283 1300 294 294 1301 286 286 1302 295 295 1303 284 284 1304 281 281 1305 280 280 1306 296 296 1307 296 296 1308 280 280 1309 291 291 1310 288 288 1311 297 297 1312 290 290 1313 289 289 1314 298 298 1315 283 283 1316 289 289 1317 290 290 1318 299 299 1319 289 289 1320 299 299 1321 298 298 1322 290 290 1323 297 297 1324 299 299 1325 293 293 1326 300 300 1327 287 287 1328 293 293 1329 292 292 1330 301 301 1331 293 293 1332 301 301 1333 302 302 1334 284 284 1335 295 295 1336 301 301 1337 284 284 1338 301 301 1339 292 292 1340 294 294 1341 283 283 1342 303 303 1343 303 303 1344 283 283 1345 298 298 1346 297 297 1347 304 304 1348 299 299 1349 295 295 1350 305 305 1351 301 301 1352 306 306 1353 307 307 1354 308 308 1355 306 306 1356 309 309 1357 307 307 1358 306 306 1359 308 308 1360 310 310 1361 306 306 1362 311 311 1363 309 309 1364 306 306 1365 310 310 1366 312 312 1367 306 306 1368 313 313 1369 311 311 1370 306 306 1371 312 312 1372 314 314 1373 306 306 1374 314 314 1375 313 313 1376 307 307 1377 315 315 1378 308 308 1379 307 307 1380 309 309 1381 316 316 1382 307 307 1383 317 317 1384 315 315 1385 307 307 1386 316 316 1387 317 317 1388 310 310 1389 318 318 1390 312 312 1391 310 310 1392 308 308 1393 319 319 1394 310 310 1395 320 320 1396 318 318 1397 310 310 1398 319 319 1399 320 320 1400 311 311 1401 313 313 1402 321 321 1403 311 311 1404 322 322 1405 309 309 1406 311 311 1407 321 321 1408 323 323 1409 311 311 1410 323 323 1411 322 322 1412 309 309 1413 322 322 1414 316 316 1415 313 313 1416 314 314 1417 321 321 1418 315 315 1419 317 317 1420 324 324 1421 315 315 1422 325 325 1423 308 308 1424 315 315 1425 324 324 1426 325 325 1427 308 308 1428 325 325 1429 319 319 1430 312 312 1431 318 318 1432 326 326 1433 312 312 1434 326 326 1435 314 314 1436 320 320 1437 319 319 1438 327 327 1439 320 320 1440 328 328 1441 318 318 1442 320 320 1443 327 327 1444 329 329 1445 320 320 1446 329 329 1447 328 328 1448 319 319 1449 325 325 1450 327 327 1451 323 323 1452 330 330 1453 322 322 1454 323 323 1455 321 321 1456 331 331 1457 323 323 1458 332 332 1459 330 330 1460 323 323 1461 331 331 1462 332 332 1463 316 316 1464 333 333 1465 317 317 1466 316 316 1467 322 322 1468 334 334 1469 316 316 1470 334 334 1471 333 333 1472 322 322 1473 330 330 1474 334 334 1475 324 324 1476 335 335 1477 325 325 1478 324 324 1479 317 317 1480 336 336 1481 324 324 1482 336 336 1483 335 335 1484 317 317 1485 333 333 1486 336 336 1487 326 326 1488 337 337 1489 314 314 1490 326 326 1491 318 318 1492 338 338 1493 326 326 1494 339 339 1495 337 337 1496 326 326 1497 338 338 1498 339 339 1499 318 318 1500 328 328 1501 338 338 1502 314 314 1503 337 337 1504 321 321 1505 329 329 1506 327 327 1507 340 340 1508 329 329 1509 341 341 1510 328 328 1511 329 329 1512 340 340 1513 342 342 1514 329 329 1515 343 343 1516 341 341 1517 329 329 1518 342 342 1519 343 343 1520 340 340 1521 327 327 1522 325 325 1523 328 328 1524 341 341 1525 338 338 1526 331 331 1527 344 344 1528 332 332 1529 331 331 1530 321 321 1531 345 345 1532 331 331 1533 346 346 1534 344 344 1535 331 331 1536 345 345 1537 347 347 1538 331 331 1539 347 347 1540 346 346 1541 321 321 1542 337 337 1543 345 345 1544 330 330 1545 348 348 1546 334 334 1547 330 330 1548 332 332 1549 349 349 1550 330 330 1551 349 349 1552 348 348 1553 332 332 1554 344 344 1555 349 349 1556 335 335 1557 336 336 1558 350 350 1559 333 333 1560 334 334 1561 351 351 1562 333 333 1563 351 351 1564 336 336 1565 334 334 1566 348 348 1567 351 351 1568 339 339 1569 338 338 1570 352 352 1571 339 339 1572 353 353 1573 337 337 1574 339 339 1575 352 352 1576 354 354 1577 339 339 1578 354 354 1579 353 353 1580 337 337 1581 353 353 1582 345 345 1583 338 338 1584 341 341 1585 352 352 1586 343 343 1587 355 355 1588 341 341 1589 343 343 1590 356 356 1591 355 355 1592 347 347 1593 357 357 1594 346 346 1595 347 347 1596 345 345 1597 358 358 1598 347 347 1599 359 359 1600 357 357 1601 347 347 1602 358 358 1603 360 360 1604 347 347 1605 360 360 1606 359 359 1607 344 344 1608 361 361 1609 349 349 1610 344 344 1611 346 346 1612 362 362 1613 344 344 1614 362 362 1615 361 361 1616 350 350 1617 336 336 1618 363 363 1619 336 336 1620 351 351 1621 363 363 1622 348 348 1623 349 349 1624 364 364 1625 348 348 1626 365 365 1627 351 351 1628 348 348 1629 364 364 1630 365 365 1631 349 349 1632 361 361 1633 364 364 1634 354 354 1635 366 366 1636 353 353 1637 354 354 1638 352 352 1639 367 367 1640 354 354 1641 368 368 1642 366 366 1643 354 354 1644 367 367 1645 368 368 1646 345 345 1647 366 366 1648 358 358 1649 345 345 1650 353 353 1651 366 366 1652 341 341 1653 355 355 1654 369 369 1655 341 341 1656 369 369 1657 352 352 1658 352 352 1659 369 369 1660 367 367 1661 356 356 1662 370 370 1663 355 355 1664 355 355 1665 370 370 1666 369 369 1667 357 357 1668 371 371 1669 346 346 1670 357 357 1671 372 372 1672 371 371 1673 346 346 1674 371 371 1675 362 362 1676 360 360 1677 358 358 1678 373 373 1679 360 360 1680 373 373 1681 374 374 1682 363 363 1683 351 351 1684 375 375 1685 363 363 1686 375 375 1687 376 376 1688 351 351 1689 365 365 1690 375 375 1691 361 361 1692 377 377 1693 364 364 1694 361 361 1695 362 362 1696 378 378 1697 361 361 1698 378 378 1699 377 377 1700 364 364 1701 377 377 1702 365 365 1703 368 368 1704 379 379 1705 366 366 1706 368 368 1707 367 367 1708 380 380 1709 368 368 1710 381 381 1711 379 379 1712 368 368 1713 380 380 1714 381 381 1715 358 358 1716 379 379 1717 373 373 1718 358 358 1719 366 366 1720 379 379 1721 369 369 1722 370 370 1723 380 380 1724 369 369 1725 380 380 1726 367 367 1727 372 372 1728 382 382 1729 371 371 1730 362 362 1731 382 382 1732 378 378 1733 362 362 1734 371 371 1735 382 382 1736 374 374 1737 373 373 1738 383 383 1739 379 379 1740 381 381 1741 383 383 1742 379 379 1743 383 383 1744 373 373 1745 376 376 1746 375 375 1747 384 384 1748 365 365 1749 377 377 1750 384 384 1751 365 365 1752 384 384 1753 375 375 1754 370 370 1755 385 385 1756 380 380 1757 378 378 1758 382 382 1759 386 386 1760 378 378 1761 387 387 1762 377 377 1763 378 378 1764 386 386 1765 388 388 1766 378 378 1767 388 388 1768 387 387 1769 381 381 1770 389 389 1771 383 383 1772 381 381 1773 380 380 1774 390 390 1775 381 381 1776 391 391 1777 389 389 1778 381 381 1779 390 390 1780 391 391 1781 390 390 1782 380 380 1783 385 385 1784 384 384 1785 377 377 1786 392 392 1787 392 392 1788 377 377 1789 387 387 1790 386 386 1791 393 393 1792 388 388 1793 386 386 1794 394 394 1795 393 393 1796 389 389 1797 391 391 1798 395 395 1799 389 389 1800 395 395 1801 396 396 1802 397 397 1803 398 398 1804 399 399 1805 397 397 1806 400 400 1807 398 398 1808 397 397 1809 399 399 1810 401 401 1811 397 397 1812 402 402 1813 400 400 1814 397 397 1815 401 401 1816 403 403 1817 397 397 1818 404 404 1819 402 402 1820 397 397 1821 403 403 1822 405 405 1823 397 397 1824 405 405 1825 404 404 1826 398 398 1827 406 406 1828 399 399 1829 398 398 1830 400 400 1831 407 407 1832 398 398 1833 407 407 1834 406 406 1835 401 401 1836 408 408 1837 403 403 1838 401 401 1839 399 399 1840 409 409 1841 401 401 1842 409 409 1843 408 408 1844 402 402 1845 410 410 1846 400 400 1847 405 405 1848 411 411 1849 404 404 1850 405 405 1851 403 403 1852 412 412 1853 405 405 1854 412 412 1855 411 411 1856 403 403 1857 408 408 1858 412 412 1859 407 407 1860 413 413 1861 406 406 1862 407 407 1863 414 414 1864 413 413 1865 406 406 1866 413 413 1867 399 399 1868 409 409 1869 415 415 1870 408 408 1871 409 409 1872 399 399 1873 416 416 1874 409 409 1875 416 416 1876 415 415 1877 399 399 1878 413 413 1879 416 416 1880 404 404 1881 411 411 1882 417 417 1883 412 412 1884 408 408 1885 418 418 1886 412 412 1887 419 419 1888 411 411 1889 412 412 1890 418 418 1891 420 420 1892 412 412 1893 421 421 1894 419 419 1895 412 412 1896 420 420 1897 421 421 1898 415 415 1899 416 416 1900 422 422 1901 415 415 1902 423 423 1903 408 408 1904 408 408 1905 423 423 1906 418 418 1907 413 413 1908 424 424 1909 416 416 1910 416 416 1911 424 424 1912 422 422 1913 417 417 1914 411 411 1915 425 425 1916 411 411 1917 419 419 1918 425 425 1919 420 420 1920 426 426 1921 421 421 1922 420 420 1923 418 418 1924 427 427 1925 420 420 1926 428 428 1927 426 426 1928 420 420 1929 427 427 1930 428 428 1931 423 423 1932 429 429 1933 418 418 1934 418 418 1935 429 429 1936 427 427 1937 419 419 1938 430 430 1939 425 425 1940 419 419 1941 421 421 1942 431 431 1943 419 419 1944 432 432 1945 430 430 1946 419 419 1947 431 431 1948 433 433 1949 419 419 1950 433 433 1951 432 432 1952 421 421 1953 426 426 1954 431 431 1955 428 428 1956 434 434 1957 426 426 1958 433 433 1959 431 431 1960 435 435 1961 431 431 1962 426 426 1963 435 435 1964 434 434 1965 436 436 1966 426 426 1967 426 426 1968 436 436 1969 435 435 1970 437 437 1971 438 438 1972 439 439 1973 437 437 1974 440 440 1975 438 438 1976 437 437 1977 439 439 1978 441 441 1979 437 437 1980 442 442 1981 440 440 1982 437 437 1983 441 441 1984 443 443 1985 437 437 1986 444 444 1987 442 442 1988 437 437 1989 443 443 1990 445 445 1991 437 437 1992 445 445 1993 444 444 1994 438 438 1995 446 446 1996 439 439 1997 438 438 1998 440 440 1999 447 447 2000 438 438 2001 447 447 2002 446 446 2003 441 441 2004 448 448 2005 443 443 2006 441 441 2007 439 439 2008 449 449 2009 441 441 2010 450 450 2011 448 448 2012 441 441 2013 449 449 2014 451 451 2015 441 441 2016 451 451 2017 450 450 2018 439 439 2019 446 446 2020 449 449 2021 442 442 2022 452 452 2023 440 440 2024 442 442 2025 453 453 2026 452 452 2027 440 440 2028 452 452 2029 447 447 2030 445 445 2031 454 454 2032 444 444 2033 445 445 2034 443 443 2035 455 455 2036 448 448 2037 450 450 2038 455 455 2039 448 448 2040 455 455 2041 443 443 2042 451 451 2043 449 449 2044 456 456 2045 451 451 2046 457 424 2047 450 450 2048 451 451 2049 456 456 2050 458 457 2051 451 451 2052 458 457 2053 457 424 2054 449 449 2055 446 446 2056 456 456 2057 453 453 2058 459 458 2059 452 452 2060 447 447 2061 460 459 2062 446 446 2063 447 447 2064 452 452 2065 461 460 2066 447 447 2067 462 461 2068 460 459 2069 447 447 2070 461 460 2071 463 462 2072 447 447 2073 463 462 2074 462 461 2075 452 452 2076 459 458 2077 461 460 2078 455 455 2079 450 450 2080 464 463 2081 456 456 2082 446 446 2083 465 464 2084 446 446 2085 460 459 2086 465 464 2087 463 462 2088 466 465 2089 462 461 2090 463 462 2091 461 460 2092 467 466 2093 463 462 2094 467 466 2095 466 465 2096 459 458 2097 468 467 2098 461 460 2099 460 459 2100 469 468 2101 465 464 2102 460 459 2103 462 461 2104 470 469 2105 460 459 2106 470 469 2107 469 468 2108 467 466 2109 471 470 2110 466 465 2111 467 466 2112 461 460 2113 472 471 2114 467 466 2115 472 471 2116 471 470 2117 468 467 2118 473 472 2119 461 460 2120 461 460 2121 473 472 2122 472 471 2123 462 461 2124 474 473 2125 470 469 2126 462 461 2127 466 465 2128 474 473 2129 471 470 2130 475 474 2131 466 465 2132 474 473 2133 466 465 2134 476 475 2135 476 475 2136 466 465 2137 475 474 2138 477 476 2139 478 477 2140 479 478 2141 477 476 2142 480 479 2143 478 477 2144 477 476 2145 479 478 2146 481 480 2147 477 476 2148 482 481 2149 480 479 2150 477 476 2151 481 480 2152 483 482 2153 477 476 2154 484 483 2155 482 481 2156 477 476 2157 483 482 2158 485 484 2159 477 476 2160 485 484 2161 484 483 2162 478 477 2163 486 485 2164 479 478 2165 478 477 2166 480 479 2167 487 486 2168 478 477 2169 487 486 2170 486 485 2171 481 480 2172 488 487 2173 483 482 2174 481 480 2175 479 478 2176 489 488 2177 481 480 2178 490 489 2179 488 487 2180 481 480 2181 489 488 2182 490 489 2183 482 481 2184 484 483 2185 491 490 2186 482 481 2187 491 490 2188 480 479 2189 487 486 2190 492 491 2191 486 485 2192 487 486 2193 480 479 2194 493 492 2195 487 486 2196 494 493 2197 492 491 2198 487 486 2199 493 492 2200 494 493 2201 479 478 2202 495 494 2203 489 488 2204 479 478 2205 486 485 2206 495 494 2207 488 487 2208 490 489 2209 496 495 2210 484 483 2211 497 496 2212 491 490 2213 480 479 2214 498 497 2215 493 492 2216 480 479 2217 491 490 2218 498 497 2219 492 491 2220 494 493 2221 499 498 2222 492 491 2223 500 499 2224 486 485 2225 492 491 2226 499 498 2227 501 500 2228 492 491 2229 501 500 2230 500 499 2231 486 485 2232 500 499 2233 495 494 2234 489 488 2235 502 501 2236 490 489 2237 489 488 2238 495 494 2239 502 501 2240 496 495 2241 490 489 2242 503 502 2243 496 495 2244 503 502 2245 504 503 2246 490 489 2247 502 501 2248 503 502 2249 497 496 2250 505 504 2251 491 490 2252 493 492 2253 498 497 2254 506 505 2255 493 492 2256 507 506 2257 494 493 2258 493 492 2259 506 505 2260 507 506 2261 499 498 2262 494 493 2263 508 507 2264 494 493 2265 507 506 2266 508 507 2267 501 500 2268 509 508 2269 500 499 2270 495 494 2271 510 509 2272 502 501 2273 495 494 2274 500 499 2275 511 510 2276 495 494 2277 511 510 2278 510 509 2279 504 503 2280 503 502 2281 512 511 2282 505 504 2283 513 512 2284 491 490 2285 505 504 2286 514 513 2287 513 512 2288 498 497 2289 513 512 2290 506 505 2291 498 497 2292 491 490 2293 513 512 2294 507 506 2295 515 514 2296 508 507 2297 507 506 2298 506 505 2299 516 515 2300 507 506 2301 516 515 2302 515 514 2303 506 505 2304 513 512 2305 516 515 2306 509 508 2307 517 516 2308 500 499 2309 500 499 2310 517 516 2311 511 510 2312 502 501 2313 510 509 2314 518 517 2315 502 501 2316 518 517 2317 503 502 2318 503 502 2319 518 517 2320 512 511 2321 515 514 2322 516 515 2323 519 518 2324 513 512 2325 520 519 2326 516 515 2327 517 516 2328 521 520 2329 511 510 2330 510 509 2331 522 521 2332 518 517 2333 510 509 2334 511 510 2335 523 522 2336 510 509 2337 523 522 2338 522 521 2339 511 510 2340 521 520 2341 523 522 2342 522 521 2343 523 522 2344 524 523 2345 523 522 2346 521 520 2347 524 523 2348 521 520 2349 525 304 2350 524 523 2351 526 524 2352 527 525 2353 528 526 2354 526 524 2355 529 527 2356 527 525 2357 526 524 2358 528 526 2359 530 528 2360 526 524 2361 530 528 2362 531 529 2363 526 524 2364 531 529 2365 532 530 2366 526 524 2367 532 530 2368 533 531 2369 526 524 2370 533 531 2371 534 532 2372 529 527 2373 535 533 2374 527 525 2375 529 527 2376 536 534 2377 537 535 2378 529 527 2379 538 536 2380 536 534 2381 528 526 2382 539 537 2383 530 528 2384 528 526 2385 527 525 2386 540 538 2387 528 526 2388 540 538 2389 539 537 2390 540 538 2391 527 525 2392 535 533 2393 531 529 2394 538 536 2395 532 530 2396 531 529 2397 541 539 2398 538 536 2399 533 531 2400 542 540 2401 534 532 2402 533 531 2403 532 530 2404 543 541 2405 533 531 2406 544 542 2407 542 540 2408 533 531 2409 543 541 2410 544 542 2411 532 530 2412 538 536 2413 543 541 2414 537 535 2415 536 534 2416 545 543 2417 541 539 2418 546 544 2419 538 536 2420 541 539 2421 547 545 2422 546 544 2423 546 544 2424 545 543 2425 536 534 2426 546 544 2427 536 534 2428 538 536 2429 546 544 2430 547 545 2431 545 543 2432 542 540 2433 544 542 2434 548 546 2435 542 540 2436 549 547 2437 550 548 2438 543 541 2439 538 536 2440 551 549 2441 543 541 2442 552 550 2443 544 542 2444 543 541 2445 551 549 2446 552 550 2447 544 542 2448 552 550 2449 548 546 2450 549 547 2451 553 551 2452 550 548 2453 549 547 2454 552 550 2455 554 552 2456 549 547 2457 554 552 2458 555 553 2459</p>
        </triangles>
      </mesh>
    </geometry>
  </library_geometries>
  <library_controllers>
    <controller id="Armature_Shadow__EnShadow-skin" name="Armature">
      <skin source="#Shadow__EnShadow-mesh">
        <bind_shape_matrix>1 0 0 0 0 1 0 0 0 0 1 0 0 0 0 1</bind_shape_matrix>
        <source id="Armature_Shadow__EnShadow-skin-joints">
          <Name_array id="Armature_Shadow__EnShadow-skin-joints-array" count="1">Shadow</Name_array>
          <technique_common>
            <accessor source="#Armature_Shadow__EnShadow-skin-joints-array" count="1" stride="1">
              <param name="JOINT" type="name"/>
            </accessor>
          </technique_common>
        </source>
        <source id="Armature_Shadow__EnShadow-skin-bind_poses">
          <float_array id="Armature_Shadow__EnShadow-skin-bind_poses-array" count="16">1 0 0 0 0 -1.62921e-7 1 0 0 -1 -1.62921e-7 0 0 0 0 1</float_array>
          <technique_common>
            <accessor source="#Armature_Shadow__EnShadow-skin-bind_poses-array" count="1" stride="16">
              <param name="TRANSFORM" type="float4x4"/>
            </accessor>
          </technique_common>
        </source>
        <source id="Armature_Shadow__EnShadow-skin-weights">
          <float_array id="Armature_Shadow__EnShadow-skin-weights-array" count="4">1 1 1 1</float_array>
          <technique_common>
            <accessor source="#Armature_Shadow__EnShadow-skin-weights-array" count="4" stride="1">
              <param name="WEIGHT" type="float"/>
            </accessor>
          </technique_common>
        </source>
        <joints>
          <input semantic="JOINT" source="#Armature_Shadow__EnShadow-skin-joints"/>
          <input semantic="INV_BIND_MATRIX" source="#Armature_Shadow__EnShadow-skin-bind_poses"/>
        </joints>
        <vertex_weights count="4">
          <input semantic="JOINT" source="#Armature_Shadow__EnShadow-skin-joints" offset="0"/>
          <input semantic="WEIGHT" source="#Armature_Shadow__EnShadow-skin-weights" offset="1"/>
          <vcount>1 1 1 1 </vcount>
          <v>0 0 0 1 0 2 0 3</v>
        </vertex_weights>
      </skin>
    </controller>
    <controller id="Armature_Gun__EnAlienA01-skin" name="Armature">
      <skin source="#Gun__EnAlienA01-mesh">
        <bind_shape_matrix>1 0 0 0 0 1 0 0 0 0 1 0 0 0 0 1</bind_shape_matrix>
        <source id="Armature_Gun__EnAlienA01-skin-joints">
          <Name_array id="Armature_Gun__EnAlienA01-skin-joints-array" count="1">Gun</Name_array>
          <technique_common>
            <accessor source="#Armature_Gun__EnAlienA01-skin-joints-array" count="1" stride="1">
              <param name="JOINT" type="name"/>
            </accessor>
          </technique_common>
        </source>
        <source id="Armature_Gun__EnAlienA01-skin-bind_poses">
          <float_array id="Armature_Gun__EnAlienA01-skin-bind_poses-array" count="16">1 0 0 0 0 -1.62921e-7 1 7.243581 0 -1 -1.62921e-7 0.147818 0 0 0 1</float_array>
          <technique_common>
            <accessor source="#Armature_Gun__EnAlienA01-skin-bind_poses-array" count="1" stride="16">
              <param name="TRANSFORM" type="float4x4"/>
            </accessor>
          </technique_common>
        </source>
        <source id="Armature_Gun__EnAlienA01-skin-weights">
          <float_array id="Armature_Gun__EnAlienA01-skin-weights-array" count="87">1 1 1 1 1 1 1 1 1 1 1 1 1 1 1 1 1 1 1 1 1 1 1 1 1 1 1 1 1 1 1 1 1 1 1 1 1 1 1 1 1 1 1 1 1 1 1 1 1 1 1 1 1 1 1 1 1 1 1 1 1 1 1 1 1 1 1 1 1 1 1 1 1 1 1 1 1 1 1 1 1 1 1 1 1 1 1</float_array>
          <technique_common>
            <accessor source="#Armature_Gun__EnAlienA01-skin-weights-array" count="87" stride="1">
              <param name="WEIGHT" type="float"/>
            </accessor>
          </technique_common>
        </source>
        <joints>
          <input semantic="JOINT" source="#Armature_Gun__EnAlienA01-skin-joints"/>
          <input semantic="INV_BIND_MATRIX" source="#Armature_Gun__EnAlienA01-skin-bind_poses"/>
        </joints>
        <vertex_weights count="87">
          <input semantic="JOINT" source="#Armature_Gun__EnAlienA01-skin-joints" offset="0"/>
          <input semantic="WEIGHT" source="#Armature_Gun__EnAlienA01-skin-weights" offset="1"/>
          <vcount>1 1 1 1 1 1 1 1 1 1 1 1 1 1 1 1 1 1 1 1 1 1 1 1 1 1 1 1 1 1 1 1 1 1 1 1 1 1 1 1 1 1 1 1 1 1 1 1 1 1 1 1 1 1 1 1 1 1 1 1 1 1 1 1 1 1 1 1 1 1 1 1 1 1 1 1 1 1 1 1 1 1 1 1 1 1 1 </vcount>
          <v>0 0 0 1 0 2 0 3 0 4 0 5 0 6 0 7 0 8 0 9 0 10 0 11 0 12 0 13 0 14 0 15 0 16 0 17 0 18 0 19 0 20 0 21 0 22 0 23 0 24 0 25 0 26 0 27 0 28 0 29 0 30 0 31 0 32 0 33 0 34 0 35 0 36 0 37 0 38 0 39 0 40 0 41 0 42 0 43 0 44 0 45 0 46 0 47 0 48 0 49 0 50 0 51 0 52 0 53 0 54 0 55 0 56 0 57 0 58 0 59 0 60 0 61 0 62 0 63 0 64 0 65 0 66 0 67 0 68 0 69 0 70 0 71 0 72 0 73 0 74 0 75 0 76 0 77 0 78 0 79 0 80 0 81 0 82 0 83 0 84 0 85 0 86</v>
        </vertex_weights>
      </skin>
    </controller>
    <controller id="Armature_Eye__EnFace01-skin" name="Armature">
      <skin source="#Eye__EnFace01-mesh">
        <bind_shape_matrix>1 0 0 0 0 1 0 0 0 0 1 0 0 0 0 1</bind_shape_matrix>
        <source id="Armature_Eye__EnFace01-skin-joints">
          <Name_array id="Armature_Eye__EnFace01-skin-joints-array" count="1">Eye</Name_array>
          <technique_common>
            <accessor source="#Armature_Eye__EnFace01-skin-joints-array" count="1" stride="1">
              <param name="JOINT" type="name"/>
            </accessor>
          </technique_common>
        </source>
        <source id="Armature_Eye__EnFace01-skin-bind_poses">
          <float_array id="Armature_Eye__EnFace01-skin-bind_poses-array" count="16">0 -1 -1.62921e-7 -4.737761 0 -1.62921e-7 1 -14.11113 -1 0 0 3.88895e-5 0 0 0 1</float_array>
          <technique_common>
            <accessor source="#Armature_Eye__EnFace01-skin-bind_poses-array" count="1" stride="16">
              <param name="TRANSFORM" type="float4x4"/>
            </accessor>
          </technique_common>
        </source>
        <source id="Armature_Eye__EnFace01-skin-weights">
          <float_array id="Armature_Eye__EnFace01-skin-weights-array" count="16">1 1 1 1 1 1 1 1 1 1 1 1 1 1 1 1</float_array>
          <technique_common>
            <accessor source="#Armature_Eye__EnFace01-skin-weights-array" count="16" stride="1">
              <param name="WEIGHT" type="float"/>
            </accessor>
          </technique_common>
        </source>
        <joints>
          <input semantic="JOINT" source="#Armature_Eye__EnFace01-skin-joints"/>
          <input semantic="INV_BIND_MATRIX" source="#Armature_Eye__EnFace01-skin-bind_poses"/>
        </joints>
        <vertex_weights count="16">
          <input semantic="JOINT" source="#Armature_Eye__EnFace01-skin-joints" offset="0"/>
          <input semantic="WEIGHT" source="#Armature_Eye__EnFace01-skin-weights" offset="1"/>
          <vcount>1 1 1 1 1 1 1 1 1 1 1 1 1 1 1 1 </vcount>
          <v>0 0 0 1 0 2 0 3 0 4 0 5 0 6 0 7 0 8 0 9 0 10 0 11 0 12 0 13 0 14 0 15</v>
        </vertex_weights>
      </skin>
    </controller>
    <controller id="Armature_Eye__EnFace00-skin" name="Armature">
      <skin source="#Eye__EnFace00-mesh">
        <bind_shape_matrix>1 0 0 0 0 1 0 0 0 0 1 0 0 0 0 1</bind_shape_matrix>
        <source id="Armature_Eye__EnFace00-skin-joints">
          <Name_array id="Armature_Eye__EnFace00-skin-joints-array" count="1">Eye</Name_array>
          <technique_common>
            <accessor source="#Armature_Eye__EnFace00-skin-joints-array" count="1" stride="1">
              <param name="JOINT" type="name"/>
            </accessor>
          </technique_common>
        </source>
        <source id="Armature_Eye__EnFace00-skin-bind_poses">
          <float_array id="Armature_Eye__EnFace00-skin-bind_poses-array" count="16">0 -1 -1.62921e-7 -4.737761 0 -1.62921e-7 1 -14.11113 -1 0 0 3.88895e-5 0 0 0 1</float_array>
          <technique_common>
            <accessor source="#Armature_Eye__EnFace00-skin-bind_poses-array" count="1" stride="16">
              <param name="TRANSFORM" type="float4x4"/>
            </accessor>
          </technique_common>
        </source>
        <source id="Armature_Eye__EnFace00-skin-weights">
          <float_array id="Armature_Eye__EnFace00-skin-weights-array" count="12">1 1 1 1 1 1 1 1 1 1 1 1</float_array>
          <technique_common>
            <accessor source="#Armature_Eye__EnFace00-skin-weights-array" count="12" stride="1">
              <param name="WEIGHT" type="float"/>
            </accessor>
          </technique_common>
        </source>
        <joints>
          <input semantic="JOINT" source="#Armature_Eye__EnFace00-skin-joints"/>
          <input semantic="INV_BIND_MATRIX" source="#Armature_Eye__EnFace00-skin-bind_poses"/>
        </joints>
        <vertex_weights count="12">
          <input semantic="JOINT" source="#Armature_Eye__EnFace00-skin-joints" offset="0"/>
          <input semantic="WEIGHT" source="#Armature_Eye__EnFace00-skin-weights" offset="1"/>
          <vcount>1 1 1 1 1 1 1 1 1 1 1 1 </vcount>
          <v>0 0 0 1 0 2 0 3 0 4 0 5 0 6 0 7 0 8 0 9 0 10 0 11</v>
        </vertex_weights>
      </skin>
    </controller>
    <controller id="Armature_Skl_Root__EnAlienA00-skin" name="Armature">
      <skin source="#Skl_Root__EnAlienA00-mesh">
        <bind_shape_matrix>1 0 0 0 0 1 0 0 0 0 1 0 0 0 0 1</bind_shape_matrix>
        <source id="Armature_Skl_Root__EnAlienA00-skin-joints">
          <Name_array id="Armature_Skl_Root__EnAlienA00-skin-joints-array" count="20">Leg_2_L Leg_3_L Leg_1_L Waist Spine Leg_1_R Head_1 Tail_1_L Tail_1_R Leg_2_R Leg_3_R Arm_2_L Hand_L Arm_1_L Head_2 Tail_2_R Tail_2_L Arm_2_R Hand_R Arm_1_R</Name_array>
          <technique_common>
            <accessor source="#Armature_Skl_Root__EnAlienA00-skin-joints-array" count="20" stride="1">
              <param name="JOINT" type="name"/>
            </accessor>
          </technique_common>
        </source>
        <source id="Armature_Skl_Root__EnAlienA00-skin-bind_poses">
          <float_array id="Armature_Skl_Root__EnAlienA00-skin-bind_poses-array" count="320">1 0 0 -1.675911 0 -1.62921e-7 1 -3.385221 0 -1 -1.62921e-7 -1.33868 0 0 0 1 1 0 0 -1.365073 0 -1.62921e-7 1 -0.4730435 0 -1 -1.62921e-7 -1.33868 0 0 0 1 1 0 0 -1.037056 0 -1.62921e-7 1 -5.572096 0 -1 -1.62921e-7 -1.33868 0 0 0 1 1 0 0 0 0 -1.62921e-7 1 -6.864851 0 -1 -1.62921e-7 -1.33868 0 0 0 1 1 0 0 -8.45264e-6 0 -1.62921e-7 1 -9.199842 0 -1 -1.62921e-7 -1.33868 0 0 0 1 -1 3.48886e-6 0 -1.03706 0 -1.62921e-7 1 -5.572104 3.48886e-6 1 1.62921e-7 1.338681 0 0 0 1 1 0 0 -2.09062e-5 0 -1.62921e-7 1 -11.22311 0 -1 -1.62921e-7 -1.33868 0 0 0 1 -5.88497e-6 1 1.62921e-7 -0.1396753 0 -1.62921e-7 1 -5.889991 1 5.88497e-6 0 -0.6808493 0 0 0 1 2.81731e-6 1 1.62921e-7 -0.1396776 0 -1.62921e-7 1 -5.889998 1 -2.81731e-6 0 0.6808559 0 0 0 1 -1 3.01202e-6 0 -1.675949 0 -1.62921e-7 1 -3.385237 3.01202e-6 1 1.62921e-7 1.338682 0 0 0 1 -1 -7.81139e-5 0 -1.365253 0 -1.62921e-7 1 -0.4730463 -7.81139e-5 1 1.62921e-7 1.338574 0 0 0 1 1 0 0 -3.340811 0 -1.62921e-7 1 -10.03818 0 -1 -1.62921e-7 -1.33868 0 0 0 1 1 0 0 -5.340811 0 -1.62921e-7 1 -10.03816 0 -1 -1.62921e-7 -1.33868 0 0 0 1 1 0 0 -0.7600007 0 -1.62921e-7 1 -10.0382 0 -1 -1.62921e-7 -1.33868 0 0 0 1 1 0 0 -4.06277e-5 0 -1.62921e-7 1 -14.42717 0 -1 -1.62921e-7 -1.33868 0 0 0 1 3.71174e-4 1 1.62921e-7 -1.237513 0 -1.62921e-7 1 -0.4293413 1 -3.71174e-4 0 0.6813481 0 0 0 1 -3.50078e-6 1 1.62921e-7 -1.237764 0 -1.62921e-7 1 -0.4293328 1 3.50078e-6 0 -0.6808331 0 0 0 1 -1 0 0 -3.340784 0 -1.62921e-7 1 -10.03824 0 1 1.62921e-7 1.338676 0 0 0 1 -1 0 0 -5.340783 0 -1.62921e-7 1 -10.03826 0 1 1.62921e-7 1.338676 0 0 0 1 -1 -1.50996e-7 0 -0.7599737 0 -1.62921e-7 1 -10.03821 -1.50996e-7 1 1.62921e-7 1.338678 0 0 0 1</float_array>
          <technique_common>
            <accessor source="#Armature_Skl_Root__EnAlienA00-skin-bind_poses-array" count="20" stride="16">
              <param name="TRANSFORM" type="float4x4"/>
            </accessor>
          </technique_common>
        </source>
        <source id="Armature_Skl_Root__EnAlienA00-skin-weights">
          <float_array id="Armature_Skl_Root__EnAlienA00-skin-weights-array" count="925">0.5 0.5 0.8 0.2 0.7 0.2 0.1 0.5 0.5 0.8 0.2 1 0.5 0.5 1 1 0.8 0.2 0.6 0.4 1 0.9 0.1 1 0.2 0.8 1 1 1 1 0.8 0.2 0.3 0.7 0.3 0.7 0.9 0.1 0.2 0.8 0.2 0.7 0.1 0.1 0.7 0.2 1 1 1 0.5 0.5 1 1 1 0.8 0.2 0.8 0.2 0.2 0.8 0.2 0.8 1 1 1 1 1 0.4 0.6 0.4 0.6 0.8 0.2 1 1 0.4 0.6 0.1 0.7 0.2 1 1 1 0.1 0.7 0.2 0.4 0.6 0.5 0.5 0.2 0.7 0.1 0.2 0.7 0.1 0.9 0.1 1 0.9 0.1 0.8 0.2 0.2 0.8 1 0.9 0.1 0.8 0.2 1 0.3 0.7 0.6 0.4 0.5 0.5 0.8 0.2 0.3 0.7 0.8 0.2 0.4 0.6 0.1 0.9 1 0.8 0.2 0.2 0.8 1 0.7 0.2 0.1 0.8 0.2 0.1 0.7 0.2 0.5 0.5 1 1 0.8 0.2 0.4 0.6 0.5 0.5 1 1 1 1 0.5 0.5 1 1 1 1 1 1 1 1 1 1 1 1 1 1 0.6 0.4 0.9 0.1 0.1 0.7 0.2 0.7 0.2 0.1 0.6 0.4 0.6 0.4 0.4 0.6 0.4 0.6 0.4 0.6 0.1 0.7 0.2 0.7 0.2 0.1 1 0.4 0.6 1 0.4 0.6 1 1 0.8 0.2 0.1 0.9 0.8 0.2 0.9 0.1 1 1 1 0.7 0.3 1 0.7 0.3 1 1 1 1 1 1 1 0.9 0.1 0.8 0.1 0.1 1 0.8 0.1 0.1 1 1 0.9 0.1 1 1 1 1 0.5 0.5 0.1 0.7 0.2 0.8 0.2 0.8 0.2 0.5 0.5 0.5 0.5 1 1 1 0.2 0.8 1 0.2 0.8 0.2 0.8 0.6 0.4 1 0.7 0.3 0.7 0.3 1 1 1 1 0.9 0.1 1 1 0.2 0.8 0.2 0.8 0.5 0.5 1 1 0.8 0.2 0.9 0.1 0.2 0.7 0.1 0.1 0.7 0.2 1 1 0.6 0.4 1 1 1 1 0.8 0.2 0.6 0.4 0.2 0.8 0.8 0.2 0.6 0.4 0.7 0.2 0.1 1 1 1 1 0.5 0.5 0.1 0.7 0.2 0.1 0.7 0.2 0.6 0.4 1 0.9 0.1 0.7 0.2 0.1 1 1 0.9 0.1 0.9 0.1 1 0.2 0.8 0.6 0.4 0.5 0.5 0.8 0.2 0.2 0.8 0.6 0.4 0.9 0.1 1 0.2 0.8 1 1 0.8 0.2 0.7 0.2 0.1 0.2 0.8 0.6 0.4 1 1 0.7 0.3 0.5 0.5 0.7 0.3 1 1 1 0.1 0.7 0.2 0.2 0.8 1 0.2 0.8 1 0.5 0.5 1 0.8 0.2 1 1 1 0.5 0.5 1 1 1 1 1 1 1 1 1 0.9 0.1 0.8 0.2 0.9 0.1 0.8 0.2 0.9 0.1 0.9 0.1 0.8 0.2 0.8 0.2 0.8 0.2 0.1 0.9 1 1 0.9 0.1 0.8 0.2 0.5 0.5 0.2 0.8 1 0.2 0.8 0.5 0.5 0.9 0.1 0.5 0.5 0.5 0.5 0.2 0.8 0.2 0.8 1 0.5 0.5 0.8 0.2 0.4 0.6 0.8 0.2 0.5 0.5 0.2 0.8 1 1 0.2 0.8 1 0.4 0.6 0.2 0.8 0.9 0.1 0.2 0.8 1 1 1 0.2 0.8 1 1 1 0.8 0.2 1 1 1 0.2 0.8 0.2 0.8 0.1 0.9 0.2 0.8 0.1 0.9 0.1 0.9 0.1 0.9 0.1 0.9 0.3 0.7 0.3 0.7 0.4 0.6 0.3 0.7 0.3 0.7 0.4 0.6 0.3 0.7 0.3 0.7 0.3 0.7 0.5 0.5 0.3 0.7 0.3 0.7 0.5 0.5 0.5 0.5 0.6 0.4 0.5 0.5 0.5 0.5 0.5 0.5 0.5 0.5 0.5 0.5 0.5 0.5 0.6 0.4 0.3 0.7 0.5 0.5 0.5 0.5 0.5 0.5 0.7 0.3 0.6 0.4 0.7 0.3 0.7 0.3 0.5 0.5 0.7 0.3 0.7 0.3 0.7 0.3 0.7 0.3 0.6 0.4 0.7 0.3 0.7 0.3 0.5 0.5 0.7 0.3 0.8 0.2 0.9 0.1 0.9 0.1 0.7 0.3 0.9 0.1 0.9 0.1 0.9 0.1 0.9 0.1 0.7 0.3 0.9 0.1 0.9 0.1 0.7 0.3 0.9 0.1 0.9 0.1 0.9 0.1 1 0.9 0.1 1 0.9 0.1 1 0.8 0.2 0.9 0.1 1 1 0.9 0.1 1 1 1 1 1 1 1 1 1 1 1 1 1 1 1 1 1 0.2 0.8 0.3 0.7 0.3 0.7 1 0.2 0.8 0.2 0.8 0.9 0.1 0.9 0.1 0.9 0.1 0.5 0.5 1 0.9 0.1 0.2 0.8 1 0.8 0.2 0.8 0.2 0.6 0.2 0.2 0.8 0.1 0.1 0.2 0.8 1 0.8 0.2 0.8 0.2 0.5 0.5 0.3 0.7 0.5 0.5 1 0.9 0.1 1 0.5 0.5 1 0.5 0.5 0.3 0.7 0.8 0.2 0.3 0.7 0.1 0.9 0.1 0.9 0.1 0.9 0.1 0.9 1 0.1 0.9 0.2 0.8 0.9 0.1 0.2 0.8 0.9 0.1 0.3 0.7 0.9 0.1 0.3 0.7 0.2 0.8 1 0.9 0.1 0.8 0.2 0.5 0.5 0.2 0.8 0.6 0.2 0.2 1 0.8 0.2 0.8 0.2 1 1 0.2 0.8 1 1 0.5 0.5 0.8 0.2 0.5 0.5 0.3 0.7 0.5 0.5 0.8 0.1 0.1 0.9 0.1 1 0.1 0.9 0.3 0.7 0.8 0.2 0.5 0.5 1 0.1 0.9 0.1 0.9 0.3 0.7 0.1 0.9 0.1 0.9 0.9 0.1 0.9 0.1 0.9 0.1 0.8 0.2 0.8 0.2 0.8 0.2 0.8 0.2 0.8 0.2 0.9 0.1 0.8 0.2 0.9 0.1 1 0.1 0.9 1 0.5 0.5 0.9 0.1 0.5 0.5 0.5 0.5 1 0.2 0.8 0.5 0.5 0.5 0.5 0.8 0.2 0.8 0.2 0.9 0.1 0.2 0.8 0.2 0.8 1 0.2 0.8 0.4 0.6 0.4 0.6 0.5 0.5 0.8 0.2 0.2 0.8 1 1 0.2 0.8 1 0.2 0.8 1 1 1 1 1 0.2 0.8 1 0.2 0.8 1 1 1 1 1 0.9 0.1 1 1 1 1 1 0.9 0.1 1 0.9 0.1 1 1 1 1 1 1 0.9 0.1 1 1 1 0.9 0.1 0.9 0.1 1 1 1 1 1 1</float_array>
          <technique_common>
            <accessor source="#Armature_Skl_Root__EnAlienA00-skin-weights-array" count="925" stride="1">
              <param name="WEIGHT" type="float"/>
            </accessor>
          </technique_common>
        </source>
        <joints>
          <input semantic="JOINT" source="#Armature_Skl_Root__EnAlienA00-skin-joints"/>
          <input semantic="INV_BIND_MATRIX" source="#Armature_Skl_Root__EnAlienA00-skin-bind_poses"/>
        </joints>
        <vertex_weights count="556">
          <input semantic="JOINT" source="#Armature_Skl_Root__EnAlienA00-skin-joints" offset="0"/>
          <input semantic="WEIGHT" source="#Armature_Skl_Root__EnAlienA00-skin-weights" offset="1"/>
          <vcount>2 2 3 2 2 1 2 1 1 2 2 1 2 1 2 1 1 1 1 2 2 2 2 2 3 3 1 1 1 2 1 1 1 2 2 2 2 1 1 1 1 1 2 2 2 1 1 2 3 1 1 1 3 2 2 3 3 2 1 2 2 2 1 2 2 1 2 2 2 2 2 2 2 2 1 2 2 1 3 2 3 2 1 1 2 2 2 1 1 1 1 2 1 1 1 1 1 1 1 1 1 1 1 1 1 1 2 2 3 3 2 2 2 2 2 3 3 1 2 1 2 1 1 2 2 2 2 1 1 1 2 1 2 1 1 1 1 1 1 1 2 3 1 3 1 1 2 1 1 1 1 2 3 2 2 2 2 1 1 1 2 1 2 2 2 1 2 2 1 1 1 1 2 1 1 2 2 2 1 1 2 2 3 3 1 1 2 1 1 1 1 2 2 2 2 2 3 1 1 1 1 2 3 3 2 1 2 3 1 1 2 2 1 2 2 2 2 2 2 2 1 2 1 1 2 3 2 2 1 1 2 2 2 1 1 1 3 2 1 2 1 2 1 2 1 1 1 2 1 1 1 1 1 1 1 1 1 2 2 2 2 2 2 2 2 2 2 1 1 2 2 2 2 1 2 2 2 2 2 2 2 1 2 2 2 2 2 2 1 1 2 1 2 2 2 2 1 1 1 2 1 1 1 2 1 1 1 2 2 2 2 2 2 2 2 2 2 2 2 2 2 2 2 2 2 2 2 2 2 2 2 2 2 2 2 2 2 2 2 2 2 2 2 2 2 2 2 2 2 2 2 2 2 2 2 2 2 2 2 2 2 2 2 2 2 2 2 2 2 2 1 2 1 2 1 2 2 1 1 2 1 1 1 1 1 1 1 1 1 1 1 1 1 1 1 1 1 2 2 2 1 2 2 2 2 2 2 1 2 2 1 2 2 3 3 2 1 2 2 2 2 2 1 2 1 2 1 2 2 2 2 2 2 2 2 1 2 2 2 2 2 2 2 2 2 1 2 2 2 2 3 1 2 2 1 1 2 1 1 2 2 2 2 2 3 2 1 2 2 2 2 1 2 2 2 2 2 2 2 2 2 2 2 2 2 2 2 2 1 2 1 2 2 2 2 1 2 2 2 2 2 2 2 2 1 2 2 2 2 2 2 1 1 2 1 2 1 1 1 1 1 2 1 2 1 1 1 1 1 2 1 1 1 1 1 2 1 2 1 1 1 1 1 1 2 1 1 1 2 2 1 1 1 1 1 1 </vcount>
          <v>0 0 1 1 0 2 1 3 0 4 1 5 2 6 0 7 1 8 0 9 1 10 1 11 0 12 1 13 1 14 1 15 0 16 2 17 0 18 1 19 0 20 0 21 1 22 1 23 0 24 1 25 1 26 1 27 1 28 1 29 0 30 2 31 0 32 2 33 0 34 2 35 0 36 1 37 0 38 2 39 0 40 2 41 3 42 0 43 2 44 3 45 1 46 1 47 1 48 0 49 1 50 1 51 1 52 1 53 2 54 3 55 2 56 3 57 2 58 3 59 2 60 3 61 1 62 1 63 1 64 1 65 1 66 2 67 3 68 2 69 3 70 2 71 3 72 1 73 1 74 2 75 3 76 2 77 3 78 4 79 3 80 3 81 3 82 2 83 3 84 4 85 2 86 3 87 2 88 3 89 0 90 2 91 3 92 0 93 2 94 3 95 3 96 4 97 3 98 0 99 1 100 2 101 3 102 0 103 2 104 3 105 0 106 1 107 2 108 3 109 0 110 0 111 2 112 0 113 1 114 0 115 1 116 0 117 2 118 0 119 2 120 0 121 2 122 2 123 3 124 2 125 3 126 3 127 0 128 1 129 0 130 1 131 1 132 0 133 1 134 2 135 2 136 3 137 2 138 3 139 4 140 0 141 1 142 1 143 1 144 0 145 1 146 2 147 3 148 0 149 1 150 1 151 1 152 1 153 1 154 0 155 1 156 1 157 1 158 1 159 1 160 1 161 1 162 1 163 1 164 1 165 1 166 1 167 1 168 1 169 1 170 3 171 4 172 3 173 4 174 2 175 3 176 4 177 3 178 4 179 5 180 3 181 4 182 3 183 4 184 3 185 4 186 3 187 4 188 3 189 4 190 2 191 3 192 4 193 3 194 4 195 5 196 4 197 3 198 4 199 4 200 3 201 4 202 4 203 4 204 3 205 4 206 2 207 3 208 3 209 4 210 3 211 5 212 4 213 4 214 4 215 3 216 4 217 4 218 3 219 4 220 3 221 3 222 6 223 6 224 4 225 4 226 4 227 4 228 6 229 3 230 7 231 8 232 4 233 3 234 7 235 8 236 6 237 6 238 4 239 6 240 4 241 6 242 6 243 6 244 9 245 10 246 5 247 9 248 10 249 9 250 10 251 9 252 10 253 9 254 10 255 9 256 10 257 10 258 10 259 10 260 5 261 9 262 9 263 5 264 9 265 9 266 10 267 9 268 10 269 10 270 5 271 9 272 5 273 9 274 10 275 10 276 10 277 10 278 9 279 10 280 10 281 10 282 3 283 5 284 3 285 5 286 9 287 10 288 10 289 10 290 5 291 9 292 9 293 10 294 3 295 5 296 9 297 3 298 5 299 9 300 10 301 10 302 3 303 5 304 10 305 10 306 10 307 10 308 3 309 5 310 3 311 5 312 3 313 5 314 3 315 5 316 3 317 5 318 3 319 4 320 5 321 10 322 10 323 10 324 3 325 3 326 5 327 3 328 5 329 9 330 3 331 5 332 9 333 3 334 5 335 3 336 3 337 4 338 3 339 4 340 5 341 3 342 3 343 9 344 10 345 9 346 10 347 3 348 3 349 5 350 9 351 10 352 9 353 10 354 5 355 9 356 3 357 5 358 3 359 5 360 3 361 5 362 3 363 9 364 10 365 10 366 9 367 9 368 10 369 3 370 4 371 5 372 3 373 5 374 3 375 5 376 10 377 10 378 5 379 9 380 9 381 10 382 5 383 9 384 10 385 10 386 10 387 5 388 9 389 10 390 5 391 9 392 10 393 5 394 9 395 10 396 9 397 10 398 10 399 9 400 10 401 10 402 10 403 10 404 9 405 10 406 10 407 10 408 10 409 10 410 10 411 10 412 10 413 10 414 10 415 11 416 12 417 11 418 13 419 11 420 13 421 11 422 13 423 11 424 12 425 11 426 12 427 11 428 12 429 11 430 12 431 11 432 12 433 11 434 13 435 13 436 13 437 11 438 12 439 11 440 13 441 11 442 12 443 4 444 13 445 13 446 4 447 13 448 11 449 12 450 11 451 12 452 11 453 12 454 11 455 12 456 4 457 13 458 4 459 13 460 4 461 11 462 12 463 11 464 13 465 11 466 12 467 11 468 12 469 11 470 12 471 11 472 12 473 4 474 13 475 4 476 13 477 4 478 11 479 12 480 11 481 12 482 11 483 12 484 11 485 12 486 4 487 4 488 13 489 4 490 13 491 12 492 12 493 12 494 11 495 13 496 4 497 12 498 14 499 6 500 14 501 6 502 14 503 6 504 14 505 6 506 14 507 6 508 14 509 6 510 14 511 6 512 14 513 6 514 14 515 6 516 14 517 6 518 14 519 6 520 14 521 6 522 14 523 6 524 14 525 6 526 14 527 6 528 14 529 6 530 14 531 6 532 14 533 6 534 14 535 6 536 14 537 6 538 14 539 6 540 14 541 6 542 14 543 6 544 14 545 6 546 14 547 6 548 14 549 6 550 14 551 6 552 14 553 6 554 14 555 6 556 14 557 6 558 14 559 6 560 14 561 6 562 14 563 6 564 14 565 6 566 14 567 6 568 14 569 6 570 14 571 6 572 14 573 6 574 14 575 6 576 14 577 6 578 14 579 6 580 14 581 6 582 14 583 6 584 14 585 6 586 14 587 6 588 14 589 6 590 14 591 6 592 14 593 6 594 14 595 6 596 14 597 6 598 14 599 6 600 14 601 6 602 14 603 6 604 14 605 6 606 14 607 6 608 14 609 6 610 14 611 6 612 14 613 6 614 14 615 6 616 14 617 6 618 14 619 6 620 14 621 6 622 14 623 6 624 14 625 6 626 6 627 14 628 6 629 6 630 14 631 6 632 6 633 14 634 6 635 14 636 6 637 6 638 6 639 14 640 6 641 6 642 6 643 6 644 6 645 6 646 6 647 6 648 6 649 6 650 6 651 6 652 6 653 6 654 6 655 6 656 6 657 3 658 8 659 3 660 8 661 3 662 8 663 3 664 3 665 8 666 3 667 8 668 8 669 15 670 8 671 15 672 8 673 15 674 3 675 8 676 3 677 8 678 15 679 3 680 8 681 3 682 8 683 15 684 8 685 15 686 3 687 7 688 8 689 3 690 7 691 8 692 3 693 8 694 3 695 8 696 15 697 8 698 15 699 8 700 15 701 8 702 15 703 8 704 15 705 3 706 8 707 15 708 3 709 8 710 15 711 15 712 8 713 15 714 8 715 15 716 8 717 15 718 8 719 15 720 8 721 15 722 8 723 15 724 8 725 15 726 8 727 15 728 15 729 8 730 15 731 3 732 7 733 7 734 16 735 3 736 7 737 7 738 16 739 3 740 7 741 7 742 16 743 3 744 7 745 3 746 7 747 3 748 7 749 16 750 7 751 16 752 3 753 7 754 3 755 7 756 3 757 7 758 8 759 3 760 7 761 16 762 7 763 16 764 3 765 3 766 3 767 7 768 3 769 3 770 7 771 16 772 7 773 16 774 7 775 16 776 7 777 16 778 7 779 16 780 3 781 7 782 8 783 7 784 16 785 16 786 7 787 16 788 7 789 16 790 7 791 16 792 7 793 16 794 16 795 7 796 16 797 7 798 16 799 7 800 16 801 7 802 16 803 7 804 16 805 17 806 18 807 17 808 18 809 17 810 19 811 17 812 18 813 17 814 19 815 17 816 18 817 17 818 19 819 17 820 18 821 17 822 18 823 17 824 19 825 17 826 18 827 19 828 17 829 19 830 19 831 17 832 18 833 17 834 18 835 17 836 18 837 17 838 18 839 19 840 4 841 19 842 17 843 18 844 17 845 18 846 17 847 18 848 17 849 19 850 17 851 18 852 4 853 19 854 4 855 19 856 4 857 17 858 18 859 17 860 18 861 17 862 18 863 17 864 18 865 17 866 19 867 4 868 19 869 19 870 4 871 17 872 18 873 18 874 17 875 18 876 18 877 19 878 4 879 18 880 18 881 4 882 19 883 4 884 4 885 19 886 4 887 4 888 6 889 6 890 6 891 6 892 14 893 6 894 6 895 6 896 6 897 6 898 6 899 14 900 6 901 6 902 14 903 6 904 6 905 6 906 6 907 6 908 6 909 6 910 14 911 6 912 6 913 6 914 6 915 14 916 6 917 14 918 6 919 6 920 6 921 6 922 6 923 6 924</v>
        </vertex_weights>
      </skin>
    </controller>
  </library_controllers>
  <library_visual_scenes>
    <visual_scene id="Scene" name="Scene">
      <node id="Armature" name="Armature" type="NODE">
        <matrix sid="transform">1 0 0 0 0 -1.62921e-7 -1 0 0 1 -1.62921e-7 0 0 0 0 1</matrix>
        <node id="Armature_Skl_Root" name="Skl_Root" sid="Skl_Root" type="JOINT">
          <matrix sid="transform">1 0 0 0 0 1 0 0 0 0 1 0 0 0 0 1</matrix>
          <node id="Armature_Gun" name="Gun" sid="Gun" type="JOINT">
            <matrix sid="transform">1 0 0 -3.63798e-12 0 0.9999999 0 -7.24358 0 0 1 -0.147818 0 0 0 1</matrix>
            <extra>
              <technique profile="blender">
                <layer sid="layer" type="string">0</layer>
                <tip_x sid="tip_x" type="float">0</tip_x>
                <tip_y sid="tip_y" type="float">1.131565</tip_y>
                <tip_z sid="tip_z" type="float">0</tip_z>
              </technique>
            </extra>
          </node>
          <node id="Armature_Shadow" name="Shadow" sid="Shadow" type="JOINT">
            <matrix sid="transform">1 0 0 0 0 1 0 0 0 0 1 0 0 0 0 1</matrix>
            <extra>
              <technique profile="blender">
                <layer sid="layer" type="string">0</layer>
                <tip_x sid="tip_x" type="float">0</tip_x>
                <tip_y sid="tip_y" type="float">1.131565</tip_y>
                <tip_z sid="tip_z" type="float">0</tip_z>
              </technique>
            </extra>
          </node>
          <node id="Armature_Waist" name="Waist" sid="Waist" type="JOINT">
            <matrix sid="transform">1 0 0 1.81899e-12 0 1 0 6.864851 0 0 1 1.33868 0 0 0 1</matrix>
            <node id="Armature_Leg_1_L" name="Leg_1_L" sid="Leg_1_L" type="JOINT">
              <matrix sid="transform">1 0 0 1.037056 0 1 0 -1.292755 0 0 1 0 0 0 0 1</matrix>
              <node id="Armature_Leg_2_L" name="Leg_2_L" sid="Leg_2_L" type="JOINT">
                <matrix sid="transform">1 0 0 0.6388556 0 1 0 -2.186876 0 0 1 0 0 0 0 1</matrix>
                <node id="Armature_Leg_3_L" name="Leg_3_L" sid="Leg_3_L" type="JOINT">
                  <matrix sid="transform">1 0 0 -0.3108382 0 1 0 -2.912177 0 0 1 0 0 0 0 1</matrix>
                  <extra>
                    <technique profile="blender">
                      <layer sid="layer" type="string">0</layer>
                      <tip_x sid="tip_x" type="float">0</tip_x>
                      <tip_y sid="tip_y" type="float">1.131565</tip_y>
                      <tip_z sid="tip_z" type="float">0</tip_z>
                    </technique>
                  </extra>
                </node>
                <extra>
                  <technique profile="blender">
                    <layer sid="layer" type="string">0</layer>
                    <tip_x sid="tip_x" type="float">0</tip_x>
                    <tip_y sid="tip_y" type="float">1.131565</tip_y>
                    <tip_z sid="tip_z" type="float">0</tip_z>
                  </technique>
                </extra>
              </node>
              <extra>
                <technique profile="blender">
                  <layer sid="layer" type="string">0</layer>
                  <tip_x sid="tip_x" type="float">0</tip_x>
                  <tip_y sid="tip_y" type="float">1.131565</tip_y>
                  <tip_z sid="tip_z" type="float">0</tip_z>
                </technique>
              </extra>
            </node>
            <node id="Armature_Leg_1_R" name="Leg_1_R" sid="Leg_1_R" type="JOINT">
              <matrix sid="transform">-1 0 3.48886e-6 -1.037065 0 1 0 -1.292747 -3.48886e-6 0 -1 -2.6226e-6 0 0 0 1</matrix>
              <node id="Armature_Leg_2_R" name="Leg_2_R" sid="Leg_2_R" type="JOINT">
                <matrix sid="transform">1 0 4.76837e-7 0.638888 0 1 0 -2.186867 -4.76837e-7 0 1 -2.39009e-6 0 0 0 1</matrix>
                <node id="Armature_Leg_3_R" name="Leg_3_R" sid="Leg_3_R" type="JOINT">
                  <matrix sid="transform">1 0 8.11259e-5 -0.3108047 0 1 0 -2.912191 -8.11259e-5 0 1 -1.96609e-6 0 0 0 1</matrix>
                  <extra>
                    <technique profile="blender">
                      <layer sid="layer" type="string">0</layer>
                      <roll sid="roll" type="float">-3.141515</roll>
                      <tip_x sid="tip_x" type="float">0</tip_x>
                      <tip_y sid="tip_y" type="float">1.131565</tip_y>
                      <tip_z sid="tip_z" type="float">0</tip_z>
                    </technique>
                  </extra>
                </node>
                <extra>
                  <technique profile="blender">
                    <layer sid="layer" type="string">0</layer>
                    <roll sid="roll" type="float">3.14159</roll>
                    <tip_x sid="tip_x" type="float">0</tip_x>
                    <tip_y sid="tip_y" type="float">1.131564</tip_y>
                    <tip_z sid="tip_z" type="float">0</tip_z>
                  </technique>
                </extra>
              </node>
              <extra>
                <technique profile="blender">
                  <layer sid="layer" type="string">0</layer>
                  <roll sid="roll" type="float">3.141589</roll>
                  <tip_x sid="tip_x" type="float">0</tip_x>
                  <tip_y sid="tip_y" type="float">1.131565</tip_y>
                  <tip_z sid="tip_z" type="float">0</tip_z>
                </technique>
              </extra>
            </node>
            <node id="Armature_Spine" name="Spine" sid="Spine" type="JOINT">
              <matrix sid="transform">1 0 0 8.45264e-6 0 0.9999999 0 2.33499 0 0 1 0 0 0 0 1</matrix>
              <node id="Armature_Arm_1_L" name="Arm_1_L" sid="Arm_1_L" type="JOINT">
                <matrix sid="transform">1 0 0 0.7599922 0 1 0 0.8383617 0 0 1 0 0 0 0 1</matrix>
                <node id="Armature_Arm_2_L" name="Arm_2_L" sid="Arm_2_L" type="JOINT">
                  <matrix sid="transform">1 0 0 2.580811 0 1 0 -2.47955e-5 0 0 1 0 0 0 0 1</matrix>
                  <node id="Armature_Hand_L" name="Hand_L" sid="Hand_L" type="JOINT">
                    <matrix sid="transform">1 0 0 2 0 1 0 -2.00272e-5 0 0 1 0 0 0 0 1</matrix>
                    <extra>
                      <technique profile="blender">
                        <layer sid="layer" type="string">0</layer>
                        <tip_x sid="tip_x" type="float">0</tip_x>
                        <tip_y sid="tip_y" type="float">1.131564</tip_y>
                        <tip_z sid="tip_z" type="float">0</tip_z>
                      </technique>
                    </extra>
                  </node>
                  <extra>
                    <technique profile="blender">
                      <layer sid="layer" type="string">0</layer>
                      <tip_x sid="tip_x" type="float">0</tip_x>
                      <tip_y sid="tip_y" type="float">1.131565</tip_y>
                      <tip_z sid="tip_z" type="float">0</tip_z>
                    </technique>
                  </extra>
                </node>
                <extra>
                  <technique profile="blender">
                    <layer sid="layer" type="string">0</layer>
                    <tip_x sid="tip_x" type="float">0</tip_x>
                    <tip_y sid="tip_y" type="float">1.131565</tip_y>
                    <tip_z sid="tip_z" type="float">0</tip_z>
                  </technique>
                </extra>
              </node>
              <node id="Armature_Arm_1_R" name="Arm_1_R" sid="Arm_1_R" type="JOINT">
                <matrix sid="transform">-1 0 -1.50996e-7 -0.7599819 0 1 0 0.8383732 1.50996e-7 0 -1 -2.26498e-6 0 0 0 1</matrix>
                <node id="Armature_Arm_2_R" name="Arm_2_R" sid="Arm_2_R" type="JOINT">
                  <matrix sid="transform">1 0 -6.3573e-8 2.580811 0 1 0 2.47955e-5 6.3573e-8 0 1 1.33891e-6 0 0 0 1</matrix>
                  <node id="Armature_Hand_R" name="Hand_R" sid="Hand_R" type="JOINT">
                    <matrix sid="transform">1 0 0 1.999999 0 1 0 1.90735e-5 0 0 1 2.28487e-7 0 0 0 1</matrix>
                    <extra>
                      <technique profile="blender">
                        <layer sid="layer" type="string">0</layer>
                        <roll sid="roll" type="float">3.141593</roll>
                        <tip_x sid="tip_x" type="float">0</tip_x>
                        <tip_y sid="tip_y" type="float">1.131565</tip_y>
                        <tip_z sid="tip_z" type="float">0</tip_z>
                      </technique>
                    </extra>
                  </node>
                  <extra>
                    <technique profile="blender">
                      <layer sid="layer" type="string">0</layer>
                      <roll sid="roll" type="float">3.141593</roll>
                      <tip_x sid="tip_x" type="float">0</tip_x>
                      <tip_y sid="tip_y" type="float">1.131565</tip_y>
                      <tip_z sid="tip_z" type="float">0</tip_z>
                    </technique>
                  </extra>
                </node>
                <extra>
                  <technique profile="blender">
                    <layer sid="layer" type="string">0</layer>
                    <roll sid="roll" type="float">3.141593</roll>
                    <tip_x sid="tip_x" type="float">0</tip_x>
                    <tip_y sid="tip_y" type="float">1.131565</tip_y>
                    <tip_z sid="tip_z" type="float">0</tip_z>
                  </technique>
                </extra>
              </node>
              <node id="Armature_Head_1" name="Head_1" sid="Head_1" type="JOINT">
                <matrix sid="transform">1 0 0 1.24536e-5 0 1 0 2.023269 0 0 1 0 0 0 0 1</matrix>
                <node id="Armature_Eye" name="Eye" sid="Eye" type="JOINT">
                  <matrix sid="transform">-4.37114e-8 0 -0.9999999 1.77762e-5 0 0.9999998 0 2.888014 0.9999999 0 -4.37114e-8 3.39908 0 0 0 1</matrix>
                  <extra>
                    <technique profile="blender">
                      <layer sid="layer" type="string">0</layer>
                      <roll sid="roll" type="float">-1.570796</roll>
                      <tip_x sid="tip_x" type="float">0</tip_x>
                      <tip_y sid="tip_y" type="float">1.131565</tip_y>
                      <tip_z sid="tip_z" type="float">0</tip_z>
                    </technique>
                  </extra>
                </node>
                <node id="Armature_Head_2" name="Head_2" sid="Head_2" type="JOINT">
                  <matrix sid="transform">1 0 0 1.97215e-5 0 1 0 3.204062 0 0 1 0 0 0 0 1</matrix>
                  <extra>
                    <technique profile="blender">
                      <layer sid="layer" type="string">0</layer>
                      <tip_x sid="tip_x" type="float">0</tip_x>
                      <tip_y sid="tip_y" type="float">1.131565</tip_y>
                      <tip_z sid="tip_z" type="float">0</tip_z>
                    </technique>
                  </extra>
                </node>
                <extra>
                  <technique profile="blender">
                    <layer sid="layer" type="string">0</layer>
                    <tip_x sid="tip_x" type="float">0</tip_x>
                    <tip_y sid="tip_y" type="float">1.131564</tip_y>
                    <tip_z sid="tip_z" type="float">0</tip_z>
                  </technique>
                </extra>
              </node>
              <extra>
                <technique profile="blender">
                  <layer sid="layer" type="string">0</layer>
                  <tip_x sid="tip_x" type="float">0</tip_x>
                  <tip_y sid="tip_y" type="float">1.131565</tip_y>
                  <tip_z sid="tip_z" type="float">0</tip_z>
                </technique>
              </extra>
            </node>
            <node id="Armature_Tail_1_L" name="Tail_1_L" sid="Tail_1_L" type="JOINT">
              <matrix sid="transform">-5.88497e-6 0 1 0.6808484 0 0.9999999 0 -0.9748607 -1 0 -5.88497e-6 -1.478359 0 0 0 1</matrix>
              <node id="Armature_Tail_2_L" name="Tail_2_L" sid="Tail_2_L" type="JOINT">
                <matrix sid="transform">1 0 -2.38419e-6 1.098087 0 1 0 -5.460658 2.38419e-6 0 1 -1.32918e-5 0 0 0 1</matrix>
                <extra>
                  <technique profile="blender">
                    <layer sid="layer" type="string">0</layer>
                    <roll sid="roll" type="float">1.5708</roll>
                    <tip_x sid="tip_x" type="float">0</tip_x>
                    <tip_y sid="tip_y" type="float">1.131565</tip_y>
                    <tip_z sid="tip_z" type="float">0</tip_z>
                  </technique>
                </extra>
              </node>
              <extra>
                <technique profile="blender">
                  <layer sid="layer" type="string">0</layer>
                  <roll sid="roll" type="float">1.570802</roll>
                  <tip_x sid="tip_x" type="float">0</tip_x>
                  <tip_y sid="tip_y" type="float">1.131565</tip_y>
                  <tip_z sid="tip_z" type="float">0</tip_z>
                </technique>
              </extra>
            </node>
            <node id="Armature_Tail_1_R" name="Tail_1_R" sid="Tail_1_R" type="JOINT">
              <matrix sid="transform">2.81731e-6 0 1 -0.6808555 0 1 0 -0.9748526 -1 0 2.81731e-6 -1.478359 0 0 0 1</matrix>
              <node id="Armature_Tail_2_R" name="Tail_2_R" sid="Tail_2_R" type="JOINT">
                <matrix sid="transform">0.9999999 0 -3.68357e-4 1.098086 0 1 0 -5.460657 3.68357e-4 0 0.9999999 -3.63588e-5 0 0 0 1</matrix>
                <extra>
                  <technique profile="blender">
                    <layer sid="layer" type="string">0</layer>
                    <roll sid="roll" type="float">1.570425</roll>
                    <tip_x sid="tip_x" type="float">0</tip_x>
                    <tip_y sid="tip_y" type="float">1.131565</tip_y>
                    <tip_z sid="tip_z" type="float">0</tip_z>
                  </technique>
                </extra>
              </node>
              <extra>
                <technique profile="blender">
                  <layer sid="layer" type="string">0</layer>
                  <roll sid="roll" type="float">1.570793</roll>
                  <tip_x sid="tip_x" type="float">0</tip_x>
                  <tip_y sid="tip_y" type="float">1.131565</tip_y>
                  <tip_z sid="tip_z" type="float">0</tip_z>
                </technique>
              </extra>
            </node>
            <extra>
              <technique profile="blender">
                <layer sid="layer" type="string">0</layer>
                <tip_x sid="tip_x" type="float">0</tip_x>
                <tip_y sid="tip_y" type="float">1.131565</tip_y>
                <tip_z sid="tip_z" type="float">0</tip_z>
              </technique>
            </extra>
          </node>
          <extra>
            <technique profile="blender">
              <layer sid="layer" type="string">0</layer>
              <tip_x sid="tip_x" type="float">0</tip_x>
              <tip_y sid="tip_y" type="float">1.131565</tip_y>
              <tip_z sid="tip_z" type="float">0</tip_z>
            </technique>
          </extra>
        </node>
        <node id="Skl_Root__EnAlienA00" name="Skl_Root__EnAlienA00" type="NODE">
          <matrix sid="transform">1 0 0 0 0 1 0 0 0 0 1 0 0 0 0 1</matrix>
          <instance_controller url="#Armature_Skl_Root__EnAlienA00-skin">
            <skeleton>#Armature_Skl_Root</skeleton>
            <bind_material>
              <technique_common>
                <instance_material symbol="EnAlienA00-material" target="#EnAlienA00-material">
                  <bind_vertex_input semantic="Skl_Root__EnAlienA00-texcoord" input_semantic="TEXCOORD" input_set="0"/>
                </instance_material>
              </technique_common>
            </bind_material>
          </instance_controller>
        </node>
        <node id="Eye__EnFace00" name="Eye__EnFace00" type="NODE">
          <matrix sid="transform">1 0 0 0 0 1 0 0 0 0 1 0 0 0 0 1</matrix>
          <instance_controller url="#Armature_Eye__EnFace00-skin">
            <skeleton>#Armature_Skl_Root</skeleton>
            <bind_material>
              <technique_common>
                <instance_material symbol="EnFace00-material" target="#EnFace00-material">
                  <bind_vertex_input semantic="Eye__EnFace00-texcoord" input_semantic="TEXCOORD" input_set="0"/>
                </instance_material>
              </technique_common>
            </bind_material>
          </instance_controller>
        </node>
        <node id="Eye__EnFace01" name="Eye__EnFace01" type="NODE">
          <matrix sid="transform">1 0 0 0 0 1 0 0 0 0 1 0 0 0 0 1</matrix>
          <instance_controller url="#Armature_Eye__EnFace01-skin">
            <skeleton>#Armature_Skl_Root</skeleton>
            <bind_material>
              <technique_common>
                <instance_material symbol="EnFace01-material" target="#EnFace01-material">
                  <bind_vertex_input semantic="Eye__EnFace01-texcoord" input_semantic="TEXCOORD" input_set="0"/>
                </instance_material>
              </technique_common>
            </bind_material>
          </instance_controller>
        </node>
        <node id="Gun__EnAlienA01" name="Gun__EnAlienA01" type="NODE">
          <matrix sid="transform">1 0 0 0 0 1 0 0 0 0 1 0 0 0 0 1</matrix>
          <instance_controller url="#Armature_Gun__EnAlienA01-skin">
            <skeleton>#Armature_Skl_Root</skeleton>
            <bind_material>
              <technique_common>
                <instance_material symbol="EnAlienA01-material" target="#EnAlienA01-material">
                  <bind_vertex_input semantic="Gun__EnAlienA01-texcoord" input_semantic="TEXCOORD" input_set="0"/>
                </instance_material>
              </technique_common>
            </bind_material>
          </instance_controller>
        </node>
        <node id="Shadow__EnShadow" name="Shadow__EnShadow" type="NODE">
          <matrix sid="transform">1 0 0 0 0 1 0 0 0 0 1 0 0 0 0 1</matrix>
          <instance_controller url="#Armature_Shadow__EnShadow-skin">
            <skeleton>#Armature_Skl_Root</skeleton>
            <bind_material>
              <technique_common>
                <instance_material symbol="EnShadow-material" target="#EnShadow-material">
                  <bind_vertex_input semantic="Shadow__EnShadow-texcoord" input_semantic="TEXCOORD" input_set="0"/>
                </instance_material>
              </technique_common>
            </bind_material>
          </instance_controller>
        </node>
      </node>
    </visual_scene>
  </library_visual_scenes>
  <scene>
    <instance_visual_scene url="#Scene"/>
  </scene>
</COLLADA>